newman

Marvel APIs

Iteration 1/5

❏ Pepper-GS32 / Regression-Test / Appraiser
↳ Appraise market value
  ┌
  │ '🔐 AUTH_BASIC_HEADER generado en environment'
  │ '🌎 COUNTRY: AR'
  │ '🧰 Helpers cargados: assertBase, assertListMeta, asse
  │ rtItemsSendRequest, assertCatalogItem, assertSensitivi
  │ ty, assertTradableSecurityList'
  │ '▶ [undefined] Ejecutando con ticker: AL30'
  └
  GET https://api.staging.mercap.com.ar/tradable-securities?query=AL30&tradeDate=2026-09-16 [errored]
     ESOCKETTIMEDOUT
  POST https://api.staging.mercap.com.ar/appraiser [200 OK, 772B, 494ms]
  ┌
  │ 'Response received successfully.'
  └
  ✓  Response is received
  ┌
  │ 'Status code is 200.'
  └
  ✓  Status code is 200
  ┌
  │ 'Content-Type header is correct.'
  └
  ✓  Media-Type is correct
  2. Result is a non-empty array
  3. Each result object has expected properties
  4. Value amount is positive
  5. Instrument URL is correct
  6. Unit URL in every is correct
  7. Validate that 'amount' is either 100 or 1000
  8. Validate that 'type' is instrument quote

❏ Pepper-GS32 / Regression-Test / Bonds
↳ All bonds - deault parameters
  ┌
  │ '▶ [undefined] Ejecutando con ticker: AL30'
  └
  GET https://api.staging.mercap.com.ar/tradable-securities?query=AL30&tradeDate=2026-09-16 [errored]
     ESOCKETTIMEDOUT
  GET https://api.staging.mercap.com.ar/bonds [errored]
     ESOCKETTIMEDOUT
 11⠄ JSONError in test-script

↳ All bonds - deault parameters - bond+json
  ┌
  │ '▶ [undefined] Ejecutando con ticker: AL30'
  └
  GET https://api.staging.mercap.com.ar/tradable-securities?query=AL30&tradeDate=2026-09-16 [200 OK, 2.63kB, 179ms]
  ┌
  │ '🔎 SHORT_NAME: AL30'
  └
  GET https://api.staging.mercap.com.ar/bonds [errored]
     ESOCKETTIMEDOUT
 13⠄ JSONError in test-script

↳ All bonds - for issuer
  ┌
  │ '▶ [undefined] Ejecutando con ticker: AL30'
  └
  GET https://api.staging.mercap.com.ar/tradable-securities?query=AL30&tradeDate=2026-09-16 [200 OK, 2.64kB, 333ms]
  ┌
  │ '🔎 SHORT_NAME: AL30'
  └
  GET https://api.staging.mercap.com.ar/instrument-issuers [errored]
     ESOCKETTIMEDOUT
  ┌
  │ {
  │   code: 'ESOCKETTIMEDOUT',
  │   connect: false
  │ }
  └
  GET https://api.staging.mercap.com.ar/bonds?issuer={{issuer}} [200 OK, 775B, 6.2s]
  ┌
  │ 'Status code is 200.'
  └
  ✓  Status code is 200
  ┌
  │ 'Content-Type header is correct.'
  └
  ✓  Media-Type is correct
  ┌
  │ "Error in 'items' array test:", {
  │   name: 'AssertionError',
  │   message: 'expected [] not to be empty',
  │   showDiff: false,
  │   actual: [],
  │   expected: undefined,
  │   operator: 'notStrictEqual',
  │   stack: 'Error: expected [] not to be empty\n' +
  │     '    at eval (eval at exec (evalmachine.<anonymous
  │ >:66:1819788), <anonymous>:30:82)\n' +
  │     '    at e.test (evalmachine.<anonymous>:66:11582)\
  │ n' +
  │     '    at Object.eval (eval at exec (evalmachine.<an
  │ onymous>:66:1819788), <anonymous>:28:4)\n' +
  │     '    at u.exec (evalmachine.<anonymous>:66:1819823
  │ )\n' +
  │     '    at t.exports (evalmachine.<anonymous>:66:5848
  │ )\n' +
  │     '    at Object.<anonymous> (evalmachine.<anonymous
  │ >:66:8247)\n' +
  │     '    at evalmachine.<anonymous>:15:26\n' +
  │     '    at Array.forEach (<anonymous>)\n' +
  │     '    at Object.emit (evalmachine.<anonymous>:14:59
  │ )\n' +
  │     '    at evalmachine.<anonymous>:59:24'
  │ }
  │ 'Response body:', '{"items":[],"links":{"self":"https:
  │ //api.staging.mercap.com.ar/bonds?issuer=%7B%7Bissuer%
  │ 7D%7D"}}'
  └
 15. Response contains 'items' array with elements
 16. Each bond has required properties
 17. Each bond property has the correct format
  ┌
  │ 'Error validating links:', {
  │   name: 'AssertionError',
  │   message: 'expected [] not to be empty',
  │   showDiff: false,
  │   actual: [],
  │   expected: undefined,
  │   operator: 'notStrictEqual',
  │   stack: 'Error: expected [] not to be empty\n' +
  │     '    at eval (eval at exec (evalmachine.<anonymous
  │ >:66:1819788), <anonymous>:95:44)\n' +
  │     '    at e.test (evalmachine.<anonymous>:66:11582)\
  │ n' +
  │     '    at Object.eval (eval at exec (evalmachine.<an
  │ onymous>:66:1819788), <anonymous>:91:4)\n' +
  │     '    at u.exec (evalmachine.<anonymous>:66:1819823
  │ )\n' +
  │     '    at t.exports (evalmachine.<anonymous>:66:5848
  │ )\n' +
  │     '    at Object.<anonymous> (evalmachine.<anonymous
  │ >:66:8247)\n' +
  │     '    at evalmachine.<anonymous>:15:26\n' +
  │     '    at Array.forEach (<anonymous>)\n' +
  │     '    at Object.emit (evalmachine.<anonymous>:14:59
  │ )\n' +
  │     '    at evalmachine.<anonymous>:59:24'
  │ }
  │ 'Response body:', '{"items":[],"links":{"self":"https:
  │ //api.staging.mercap.com.ar/bonds?issuer=%7B%7Bissuer%
  │ 7D%7D"}}'
  └
 18. Links are valid URLs
  GET {{issuer}} [errored]
     getaddrinfo ENOTFOUND {{issuer}}
  ┌
  │ {
  │   errno: -3008,
  │   code: 'ENOTFOUND',
  │   syscall: 'getaddrinfo',
  │   hostname: '{{issuer}}'
  │ }
  └
 20. validar que solo devuelva items asociados al issuer enviado por parametro

↳ All bonds - for issuer - bond+json
  ┌
  │ '▶ [undefined] Ejecutando con ticker: AL30'
  └
  GET https://api.staging.mercap.com.ar/tradable-securities?query=AL30&tradeDate=2026-09-16 [200 OK, 2.63kB, 66ms]
  ┌
  │ '🔎 SHORT_NAME: AL30'
  └
  GET https://api.staging.mercap.com.ar/instrument-issuers [200 OK, 135.59kB, 16s]
  ┌
  │ 'https://api.staging.mercap.com.ar/instrument-issuers/
  │ 89874250-34f0-4358-a261-c13ce5bac46a'
  └
  GET https://api.staging.mercap.com.ar/bonds?issuer=https://api.staging.mercap.com.ar/instrument-issuers/89874250-34f0-4358-a261-c13ce5bac46a [200 OK, 32.65kB, 3.1s]
  ✓  Status code is 200
  ✓  Media-Type is correct
  ✓  Response contains 'items' array with elements
  ✓  Each bond has required properties
  ✓  Each bond property has the correct format
  ✓  Links are valid URLs
  ✓  validar que solo devuelva items asociados al issuer enviado por parametro
  ✓  cashflowUnits: estructura válida por variante

↳ All bonds - start & limit parameters
  ┌
  │ '▶ [undefined] Ejecutando con ticker: AL30'
  └
  GET https://api.staging.mercap.com.ar/tradable-securities?query=AL30&tradeDate=2026-09-16 [200 OK, 2.63kB, 60ms]
  ┌
  │ '🔎 SHORT_NAME: AL30'
  └
  GET https://api.staging.mercap.com.ar/bonds?limit=5&start=2 [200 OK, 4.3kB, 183ms]
  ┌
  │ 'Response received successfully.'
  └
  ✓  Response is received
  ┌
  │ 'Status code is 200.'
  └
  ✓  Status code is 200
  ┌
  │ 'Content-Type header is correct.'
  └
  ✓  Media-Type is correct
  ┌
  │ "'items' array is present and not empty."
  └
  ✓  Response contains 'items' array with elements
  ┌
  │ 'Bond 0 validated successfully.'
  │ 'Bond 1 validated successfully.'
  │ 'Bond 2 validated successfully.'
  │ 'Bond 3 validated successfully.'
  │ 'Bond 4 validated successfully.'
  └
  ✓  Each bond has required properties
  ┌
  │ 'Bond 0: shortName is valid: BVCPO'
  │ 'Bond 0: name is valid: \tBST 2026 U$S 8 % (BVCPO)'
  │ 'Bond 0: debtType is valid: Obligación Negociable'
  │ 'Bond 0: links object is present.'
  │ 'Bond 0: coupons link is valid: https://api.staging.me
  │ rcap.com.ar/bonds/5b5084c6-16b3-49f8-9bed-ee122ebeef11
  │ /coupons'
  │ 'Bond 0: identifiers link is valid: https://api.stagin
  │ g.mercap.com.ar/bonds/5b5084c6-16b3-49f8-9bed-ee122ebe
  │ ef11/identifiers'
  │ 'Bond 0: self link is valid: https://api.staging.merca
  │ p.com.ar/bonds/5b5084c6-16b3-49f8-9bed-ee122ebeef11'
  │ 'Bond 0: issueConditions link is valid: https://api.st
  │ aging.mercap.com.ar/bonds/5b5084c6-16b3-49f8-9bed-ee12
  │ 2ebeef11/issue-conditions'
  │ 'Bond 0: paymentSummary link is valid: https://api.sta
  │ ging.mercap.com.ar/bonds/5b5084c6-16b3-49f8-9bed-ee122
  │ ebeef11/payment-summary'
  │ 'Bond 1: shortName is valid: MR40O'
  │ 'Bond 1: name is valid: \tGEMSA 2031 u$s 11% (MR40O)'
  │ 'Bond 1: debtType is valid: Obligación Negociable'
  │ 'Bond 1: links object is present.'
  │ 'Bond 1: coupons link is valid: https://api.staging.me
  │ rcap.com.ar/bonds/aca1c2b2-0dda-4235-9f91-f61b2710a955
  │ /coupons'
  │ 'Bond 1: identifiers link is valid: https://api.stagin
  │ g.mercap.com.ar/bonds/aca1c2b2-0dda-4235-9f91-f61b2710
  │ a955/identifiers'
  │ 'Bond 1: self link is valid: https://api.staging.merca
  │ p.com.ar/bonds/aca1c2b2-0dda-4235-9f91-f61b2710a955'
  │ 'Bond 1: issueConditions link is valid: https://api.st
  │ aging.mercap.com.ar/bonds/aca1c2b2-0dda-4235-9f91-f61b
  │ 2710a955/issue-conditions'
  │ 'Bond 1: paymentSummary link is valid: https://api.sta
  │ ging.mercap.com.ar/bonds/aca1c2b2-0dda-4235-9f91-f61b2
  │ 710a955/payment-summary'
  │ 'Bond 2: shortName is valid: RES2P'
  │ 'Bond 2: name is valid: \tRECARD S.A 2028 $ Badlar+800
  │ bp (RES2P)'
  │ 'Bond 2: debtType is valid: Obligación Negociable'
  │ 'Bond 2: links object is present.'
  │ 'Bond 2: coupons link is valid: https://api.staging.me
  │ rcap.com.ar/bonds/467a0102-75f2-4b59-aa66-5d182e6c1d58
  │ /coupons'
  │ 'Bond 2: identifiers link is valid: https://api.stagin
  │ g.mercap.com.ar/bonds/467a0102-75f2-4b59-aa66-5d182e6c
  │ 1d58/identifiers'
  │ 'Bond 2: self link is valid: https://api.staging.merca
  │ p.com.ar/bonds/467a0102-75f2-4b59-aa66-5d182e6c1d58'
  │ 'Bond 2: issueConditions link is valid: https://api.st
  │ aging.mercap.com.ar/bonds/467a0102-75f2-4b59-aa66-5d18
  │ 2e6c1d58/issue-conditions'
  │ 'Bond 2: paymentSummary link is valid: https://api.sta
  │ ging.mercap.com.ar/bonds/467a0102-75f2-4b59-aa66-5d182
  │ e6c1d58/payment-summary'
  │ 'Bond 3: shortName is valid: TTCBO'
  │ 'Bond 3: name is valid: \tTecpetrol 2027 u$s 6.5% (TTC
  │ BO)'
  │ 'Bond 3: debtType is valid: Obligación Negociable'
  │ 'Bond 3: links object is present.'
  │ 'Bond 3: coupons link is valid: https://api.staging.me
  │ rcap.com.ar/bonds/ca619c61-beaf-4160-9bcc-b9df0e0e7938
  │ /coupons'
  │ 'Bond 3: identifiers link is valid: https://api.stagin
  │ g.mercap.com.ar/bonds/ca619c61-beaf-4160-9bcc-b9df0e0e
  │ 7938/identifiers'
  │ 'Bond 3: self link is valid: https://api.staging.merca
  │ p.com.ar/bonds/ca619c61-beaf-4160-9bcc-b9df0e0e7938'
  │ 'Bond 3: issueConditions link is valid: https://api.st
  │ aging.mercap.com.ar/bonds/ca619c61-beaf-4160-9bcc-b9df
  │ 0e0e7938/issue-conditions'
  │ 'Bond 3: paymentSummary link is valid: https://api.sta
  │ ging.mercap.com.ar/bonds/ca619c61-beaf-4160-9bcc-b9df0
  │ e0e7938/payment-summary'
  │ 'Bond 4: shortName is valid: GYC4O'
  │ 'Bond 4: name is valid: 360 ENERGY 2027 U$S 8% (GYC4O)
  │ '
  │ 'Bond 4: debtType is valid: Obligación Negociable'
  │ 'Bond 4: links object is present.'
  │ 'Bond 4: coupons link is valid: https://api.staging.me
  │ rcap.com.ar/bonds/935718fe-3140-424e-817d-3ba64bbc60a6
  │ /coupons'
  │ 'Bond 4: identifiers link is valid: https://api.stagin
  │ g.mercap.com.ar/bonds/935718fe-3140-424e-817d-3ba64bbc
  │ 60a6/identifiers'
  │ 'Bond 4: self link is valid: https://api.staging.merca
  │ p.com.ar/bonds/935718fe-3140-424e-817d-3ba64bbc60a6'
  │ 'Bond 4: issueConditions link is valid: https://api.st
  │ aging.mercap.com.ar/bonds/935718fe-3140-424e-817d-3ba6
  │ 4bbc60a6/issue-conditions'
  │ 'Bond 4: paymentSummary link is valid: https://api.sta
  │ ging.mercap.com.ar/bonds/935718fe-3140-424e-817d-3ba64
  │ bbc60a6/payment-summary'
  └
  ✓  Each bond property has the correct format
  ┌
  │ "Link 'coupons' in bond 0 is valid:", 'https://api.sta
  │ ging.mercap.com.ar/bonds/5b5084c6-16b3-49f8-9bed-ee122
  │ ebeef11/coupons'
  │ "Link 'identifiers' in bond 0 is valid:", 'https://api
  │ .staging.mercap.com.ar/bonds/5b5084c6-16b3-49f8-9bed-e
  │ e122ebeef11/identifiers'
  │ "Link 'self' in bond 0 is valid:", 'https://api.stagin
  │ g.mercap.com.ar/bonds/5b5084c6-16b3-49f8-9bed-ee122ebe
  │ ef11'
  │ "Link 'issueConditions' in bond 0 is valid:", 'https:/
  │ /api.staging.mercap.com.ar/bonds/5b5084c6-16b3-49f8-9b
  │ ed-ee122ebeef11/issue-conditions'
  │ "Link 'paymentSummary' in bond 0 is valid:", 'https://
  │ api.staging.mercap.com.ar/bonds/5b5084c6-16b3-49f8-9be
  │ d-ee122ebeef11/payment-summary'
  │ "Link 'coupons' in bond 1 is valid:", 'https://api.sta
  │ ging.mercap.com.ar/bonds/aca1c2b2-0dda-4235-9f91-f61b2
  │ 710a955/coupons'
  │ "Link 'identifiers' in bond 1 is valid:", 'https://api
  │ .staging.mercap.com.ar/bonds/aca1c2b2-0dda-4235-9f91-f
  │ 61b2710a955/identifiers'
  │ "Link 'self' in bond 1 is valid:", 'https://api.stagin
  │ g.mercap.com.ar/bonds/aca1c2b2-0dda-4235-9f91-f61b2710
  │ a955'
  │ "Link 'issueConditions' in bond 1 is valid:", 'https:/
  │ /api.staging.mercap.com.ar/bonds/aca1c2b2-0dda-4235-9f
  │ 91-f61b2710a955/issue-conditions'
  │ "Link 'paymentSummary' in bond 1 is valid:", 'https://
  │ api.staging.mercap.com.ar/bonds/aca1c2b2-0dda-4235-9f9
  │ 1-f61b2710a955/payment-summary'
  │ "Link 'coupons' in bond 2 is valid:", 'https://api.sta
  │ ging.mercap.com.ar/bonds/467a0102-75f2-4b59-aa66-5d182
  │ e6c1d58/coupons'
  │ "Link 'identifiers' in bond 2 is valid:", 'https://api
  │ .staging.mercap.com.ar/bonds/467a0102-75f2-4b59-aa66-5
  │ d182e6c1d58/identifiers'
  │ "Link 'self' in bond 2 is valid:", 'https://api.stagin
  │ g.mercap.com.ar/bonds/467a0102-75f2-4b59-aa66-5d182e6c
  │ 1d58'
  │ "Link 'issueConditions' in bond 2 is valid:", 'https:/
  │ /api.staging.mercap.com.ar/bonds/467a0102-75f2-4b59-aa
  │ 66-5d182e6c1d58/issue-conditions'
  │ "Link 'paymentSummary' in bond 2 is valid:", 'https://
  │ api.staging.mercap.com.ar/bonds/467a0102-75f2-4b59-aa6
  │ 6-5d182e6c1d58/payment-summary'
  │ "Link 'coupons' in bond 3 is valid:", 'https://api.sta
  │ ging.mercap.com.ar/bonds/ca619c61-beaf-4160-9bcc-b9df0
  │ e0e7938/coupons'
  │ "Link 'identifiers' in bond 3 is valid:", 'https://api
  │ .staging.mercap.com.ar/bonds/ca619c61-beaf-4160-9bcc-b
  │ 9df0e0e7938/identifiers'
  │ "Link 'self' in bond 3 is valid:", 'https://api.stagin
  │ g.mercap.com.ar/bonds/ca619c61-beaf-4160-9bcc-b9df0e0e
  │ 7938'
  │ "Link 'issueConditions' in bond 3 is valid:", 'https:/
  │ /api.staging.mercap.com.ar/bonds/ca619c61-beaf-4160-9b
  │ cc-b9df0e0e7938/issue-conditions'
  │ "Link 'paymentSummary' in bond 3 is valid:", 'https://
  │ api.staging.mercap.com.ar/bonds/ca619c61-beaf-4160-9bc
  │ c-b9df0e0e7938/payment-summary'
  │ "Link 'coupons' in bond 4 is valid:", 'https://api.sta
  │ ging.mercap.com.ar/bonds/935718fe-3140-424e-817d-3ba64
  │ bbc60a6/coupons'
  │ "Link 'identifiers' in bond 4 is valid:", 'https://api
  │ .staging.mercap.com.ar/bonds/935718fe-3140-424e-817d-3
  │ ba64bbc60a6/identifiers'
  │ "Link 'self' in bond 4 is valid:", 'https://api.stagin
  │ g.mercap.com.ar/bonds/935718fe-3140-424e-817d-3ba64bbc
  │ 60a6'
  │ "Link 'issueConditions' in bond 4 is valid:", 'https:/
  │ /api.staging.mercap.com.ar/bonds/935718fe-3140-424e-81
  │ 7d-3ba64bbc60a6/issue-conditions'
  │ "Link 'paymentSummary' in bond 4 is valid:", 'https://
  │ api.staging.mercap.com.ar/bonds/935718fe-3140-424e-817
  │ d-3ba64bbc60a6/payment-summary'
  └
  ✓  Links are valid URLs
  ┌
  │ "Global link 'first' is valid: https://api.staging.mer
  │ cap.com.ar/bonds?limit=5&start=1"
  │ "Global link 'next' is valid: https://api.staging.merc
  │ ap.com.ar/bonds?limit=5&start=7"
  │ "Global link 'self' is valid: https://api.staging.merc
  │ ap.com.ar/bonds?limit=5&start=2"
  │ "Global link 'last' is valid: https://api.staging.merc
  │ ap.com.ar/bonds?limit=5&start=1096"
  └
  ✓  Global links are valid URLs
  ┌
  │ "No 'query' parameter provided in request."
  └
  ✓  Results match the query parameter
  ┌
  │ "No 'shortName' parameter provided in request."
  └
  ✓  Results match the shortName parameter
  ┌
  │ 'Results respect the limit parameter (max 5 items).'
  └
  ✓  Results respect the limit parameter
  ┌
  │ 'Validated that the first bond in response starts at i
  │ ndex 2.'
  └
  ✓  Start parameter skips the correct number of bonds
  ┌
  │ 'Response code is not 406, no validation necessary.'
  └
  ✓  Error 406 response structure
  ┌
  │ 'Limit is not 0, skipping error validation.'
  └
  ✓  Limit parameter is 0, response should be 400

↳ All bonds - start & limit parameters - bond+json
  ┌
  │ '▶ [undefined] Ejecutando con ticker: AL30'
  └
  GET https://api.staging.mercap.com.ar/tradable-securities?query=AL30&tradeDate=2026-09-16 [200 OK, 2.64kB, 44ms]
  ┌
  │ '🔎 SHORT_NAME: AL30'
  └
  GET https://api.staging.mercap.com.ar/bonds?limit=5&start=2 [200 OK, 16.29kB, 733ms]
  ┌
  │ 'Response received successfully.'
  └
  ✓  Response is received
  ┌
  │ 'Status code is 200.'
  └
  ✓  Status code is 200
  ┌
  │ 'Content-Type header is correct.'
  └
  ✓  Media-Type is correct
  ┌
  │ "'items' array is present and not empty."
  └
  ✓  Response contains 'items' array with elements
  ┌
  │ 'Bond 0 validated successfully.'
  │ 'Bond 1 validated successfully.'
  │ 'Bond 2 validated successfully.'
  │ 'Bond 3 validated successfully.'
  │ 'Bond 4 validated successfully.'
  └
  ✓  Each bond has required properties
  ┌
  │ 'Bond 0: shortName is valid: BVCPO'
  │ 'Bond 0: name is valid: \tBST 2026 U$S 8 % (BVCPO)'
  │ 'Bond 0: coupons array is present with 4 items.'
  │ 'Bond 0: maturityDate is valid: 2026-10-21'
  │ 'Bond 0: issue object is present.'
  │ 'Bond 0: debtType is valid: https://api.staging.mercap
  │ .com.ar/debt-types/a6af5129-7f88-46ce-879b-bfb0a4ee8a7
  │ b'
  │ 'Bond 0: links object is present.'
  │ 'Bond 0: self link is valid: https://api.staging.merca
  │ p.com.ar/bonds/5b5084c6-16b3-49f8-9bed-ee122ebeef11'
  │ 'Bond 1: shortName is valid: MR40O'
  │ 'Bond 1: name is valid: \tGEMSA 2031 u$s 11% (MR40O)'
  │ 'Bond 1: coupons array is present with 14 items.'
  │ 'Bond 1: maturityDate is valid: 2031-10-31'
  │ 'Bond 1: issue object is present.'
  │ 'Bond 1: debtType is valid: https://api.staging.mercap
  │ .com.ar/debt-types/a6af5129-7f88-46ce-879b-bfb0a4ee8a7
  │ b'
  │ 'Bond 1: links object is present.'
  │ 'Bond 1: self link is valid: https://api.staging.merca
  │ p.com.ar/bonds/aca1c2b2-0dda-4235-9f91-f61b2710a955'
  │ 'Bond 2: shortName is valid: RES2P'
  │ 'Bond 2: name is valid: \tRECARD S.A 2028 $ Badlar+800
  │ bp (RES2P)'
  │ 'Bond 2: coupons array is present with 8 items.'
  │ 'Bond 2: maturityDate is valid: 2026-09-30'
  │ 'Bond 2: issue object is present.'
  │ 'Bond 2: debtType is valid: https://api.staging.mercap
  │ .com.ar/debt-types/a6af5129-7f88-46ce-879b-bfb0a4ee8a7
  │ b'
  │ 'Bond 2: links object is present.'
  │ 'Bond 2: self link is valid: https://api.staging.merca
  │ p.com.ar/bonds/467a0102-75f2-4b59-aa66-5d182e6c1d58'
  │ 'Bond 3: shortName is valid: TTCBO'
  │ 'Bond 3: name is valid: \tTecpetrol 2027 u$s 6.5% (TTC
  │ BO)'
  │ 'Bond 3: coupons array is present with 4 items.'
  │ 'Bond 3: maturityDate is valid: 2027-10-16'
  │ 'Bond 3: issue object is present.'
  │ 'Bond 3: debtType is valid: https://api.staging.mercap
  │ .com.ar/debt-types/a6af5129-7f88-46ce-879b-bfb0a4ee8a7
  │ b'
  │ 'Bond 3: links object is present.'
  │ 'Bond 3: self link is valid: https://api.staging.merca
  │ p.com.ar/bonds/ca619c61-beaf-4160-9bcc-b9df0e0e7938'
  │ 'Bond 4: shortName is valid: GYC4O'
  │ 'Bond 4: name is valid: 360 ENERGY 2027 U$S 8% (GYC4O)
  │ '
  │ 'Bond 4: coupons array is present with 11 items.'
  │ 'Bond 4: maturityDate is valid: 2027-10-30'
  │ 'Bond 4: issue object is present.'
  │ 'Bond 4: debtType is valid: https://api.staging.mercap
  │ .com.ar/debt-types/a6af5129-7f88-46ce-879b-bfb0a4ee8a7
  │ b'
  │ 'Bond 4: links object is present.'
  │ 'Bond 4: self link is valid: https://api.staging.merca
  │ p.com.ar/bonds/935718fe-3140-424e-817d-3ba64bbc60a6'
  └
  ✓  Each bond property has the correct format
  ┌
  │ "Link 'self' in bond 0 is valid:", 'https://api.stagin
  │ g.mercap.com.ar/bonds/5b5084c6-16b3-49f8-9bed-ee122ebe
  │ ef11'
  │ "Link 'self' in bond 1 is valid:", 'https://api.stagin
  │ g.mercap.com.ar/bonds/aca1c2b2-0dda-4235-9f91-f61b2710
  │ a955'
  │ "Link 'self' in bond 2 is valid:", 'https://api.stagin
  │ g.mercap.com.ar/bonds/467a0102-75f2-4b59-aa66-5d182e6c
  │ 1d58'
  │ "Link 'self' in bond 3 is valid:", 'https://api.stagin
  │ g.mercap.com.ar/bonds/ca619c61-beaf-4160-9bcc-b9df0e0e
  │ 7938'
  │ "Link 'self' in bond 4 is valid:", 'https://api.stagin
  │ g.mercap.com.ar/bonds/935718fe-3140-424e-817d-3ba64bbc
  │ 60a6'
  └
  ✓  Links are valid URLs
  ┌
  │ "Global link 'first' is valid: https://api.staging.mer
  │ cap.com.ar/bonds?limit=5&start=1"
  │ "Global link 'next' is valid: https://api.staging.merc
  │ ap.com.ar/bonds?limit=5&start=7"
  │ "Global link 'self' is valid: https://api.staging.merc
  │ ap.com.ar/bonds?limit=5&start=2"
  │ "Global link 'last' is valid: https://api.staging.merc
  │ ap.com.ar/bonds?limit=5&start=1096"
  └
  ✓  Global links are valid URLs
  ┌
  │ "No 'query' parameter provided in request."
  └
  ✓  Results match the query parameter
  ┌
  │ "No 'shortName' parameter provided in request."
  └
  ✓  Results match the shortName parameter
  ┌
  │ 'Results respect the limit parameter (max 5 items).'
  └
  ✓  Results respect the limit parameter
  ┌
  │ 'Validated that the response self link starts at index
  │  2.'
  └
  ✓  Start parameter skips the correct number of bonds
  ┌
  │ 'Response code is not 406, no validation necessary.'
  └
  ✓  Error 406 response structure
  ┌
  │ 'Limit is not 0, skipping error validation.'
  └
  ✓  Limit parameter is 0, response should be 400
  ✓  cashflowUnits: estructura válida por variante

↳ Only shortName parameter
  ┌
  │ '▶ [undefined] Ejecutando con ticker: AL30'
  └
  GET https://api.staging.mercap.com.ar/tradable-securities?query=AL30&tradeDate=2026-09-16 [200 OK, 2.63kB, 68ms]
  ┌
  │ '🔎 SHORT_NAME: AL30'
  └
  GET https://api.staging.mercap.com.ar/bonds?shortName=AL30 [200 OK, 1.4kB, 734ms]
  ┌
  │ 'Response received successfully.'
  └
  ✓  Response is received
  ┌
  │ 'Status code is 200.'
  └
  ✓  Status code is 200
  ┌
  │ 'Content-Type header is correct.'
  └
  ✓  Media-Type is correct
  ┌
  │ "'items' array is present and not empty."
  └
  ✓  Response contains 'items' array with elements
  ┌
  │ 'Bond 0 validated successfully.'
  └
  ✓  Each bond has required properties
  ✓  Each bond property has the correct format
  ✓  Links are valid URLs
  ✓  Global links are valid URLs
  ✓  Results match the query parameter
  ✓  Results respect the limit parameter
  ✓  Start parameter skips the correct number of bonds
  ✓  Error 406 response structure
  ✓  Limit parameter is 0, response should be 400
  ┌
  │ '✔ Variables seteadas:'
  │ 'COUPONS:', 'https://api.staging.mercap.com.ar/bonds/e
  │ cfe885d-8163-4222-acb1-f7020cf05a4a/coupons'
  │ 'IDENTIFIERS:', 'https://api.staging.mercap.com.ar/bon
  │ ds/ecfe885d-8163-4222-acb1-f7020cf05a4a/identifiers'
  │ 'SELF:', 'https://api.staging.mercap.com.ar/bonds/ecfe
  │ 885d-8163-4222-acb1-f7020cf05a4a'
  │ 'ISSUE_CONDITIONS:', 'https://api.staging.mercap.com.a
  │ r/bonds/ecfe885d-8163-4222-acb1-f7020cf05a4a/issue-con
  │ ditions'
  │ 'PAYMENT_SUMMARY:', 'https://api.staging.mercap.com.ar
  │ /bonds/ecfe885d-8163-4222-acb1-f7020cf05a4a/payment-su
  │ mmary'
  └

↳ Only shortName parameter - bond+json
  ┌
  │ '▶ [undefined] Ejecutando con ticker: AL30'
  └
  GET https://api.staging.mercap.com.ar/tradable-securities?query=AL30&tradeDate=2026-09-16 [200 OK, 2.64kB, 51ms]
  ┌
  │ '🔎 SHORT_NAME: AL30'
  └
  GET https://api.staging.mercap.com.ar/bonds?shortName=AL30 [200 OK, 5.84kB, 710ms]
  ┌
  │ 'Response received successfully.'
  └
  ✓  Response is received
  ┌
  │ 'Status code is 200.'
  └
  ✓  Status code is 200
  ┌
  │ 'Content-Type header is correct.'
  └
  ✓  Media-Type is correct
  ┌
  │ "'items' array is present and not empty."
  └
  ✓  Response contains 'items' array with elements
  ┌
  │ 'Bond 0 validated successfully.'
  └
  ✓  Each bond has required properties
  ┌
  │ 'Bond 0 format validated.'
  └
  ✓  Each bond property has the correct format
  ✓  Links are valid URLs
  ✓  Global links are valid URLs
  ✓  Results match the query parameter
  ✓  Results match the shortName parameter
  ✓  Results respect the limit parameter
  ✓  Start parameter skips the correct number of bonds
  ✓  Error 406 response structure
  ✓  Limit parameter is 0, response should be 400
  ┌
  │ '✔ Variables seteadas:'
  │ 'BOND_SELF:', 'https://api.staging.mercap.com.ar/bonds
  │ /ecfe885d-8163-4222-acb1-f7020cf05a4a'
  │ 'DEBT_TYPE:', 'https://api.staging.mercap.com.ar/debt-
  │ types/e3da5be4-2107-4ca2-97d9-77b5cf8e8725'
  └
  ✓  cashflowUnits: estructura válida por variante

↳ Bond by UUID
  ┌
  │ '▶ [undefined] Ejecutando con ticker: AL30'
  └
  GET https://api.staging.mercap.com.ar/tradable-securities?query=AL30&tradeDate=2026-09-16 [200 OK, 2.64kB, 47ms]
  ┌
  │ '🔎 SHORT_NAME: AL30'
  └
  GET https://api.staging.mercap.com.ar/bonds/ecfe885d-8163-4222-acb1-f7020cf05a4a [200 OK, 1.37kB, 105ms]
  ┌
  │ 'Response received successfully.'
  └
  ✓  Response is received
  ┌
  │ 'Status code is 200.'
  └
  ✓  Status code is 200
  ┌
  │ 'Content-Type header is correct.'
  └
  ✓  Media-Type is correct
  ┌
  │ 'All required properties are present.'
  └
  ✓  Response has required properties
  ┌
  │ 'All properties have correct data types.'
  └
  ✓  Response properties have correct data types
  ┌
  │ 'All required link properties are present.'
  └
  ✓  Links object has required properties
  ┌
  │ 'All links are valid URLs.'
  └
  ✓  Links are valid URLs
  ┌
  │ 'shortName is the expected:', 'AL30'
  └
  ✓  ShortName and name are as expected

↳ Bond by UUID - bond+json
  ┌
  │ '▶ [undefined] Ejecutando con ticker: AL30'
  └
  GET https://api.staging.mercap.com.ar/tradable-securities?query=AL30&tradeDate=2026-09-16 [200 OK, 2.64kB, 43ms]
  ┌
  │ '🔎 SHORT_NAME: AL30'
  └
  GET https://api.staging.mercap.com.ar/bonds/ecfe885d-8163-4222-acb1-f7020cf05a4a [200 OK, 5.8kB, 629ms]
  ┌
  │ 'Response received successfully.'
  └
  ✓  Response is received
  ┌
  │ 'Status code is 200.'
  └
  ✓  Status code is 200
  ┌
  │ 'Content-Type header is correct.'
  └
  ✓  Media-Type is correct
  ┌
  │ 'All required properties are present.'
  └
  ✓  Response has required properties
  ┌
  │ 'All properties have correct data types.'
  └
  ✓  Response properties have correct data types
  ┌
  │ 'Required link property (self) is present.'
  └
  ✓  Links object has required properties
  ┌
  │ 'All links are valid URLs.'
  └
  ✓  Links are valid URLs
  ┌
  │ 'debtType is a valid URL:', 'https://api.staging.merca
  │ p.com.ar/debt-types/e3da5be4-2107-4ca2-97d9-77b5cf8e87
  │ 25'
  └
  ✓  debtType is a valid URL
  ┌
  │ 'shortName is the expected:', 'AL30'
  └
  ✓  ShortName is as expected
  ✓  cashflowUnits: estructura válida

↳ Bond payment summary by UUID
  ┌
  │ '▶ [undefined] Ejecutando con ticker: AL30'
  └
  GET https://api.staging.mercap.com.ar/tradable-securities?query=AL30&tradeDate=2026-09-16 [200 OK, 2.63kB, 52ms]
  ┌
  │ '🔎 SHORT_NAME: AL30'
  └
  GET https://api.staging.mercap.com.ar/bonds/ecfe885d-8163-4222-acb1-f7020cf05a4a/payment-summary [200 OK, 1.16kB, 143ms]
  ┌
  │ 'Response received successfully.'
  └
  ✓  Response is received
  ┌
  │ 'Status code is 200.'
  └
  ✓  Status code is 200
  ┌
  │ 'Content-Type header is correct.'
  └
  ✓  Media-Type is correct
  ✓  All main properties have the correct type
  ✓  Amortization has correct properties and should be bullet
  ✓  Links URLs are valid
  ✓  Interest has correct properties
  ✓  Accruement has correct properties

↳ Bond payment summary by UUID - json v1
  ┌
  │ '▶ [undefined] Ejecutando con ticker: AL30'
  └
  GET https://api.staging.mercap.com.ar/tradable-securities?query=AL30&tradeDate=2026-09-16 [200 OK, 2.63kB, 141ms]
  ┌
  │ '🔎 SHORT_NAME: AL30'
  └
  GET https://api.staging.mercap.com.ar/bonds/ecfe885d-8163-4222-acb1-f7020cf05a4a/payment-summary [200 OK, 1.15kB, 94ms]
  ┌
  │ 'Response received successfully.'
  └
  ✓  Response is received
  ┌
  │ 'Status code is 200.'
  └
  ✓  Status code is 200
  ┌
  │ 'Content-Type header is correct.'
  └
  ✓  Media-Type is correct
  ✓  All main properties have the correct type
  ✓  DueDateStrategy has correct properties
  ✓  Amortization has correct properties and should be bullet
  ✓  Links URLs are valid
  ✓  Interest has correct properties
  ✓  Accruement has correct properties

↳ Bond coupons by UUID
  ┌
  │ '▶ [undefined] Ejecutando con ticker: AL30'
  └
  GET https://api.staging.mercap.com.ar/tradable-securities?query=AL30&tradeDate=2026-09-16 [200 OK, 2.64kB, 67ms]
  ┌
  │ '🔎 SHORT_NAME: AL30'
  └
  GET https://api.staging.mercap.com.ar/bonds/ecfe885d-8163-4222-acb1-f7020cf05a4a/coupons [200 OK, 7.12kB, 112ms]
  ┌
  │ 'Response received successfully.'
  └
  ✓  Response is received
  ┌
  │ 'Status code is 200.'
  └
  ✓  Status code is 200
  ┌
  │ 'Content-Type header is correct.'
  └
  ✓  Media-Type is correct
  ┌
  │ "'items' array is present."
  └
  ✓  Response has 'items' array
  ┌
  │ 'All items have required properties.'
  └
  ✓  Each item has required properties
  ┌
  │ "All 'interestRate' objects have required properties."
  └
  ✓  Verify that 'interestRate' has required properties
  ┌
  │ "All 'links' objects have required properties."
  └
  ✓  All 'links' objects have required properties
  ┌
  │ 'All dates have correct format.'
  └
  ✓  Dates have correct format
  ┌
  │ 'All links are valid URLs.'
  └
  ✓  Links are valid URLs
  ┌
  │ "The 'self' link is correct."
  └
  ✓  Verify that 'self' has the correct link
  ┌
  │ 'Coupon numbers are consecutive.'
  └
  ✓  Coupon numbers are consecutive
  ┌
  │ "All 'type' values in 'interestRate' are 'fixed'."
  └
  ✓  Verify that 'type' in 'interestRate' is 'fixed' for each item

↳ Bond issue conditions by UUID
  ┌
  │ '▶ [undefined] Ejecutando con ticker: AL30'
  └
  GET https://api.staging.mercap.com.ar/tradable-securities?query=AL30&tradeDate=2026-09-16 [200 OK, 2.64kB, 68ms]
  ┌
  │ '🔎 SHORT_NAME: AL30'
  └
  GET https://api.staging.mercap.com.ar/bonds/ecfe885d-8163-4222-acb1-f7020cf05a4a/issue-conditions [200 OK, 1.37kB, 171ms]
  ┌
  │ 'Response received successfully.'
  └
  ✓  Response is received
  ┌
  │ 'Status code is 200.'
  └
  ✓  Status code is 200
  ┌
  │ 'Content-Type header is correct.'
  └
  ✓  Media-Type is correct
  ✓  All main properties have the correct type
  ✓  Dates have correct format
  ✓  SmallestDenomination has base and increment
  ✓  FaceValue is greater than zero
  ✓  Term has correct format
  ✓  IssueUnit and PaymentCurrency are valid URLs
  ✓  IssueCountry and Issuer are not empty

↳ Bond issue conditions by UUID - json v1
  ┌
  │ '▶ [undefined] Ejecutando con ticker: AL30'
  └
  GET https://api.staging.mercap.com.ar/tradable-securities?query=AL30&tradeDate=2026-09-16 [200 OK, 2.64kB, 67ms]
  ┌
  │ '🔎 SHORT_NAME: AL30'
  └
  GET https://api.staging.mercap.com.ar/bonds/ecfe885d-8163-4222-acb1-f7020cf05a4a/issue-conditions [200 OK, 1.37kB, 96ms]
  ┌
  │ 'Response received successfully.'
  └
  ✓  Response is received
  ┌
  │ 'Status code is 200.'
  └
  ✓  Status code is 200
  ┌
  │ 'Content-Type header is correct.'
  └
  ✓  Media-Type is correct
  ✓  All main properties have the correct type
  ✓  Dates have correct format
  ✓  SmallestDenomination has base and increment
  ✓  FaceValue is greater than zero
  ✓  Term has correct format
  ✓  IssueCurrency and PaymentCurrency are valid URLs
  ✓  IssueCountry and Issuer are not empty

↳ Bond identifiers by UUID
  ┌
  │ '▶ [undefined] Ejecutando con ticker: AL30'
  └
  GET https://api.staging.mercap.com.ar/tradable-securities?query=AL30&tradeDate=2026-09-16 [200 OK, 2.65kB, 54ms]
  ┌
  │ '🔎 SHORT_NAME: AL30'
  └
  GET https://api.staging.mercap.com.ar/bonds/ecfe885d-8163-4222-acb1-f7020cf05a4a/identifiers [200 OK, 738B, 1195ms]
  ✓  Status code is 200
  ✓  Response is an array
  ┌
  │ 'Content-Type header is correct.'
  └
  ✓  Media-Type is correct
  ✓  Each item has type and value
  ✓  Type is a non-empty string
  ✓  Value is a non-empty string
  ✓  Identifiers contain expected types
  ✓  ISIN value format is correct

❏ Pepper-GS32 / Regression-Test / Bond IRRS
↳ Get irrs - one bond
  GET https://historical-data.mercapabbaco.com/irrs?short-names=AL30 [200 OK, 67.7kB, 207ms]
  ✓  Response is received
  ✓  Status code is 200
  ✓  Media-Type is correct
  ✓  Response body is not empty
  ✓  Response is valid JSON

❏ Pepper-GS32 / Regression-Test / Bond Payment Forecasts
↳ Get one bond cashflow - only dateInterval from
  ┌
  │ '▶ [undefined] Ejecutando con ticker: AL30'
  └
  GET https://api.staging.mercap.com.ar/tradable-securities?query=AL30&tradeDate=2026-09-16 [200 OK, 2.64kB, 55ms]
  ┌
  │ '📌 BOND_INSTRUMENT_URL: https://api.staging.mercap.co
  │ m.ar/bonds/ecfe885d-8163-4222-acb1-f7020cf05a4a'
  └
  POST https://api.staging.mercap.com.ar/bond-payment-forecast [200 OK, 5.37kB, 1417ms]
  ┌
  │ 'Response received successfully.'
  └
  ✓  Response is received
  ┌
  │ 'Status code is 200.'
  └
  ✓  Status code is 200
  ┌
  │ 'Content-Type header is correct.'
  └
  ✓  Media-Type is correct
  ┌
  │ 'Result is a non-empty array.'
  └
  ✓  Result is a non-empty array
  ┌
  │ 'Each cashflow has the expected properties.'
  └
  ✓  Each cashflow has correct properties
  ┌
  │ 'Coupon values are incremental by 1.'
  └
  ✓  Verify that coupon value is incremental by 1
  ┌
  │ 'Due dates are in ascending order for each cashflow.'
  └
  ✓  Due dates are in ascending order
  ┌
  │ 'The bond link is correct:', 'https://api.staging.merc
  │ ap.com.ar/bonds/ecfe885d-8163-4222-acb1-f7020cf05a4a'
  └
  ✓  Bond link is correct

↳ Get one bond cashflow - dateInterval from and to
  ┌
  │ '▶ [undefined] Ejecutando con ticker: AL30'
  └
  GET https://api.staging.mercap.com.ar/tradable-securities?query=AL30&tradeDate=2026-09-16 [200 OK, 2.63kB, 46ms]
  ┌
  │ '📌 BOND_INSTRUMENT_URL: https://api.staging.mercap.co
  │ m.ar/bonds/ecfe885d-8163-4222-acb1-f7020cf05a4a'
  └
  POST https://api.staging.mercap.com.ar/bond-payment-forecast [200 OK, 3.59kB, 982ms]
  ┌
  │ 'Response received successfully.'
  └
  ✓  Response is received
  ┌
  │ 'Status code is 200.'
  └
  ✓  Status code is 200
  ┌
  │ 'Content-Type header is correct.'
  └
  ✓  Media-Type is correct
  ┌
  │ 'Result is a non-empty array.'
  └
  ✓  Result is a non-empty array
  ┌
  │ 'Each cashflow has the expected properties.'
  └
  ✓  Each cashflow has correct properties
  ┌
  │ 'Coupon values are incremental by 1.'
  └
  ✓  Verify that coupon value is incremental by 1
  ┌
  │ 'Due dates are in ascending order for each cashflow.'
  └
  ✓  Due dates are in ascending order
  ┌
  │ 'The bond link is correct:', 'https://api.staging.merc
  │ ap.com.ar/bonds/ecfe885d-8163-4222-acb1-f7020cf05a4a'
  └
  ✓  Bond link is correct

↳ Get payment forecasts
  ┌
  │ '▶ [undefined] Ejecutando con ticker: AL30'
  └
  GET https://api.staging.mercap.com.ar/tradable-securities?query=AL30&tradeDate=2026-09-16 [200 OK, 2.64kB, 44ms]
  ┌
  │ '📌 BOND_INSTRUMENT_URL: https://api.staging.mercap.co
  │ m.ar/bonds/ecfe885d-8163-4222-acb1-f7020cf05a4a'
  └
  POST https://api.staging.mercap.com.ar/bond-payment-forecast [200 OK, 1.22kB, 403ms]
  ┌
  │ 'Response received successfully.'
  └
  ✓  Response is received
  ┌
  │ 'Status code is 200.'
  └
  ✓  Status code is 200
  ┌
  │ 'Content-Type header is correct.'
  └
  ✓  Media-Type is correct
  ┌
  │ 'Result is a non-empty array.'
  └
  ✓  Result is a non-empty array
  ┌
  │ 'Each flow has the expected properties.'
  └
  ✓  Each flow has correct properties
  ┌
  │ 'Bond link is correct.'
  └
  ✓  Bond link is correct
  ┌
  │ 'Response has id and jsonrpc.'
  └
  ✓  Response has id and jsonrpc
  ┌
  │ "'concept' is 'Renta' when 'flowMessage' is 'interestT
  │ oPay'."
  └
  ✓  Validate that 'concept' is 'Renta' when 'flowMessage' is 'interestToPay'
  ┌
  │ "'concept' is 'Amortización' when 'flowMessage' is 'am
  │ ortizationToPay'."
  └
  ✓  Validate that 'concept' is 'Amortización' when 'flowMessage' is 'amortizationToPay'

↳ Post /bond-payment-forecast - bond-cashflow - only dateInterval from - Bond Fixed rate, no adjustment, European-30-360
  ┌
  │ '▶ [undefined] Ejecutando con ticker: AL30'
  └
  GET https://api.staging.mercap.com.ar/tradable-securities?query=AL30&tradeDate=2026-09-16 [200 OK, 2.64kB, 45ms]
  ┌
  │ '📌 BOND_INSTRUMENT_URL: https://api.staging.mercap.co
  │ m.ar/bonds/ecfe885d-8163-4222-acb1-f7020cf05a4a'
  └
  GET https://api.staging.mercap.com.ar/tradable-securities?query=US105756CN87&tradeDate=2026-09-16 [200 OK, 2.07kB, 2.5s]
  ┌
  │ '📌 BOND_SECURITY_SELF: https://api.staging.mercap.com
  │ .ar/bonds/54fcd3a7-01b2-4136-81f8-b5924d9b14c4'
  └
  POST https://api.staging.mercap.com.ar/bond-payment-forecast [200 OK, 33.45kB, 12.3s]
  ┌
  │ 'Response received successfully.'
  └
  ✓  Response is received
  ┌
  │ 'Status code is 200.'
  └
  ✓  Status code is 200
  ┌
  │ 'Content-Type header is correct.'
  └
  ✓  Media-Type is correct
  ┌
  │ 'Result is a non-empty array.'
  └
  ✓  Result is a non-empty array
  ┌
  │ 'Each cashflow has the expected properties.'
  └
  ✓  Each cashflow has correct properties
  ┌
  │ 'Coupon values are incremental by 1.'
  └
  ✓  Verify that coupon value is incremental by 1
  ┌
  │ 'Due dates are in ascending order for each cashflow.'
  └
  ✓  Due dates are in ascending order
  ┌
  │ 'The bond link is correct:', 'https://api.staging.merc
  │ ap.com.ar/bonds/54fcd3a7-01b2-4136-81f8-b5924d9b14c4'
  └
  ✓  Bond link is correct

↳ Post /bond-payment-forecast - bond-cashflow - dateInterval from and to - Bond Fixed rate, no adjustment, European-30-360
  ┌
  │ '▶ [undefined] Ejecutando con ticker: AL30'
  └
  GET https://api.staging.mercap.com.ar/tradable-securities?query=AL30&tradeDate=2026-09-16 [200 OK, 2.64kB, 51ms]
  ┌
  │ '📌 BOND_INSTRUMENT_URL: https://api.staging.mercap.co
  │ m.ar/bonds/ecfe885d-8163-4222-acb1-f7020cf05a4a'
  └
  GET https://api.staging.mercap.com.ar/tradable-securities?query=US105756CN87&tradeDate=2026-09-16 [200 OK, 2.08kB, 47ms]
  ┌
  │ '📌 BOND_SECURITY_SELF: https://api.staging.mercap.com
  │ .ar/bonds/54fcd3a7-01b2-4136-81f8-b5924d9b14c4'
  └
  POST https://api.staging.mercap.com.ar/bond-payment-forecast [200 OK, 1.84kB, 717ms]
  ┌
  │ 'Response received successfully.'
  └
  ✓  Response is received
  ┌
  │ 'Status code is 200.'
  └
  ✓  Status code is 200
  ┌
  │ 'Content-Type header is correct.'
  └
  ✓  Media-Type is correct
  ┌
  │ 'Result is a non-empty array.'
  └
  ✓  Result is a non-empty array
  ┌
  │ 'Each cashflow has the expected properties.'
  └
  ✓  Each cashflow has correct properties
  ┌
  │ 'Coupon values are incremental by 1.'
  └
  ✓  Verify that coupon value is incremental by 1
  ┌
  │ 'Due dates are in ascending order for each cashflow.'
  └
  ✓  Due dates are in ascending order
  ┌
  │ 'The bond link is correct:', 'https://api.staging.merc
  │ ap.com.ar/bonds/54fcd3a7-01b2-4136-81f8-b5924d9b14c4'
  └
  ✓  Bond link is correct

↳ Post  /bond-payment-forecast - bond-payment-forecasts - Bond Fixed rate, no adjustment, European-30-360
  ┌
  │ '▶ [undefined] Ejecutando con ticker: AL30'
  └
  GET https://api.staging.mercap.com.ar/tradable-securities?query=AL30&tradeDate=2026-09-16 [200 OK, 2.65kB, 148ms]
  ┌
  │ '📌 BOND_INSTRUMENT_URL: https://api.staging.mercap.co
  │ m.ar/bonds/ecfe885d-8163-4222-acb1-f7020cf05a4a'
  └
  GET https://api.staging.mercap.com.ar/tradable-securities?query=US105756CN87&tradeDate=2026-09-16 [200 OK, 2.08kB, 53ms]
  ┌
  │ '📌 BOND_SECURITY_SELF: https://api.staging.mercap.com
  │ .ar/bonds/54fcd3a7-01b2-4136-81f8-b5924d9b14c4'
  └
  POST https://api.staging.mercap.com.ar/bond-payment-forecast [200 OK, 1.19kB, 447ms]
  ┌
  │ 'Response received successfully.'
  └
  ✓  Response is received
  ┌
  │ 'Status code is 200.'
  └
  ✓  Status code is 200
  ┌
  │ 'Content-Type header is correct.'
  └
  ✓  Media-Type is correct
  ┌
  │ 'Result is a non-empty array.'
  └
  ✓  Result is a non-empty array
  ┌
  │ 'Each flow has the expected properties.'
  └
  ✓  Each flow has correct properties
  ┌
  │ 'Bond link is correct.'
  └
  ✓  Bond link is correct
  ┌
  │ 'Response has id and jsonrpc.'
  └
  ✓  Response has id and jsonrpc
  ┌
  │ "'concept' is 'Renta' when 'flowMessage' is 'interestT
  │ oPay'."
  └
  ✓  Validate that 'concept' is 'Renta' when 'flowMessage' is 'interestToPay'
  ┌
  │ "'concept' is 'Amortización' when 'flowMessage' is 'am
  │ ortizationToPay'."
  └
  ✓  Validate that 'concept' is 'Amortización' when 'flowMessage' is 'amortizationToPay'

❏ Pepper-GS32 / Regression-Test / Bond laws
↳ Get all bond laws - validate each self link
  GET https://api.staging.mercap.com.ar/bond-laws [200 OK, 1.87kB, 446ms]
  ✓  Response is received
  ✓  Status code is 200
  ✓  Response contains 'items' array with at least one element
  ✓  Response contains 'links.self'
  ✓  No duplicate bond law names
  ┌
  │ '🔎 Testing Item 1 (Ley Argentina)'
  └
  ✓  Item 1 (Ley Argentina) contains expected properties
  ✓  Item 1 (Ley Argentina) 'name' is a non-empty string
  ✓  Item 1 (Ley Argentina) self link is a valid URL
  GET https://api.staging.mercap.com.ar/bond-laws/18bb25d4-8ab8-4837-b574-1754811dd222 [200 OK, 843B, 162ms]
  ✓  Item 1 (Ley Argentina) self link returns status 200
  ┌
  │ '🔎 Testing Item 2 (Ley N.Y.)'
  └
  ✓  Item 2 (Ley N.Y.) contains expected properties
  ✓  Item 2 (Ley N.Y.) 'name' is a non-empty string
  ✓  Item 2 (Ley N.Y.) self link is a valid URL
  GET https://api.staging.mercap.com.ar/bond-laws/828bc536-1bff-4d3d-bff2-8c98ec12c57b [200 OK, 844B, 129ms]
  ✓  Item 2 (Ley N.Y.) self link returns status 200
  ┌
  │ '🔎 Testing Item 3 (Ley Inglesa)'
  └
  ✓  Item 3 (Ley Inglesa) contains expected properties
  ✓  Item 3 (Ley Inglesa) 'name' is a non-empty string
  ✓  Item 3 (Ley Inglesa) self link is a valid URL
  GET https://api.staging.mercap.com.ar/bond-laws/f7f0b5a4-b1a8-4095-a1c6-dcccd2a42410 [200 OK, 843B, 85ms]
  ✓  Item 3 (Ley Inglesa) self link returns status 200
  ┌
  │ '🔎 Testing Item 4 (Ley Chilena)'
  └
  ✓  Item 4 (Ley Chilena) contains expected properties
  ✓  Item 4 (Ley Chilena) 'name' is a non-empty string
  ✓  Item 4 (Ley Chilena) self link is a valid URL
  GET https://api.staging.mercap.com.ar/bond-laws/b7a5d364-9a04-42a3-9605-921eb5b704a8 [200 OK, 847B, 113ms]
  ✓  Item 4 (Ley Chilena) self link returns status 200
  ┌
  │ '🔎 Testing Item 5 (Ley Paraguaya)'
  └
  ✓  Item 5 (Ley Paraguaya) contains expected properties
  ✓  Item 5 (Ley Paraguaya) 'name' is a non-empty string
  ✓  Item 5 (Ley Paraguaya) self link is a valid URL
  GET https://api.staging.mercap.com.ar/bond-laws/8c970aa1-9fa0-46a1-b355-4a8a79adbee6 [200 OK, 845B, 503ms]
  ✓  Item 5 (Ley Paraguaya) self link returns status 200
  ┌
  │ '🔎 Testing Item 6 (Ley Europea)'
  └
  ✓  Item 6 (Ley Europea) contains expected properties
  ✓  Item 6 (Ley Europea) 'name' is a non-empty string
  ✓  Item 6 (Ley Europea) self link is a valid URL
  GET https://api.staging.mercap.com.ar/bond-laws/2a2af6f8-8264-41c9-86e9-a9eb810c4deb [200 OK, 847B, 143ms]
  ✓  Item 6 (Ley Europea) self link returns status 200
  ┌
  │ '🔎 Testing Item 7 (Ley Brasilera)'
  └
  ✓  Item 7 (Ley Brasilera) contains expected properties
  ✓  Item 7 (Ley Brasilera) 'name' is a non-empty string
  ✓  Item 7 (Ley Brasilera) self link is a valid URL
  GET https://api.staging.mercap.com.ar/bond-laws/5ef6489e-1b5c-4864-8fd2-c57c11038319 [200 OK, 849B, 96ms]
  ✓  Item 7 (Ley Brasilera) self link returns status 200
  ┌
  │ '🔎 Testing Item 8 (Ley Mexicana)'
  └
  ✓  Item 8 (Ley Mexicana) contains expected properties
  ✓  Item 8 (Ley Mexicana) 'name' is a non-empty string
  ✓  Item 8 (Ley Mexicana) self link is a valid URL
  GET https://api.staging.mercap.com.ar/bond-laws/faaf8f43-b147-4c68-aaf9-ffbaf7d27695 [200 OK, 852B, 100ms]
  ✓  Item 8 (Ley Mexicana) self link returns status 200
  ┌
  │ '🔎 Testing Item 9 (Ley Federal (EEUU))'
  └
  ✓  Item 9 (Ley Federal (EEUU)) contains expected properties
  ✓  Item 9 (Ley Federal (EEUU)) 'name' is a non-empty string
  ✓  Item 9 (Ley Federal (EEUU)) self link is a valid URL
  GET https://api.staging.mercap.com.ar/bond-laws/88948c32-92b6-4394-8505-00acd0124a7f [200 OK, 846B, 94ms]
  ✓  Item 9 (Ley Federal (EEUU)) self link returns status 200

❏ Pepper-GS32 / Regression-Test / Bond Screener
↳ Filter by debt-type, issueCurrency, paymentCurrency, issuer & law

❏ Pepper-GS32 / Regression-Test / Currencies
↳ Get all curencies - validate each self link
  GET https://api.staging.mercap.com.ar/currencies [200 OK, 1.9kB, 431ms]
  ✓  Response is received
  ✓  Status code is 200
  ✓  Response contains 'items' array with at least one element
  ✓  Response contains 'links.self'
  ✓  No duplicate currency signs
  ✓  No duplicate singular names
  ┌
  │ '🔎 Testing Item 1 (ARS)'
  └
  ✓  Item 1 (ARS) contains expected properties
  ✓  Item 1 (ARS) text fields are non-empty strings
  ✓  Item 1 (ARS) self link is a valid URL
  GET https://api.staging.mercap.com.ar/currencies/1ab0ad33-7b34-4e64-8a52-a3d4f9cf8452 [200 OK, 879B, 124ms]
  ✓  Item 1 (ARS) self link returns status 200
  ┌
  │ '🔎 Testing Item 2 (USD)'
  └
  ✓  Item 2 (USD) contains expected properties
  ✓  Item 2 (USD) text fields are non-empty strings
  ✓  Item 2 (USD) self link is a valid URL
  GET https://api.staging.mercap.com.ar/currencies/e852e30f-42ad-4343-a7f6-3bc4ec840ed1 [200 OK, 877B, 96ms]
  ✓  Item 2 (USD) self link returns status 200
  ┌
  │ '🔎 Testing Item 3 (EUR)'
  └
  ✓  Item 3 (EUR) contains expected properties
  ✓  Item 3 (EUR) text fields are non-empty strings
  ✓  Item 3 (EUR) self link is a valid URL
  GET https://api.staging.mercap.com.ar/currencies/baeef6f0-0294-4ae5-bc16-dade743ae049 [200 OK, 883B, 105ms]
  ✓  Item 3 (EUR) self link returns status 200
  ┌
  │ '🔎 Testing Item 4 (GBP)'
  └
  ✓  Item 4 (GBP) contains expected properties
  ✓  Item 4 (GBP) text fields are non-empty strings
  ✓  Item 4 (GBP) self link is a valid URL
  GET https://api.staging.mercap.com.ar/currencies/695a7f24-199f-4bf6-984f-0ba08c803956 [200 OK, 877B, 399ms]
  ✓  Item 4 (GBP) self link returns status 200
  ┌
  │ '🔎 Testing Item 5 (CLP)'
  └
  ✓  Item 5 (CLP) contains expected properties
  ✓  Item 5 (CLP) text fields are non-empty strings
  ✓  Item 5 (CLP) self link is a valid URL
  GET https://api.staging.mercap.com.ar/currencies/076f26bd-f0ee-4ead-9f6b-e3881eec23d2 [200 OK, 873B, 90ms]
  ✓  Item 5 (CLP) self link returns status 200
  ┌
  │ '🔎 Testing Item 6 (PYG)'
  └
  ✓  Item 6 (PYG) contains expected properties
  ✓  Item 6 (PYG) text fields are non-empty strings
  ✓  Item 6 (PYG) self link is a valid URL
  GET https://api.staging.mercap.com.ar/currencies/fd3c2d5a-267d-4c93-aa8a-15a490e283e5 [200 OK, 871B, 96ms]
  ✓  Item 6 (PYG) self link returns status 200
  ┌
  │ '🔎 Testing Item 7 (MXN)'
  └
  ✓  Item 7 (MXN) contains expected properties
  ✓  Item 7 (MXN) text fields are non-empty strings
  ✓  Item 7 (MXN) self link is a valid URL
  GET https://api.staging.mercap.com.ar/currencies/6684ef14-e0cf-4096-a088-9071a409e8b8 [200 OK, 879B, 97ms]
  ✓  Item 7 (MXN) self link returns status 200

❏ Pepper-GS32 / Regression-Test / Debt types
↳ Get all debt types - validate each self link
  GET https://api.staging.mercap.com.ar/debt-types [200 OK, 1.16kB, 926ms]
  ✓  Response is received
  ✓  Status code is 200
  ✓  Response contains 'items' array with at least one element
  ✓  Response contains 'links.self'
  ✓  No duplicate debt type names
  ┌
  │ '🔎 Testing Item 1 (Título Público)'
  └
  ✓  Item 1 (Título Público) contains expected properties
  ✓  Item 1 (Título Público) 'singularName' is a non-empty string
  ✓  Item 1 (Título Público) self link is a valid URL
  GET https://api.staging.mercap.com.ar/debt-types/e3da5be4-2107-4ca2-97d9-77b5cf8e8725 [200 OK, 860B, 1017ms]
  ✓  Item 1 (Título Público) self link returns status 200
  ┌
  │ '🔎 Testing Item 2 (Obligación Negociable)'
  └
  ✓  Item 2 (Obligación Negociable) contains expected properties
  ✓  Item 2 (Obligación Negociable) 'singularName' is a non-empty string
  ✓  Item 2 (Obligación Negociable) self link is a valid URL
  GET https://api.staging.mercap.com.ar/debt-types/a6af5129-7f88-46ce-879b-bfb0a4ee8a7b [200 OK, 868B, 122ms]
  ✓  Item 2 (Obligación Negociable) self link returns status 200
  ┌
  │ '🔎 Testing Item 3 (Fideicomiso)'
  └
  ✓  Item 3 (Fideicomiso) contains expected properties
  ✓  Item 3 (Fideicomiso) 'singularName' is a non-empty string
  ✓  Item 3 (Fideicomiso) self link is a valid URL
  GET https://api.staging.mercap.com.ar/debt-types/c2b8670a-dec7-4bfd-b5ba-5ce86c0d5eab [200 OK, 855B, 97ms]
  ✓  Item 3 (Fideicomiso) self link returns status 200

❏ Pepper-GS32 / Regression-Test / Exchange Schemes
↳ Get all exchange schemes
  GET https://api.staging.mercap.com.ar/exchange-schemes [200 OK, 4.39kB, 678ms]
  ✓  Response is received
  ✓  Status code is 200
  ✓  Media-Type is correct
  ✓  Items array is present and not empty
  ✓  No duplicate names in items
  ✓  Links are unique for each item
  ✓  Self link matches expected URL
  ┌
  │ '✔ EXCHANGE_SCHEMES_UUID seteado: https://api.staging.
  │ mercap.com.ar/exchange-schemes/150dd7f3-1420-4c76-8ed6
  │ -827667455276'
  └
  ✓  Item 1 (Esquema ARS - USD Oficial) contains expected properties
  ✓  Item 1 (Esquema ARS - USD Oficial) 'name' is non-empty
  ✓  Item 1 (Esquema ARS - USD Oficial) 'targetCurrency' is a valid URL
  ✓  Item 1 (Esquema ARS - USD Oficial) 'self' link is valid URL
  GET https://api.staging.mercap.com.ar/exchange-schemes/150dd7f3-1420-4c76-8ed6-827667455276 [200 OK, 1kB, 237ms]
  ✓  Item 1 (Esquema ARS - USD Oficial) self link returns status 200
  ✓  Item 2 (Esquema USD) contains expected properties
  ✓  Item 2 (Esquema USD) 'name' is non-empty
  ✓  Item 2 (Esquema USD) 'targetCurrency' is a valid URL
  ✓  Item 2 (Esquema USD) 'self' link is valid URL
  GET https://api.staging.mercap.com.ar/exchange-schemes/f8886784-c23d-4de1-a058-5b27fce14ffe [200 OK, 979B, 165ms]
  ✓  Item 2 (Esquema USD) self link returns status 200
  ✓  Item 3 (Esquema EUR) contains expected properties
  ✓  Item 3 (Esquema EUR) 'name' is non-empty
  ✓  Item 3 (Esquema EUR) 'targetCurrency' is a valid URL
  ✓  Item 3 (Esquema EUR) 'self' link is valid URL
  GET https://api.staging.mercap.com.ar/exchange-schemes/1bf50dde-4343-49e7-8a60-62997a6b5001 [200 OK, 979B, 204ms]
  ✓  Item 3 (Esquema EUR) self link returns status 200
  ✓  Item 4 (Esquema CLP) contains expected properties
  ✓  Item 4 (Esquema CLP) 'name' is non-empty
  ✓  Item 4 (Esquema CLP) 'targetCurrency' is a valid URL
  ✓  Item 4 (Esquema CLP) 'self' link is valid URL
  GET https://api.staging.mercap.com.ar/exchange-schemes/1cb8b99b-86b7-4036-9124-8f809066ed41 [200 OK, 979B, 192ms]
  ✓  Item 4 (Esquema CLP) self link returns status 200
  ✓  Item 5 (Esquema GBP) contains expected properties
  ✓  Item 5 (Esquema GBP) 'name' is non-empty
  ✓  Item 5 (Esquema GBP) 'targetCurrency' is a valid URL
  ✓  Item 5 (Esquema GBP) 'self' link is valid URL
  GET https://api.staging.mercap.com.ar/exchange-schemes/9bd90858-0402-49fc-9975-0a1daf381643 [200 OK, 977B, 202ms]
  ✓  Item 5 (Esquema GBP) self link returns status 200
  ✓  Item 6 (Esquema PYG) contains expected properties
  ✓  Item 6 (Esquema PYG) 'name' is non-empty
  ✓  Item 6 (Esquema PYG) 'targetCurrency' is a valid URL
  ✓  Item 6 (Esquema PYG) 'self' link is valid URL
  GET https://api.staging.mercap.com.ar/exchange-schemes/d85f0a6d-1a80-4f8d-b58b-b4818a47d8c6 [200 OK, 975B, 194ms]
  ✓  Item 6 (Esquema PYG) self link returns status 200
  ✓  Item 7 (USD MEP) contains expected properties
  ✓  Item 7 (USD MEP) 'name' is non-empty
  ✓  Item 7 (USD MEP) 'targetCurrency' is a valid URL
  ✓  Item 7 (USD MEP) 'self' link is valid URL
  GET https://api.staging.mercap.com.ar/exchange-schemes/cf410c0e-ab29-489f-96d3-db0c857240d2 [200 OK, 973B, 203ms]
  ✓  Item 7 (USD MEP) self link returns status 200
  ✓  Item 8 (Esquema ARS - USD MEP) contains expected properties
  ✓  Item 8 (Esquema ARS - USD MEP) 'name' is non-empty
  ✓  Item 8 (Esquema ARS - USD MEP) 'targetCurrency' is a valid URL
  ✓  Item 8 (Esquema ARS - USD MEP) 'self' link is valid URL
  GET https://api.staging.mercap.com.ar/exchange-schemes/b0692058-1c49-4ed8-b2ca-3fe84a8c2c49 [200 OK, 995B, 193ms]
  ✓  Item 8 (Esquema ARS - USD MEP) self link returns status 200
  ✓  Item 9 (Esquema ARS - USD CCL) contains expected properties
  ✓  Item 9 (Esquema ARS - USD CCL) 'name' is non-empty
  ✓  Item 9 (Esquema ARS - USD CCL) 'targetCurrency' is a valid URL
  ✓  Item 9 (Esquema ARS - USD CCL) 'self' link is valid URL
  GET https://api.staging.mercap.com.ar/exchange-schemes/f512817f-1d31-4cea-b325-691c2c05c031 [200 OK, 981B, 201ms]
  ✓  Item 9 (Esquema ARS - USD CCL) self link returns status 200
  ✓  Item 10 ((MPC) Esquema USD - Oficial) contains expected properties
  ✓  Item 10 ((MPC) Esquema USD - Oficial) 'name' is non-empty
  ✓  Item 10 ((MPC) Esquema USD - Oficial) 'targetCurrency' is a valid URL
  ✓  Item 10 ((MPC) Esquema USD - Oficial) 'self' link is valid URL
  GET https://api.staging.mercap.com.ar/exchange-schemes/c0f4f0d8-6db9-44b2-8679-019e8029e79a [200 OK, 997B, 199ms]
  ✓  Item 10 ((MPC) Esquema USD - Oficial) self link returns status 200

↳ Get exchange scheme by UUID
  GET https://api.staging.mercap.com.ar/exchange-schemes/150dd7f3-1420-4c76-8ed6-827667455276 [200 OK, 1kB, 51ms]
  ✓  Response is received
  ✓  Status code is 200
  ✓  Media-Type is correct
  ┌
  │ 'Response has correct properties.'
  └
  ✓  Response has correct properties
  ┌
  │ 'targetCurrency belongs to the correct domain.'
  └
  ✓  TargetCurrency belongs to the correct domain
  ┌
  │ 'Self link is correct:', 'https://api.staging.mercap.c
  │ om.ar/exchange-schemes/150dd7f3-1420-4c76-8ed6-8276674
  │ 55276'
  └
  ✓  Self link is correct

❏ Pepper-GS32 / Regression-Test / Investments
↳ Create an investment
  ┌
  │ '▶ [undefined] Ejecutando con ticker: AL30'
  └
  GET https://api.staging.mercap.com.ar/tradable-securities?query=AL30&tradeDate=2026-09-16 [200 OK, 2.64kB, 66ms]
  ┌
  │ '📌 TRADABLE_SECURITY_URL: https://api.staging.mercap.
  │ com.ar/tradable-securities/6cfdf5ed-d8da-411a-8e86-b1b
  │ beef54f45'
  └
  POST https://api.staging.mercap.com.ar/investments [201 Created, 1.83kB, 2.5s]
  ┌
  │ 'Response received successfully with status 201 Create
  │ d.'
  └
  ✓  Response is received
  ┌
  │ 'Content-Type header is correct.'
  └
  ✓  Media-Type is correct
  ┌
  │ 'Response body is not empty.'
  └
  ✓  Response body is not empty
  ┌
  │ 'Response contains all expected properties.'
  └
  ✓  Response contains expected properties
  ┌
  │ 'No fields are null.'
  └
  ✓  No fields are null
  ┌
  │ 'Optional property exchangeRateSensitivity is present.
  │ '
  └
  ✓  Links contain expected mandatory and optional properties
  ┌
  │ 'All links are valid URLs.'
  └
  ✓  All links are valid URLs
  ┌
  │ 'Security link is valid.'
  └
  ✓  Security is a valid URL
  ┌
  │ 'Security link is correct:', 'https://api.staging.merc
  │ ap.com.ar/tradable-securities/6cfdf5ed-d8da-411a-8e86-
  │ b1bbeef54f45'
  └
  ✓  Security link is correct
  ┌
  │ 'Investment contains all expected properties.'
  └
  ✓  Investment contains expected properties
  ┌
  │ 'Settlement Date is correct.'
  └
  ✓  Settlement Date is correct
  ┌
  │ 'Investment Settlement Date is correct.'
  └
  ✓  Investment Settlement Date is correct
  ┌
  │ 'Asset amount is correct.'
  └
  ✓  Asset amount is correct
  ┌
  │ 'Every amount is correct.'
  └
  ✓  Every amount is correct
  ┌
  │ 'Price type is correct.'
  └
  ✓  Price type is correct
  ┌
  │ 'Price isDirty is true.'
  └
  ✓  Price isDirty is true
  ┌
  │ '✔ SELF_INVESTMENT =', 'https://api.staging.mercap.com
  │ .ar/investments/1'
  │ '✔ INTERNAL_RATE_OF_RETURN_SENSITIVITY =', 'https://ap
  │ i.staging.mercap.com.ar/investments/1/irr-sensitivity'
  │ '✔ INVESTMENT_METRICS =', 'https://api.staging.mercap.
  │ com.ar/investments/1/metrics'
  │ '✔ PRICE_SENSITIVITY =', 'https://api.staging.mercap.c
  │ om.ar/investments/1/price-sensitivity'
  │ '✔ EXCHANGE_RATE_SENSITIVITY =', 'https://api.staging.
  │ mercap.com.ar/investments/1/exchange-rate-sensitivity'
  └

↳ Get investment by ID
  ┌
  │ '▶ [undefined] Ejecutando con ticker: AL30'
  └
  GET https://api.staging.mercap.com.ar/tradable-securities?query=AL30&tradeDate=2026-09-16 [200 OK, 2.64kB, 48ms]
  ┌
  │ '📌 TRADABLE_SECURITY_URL: https://api.staging.mercap.
  │ com.ar/tradable-securities/6cfdf5ed-d8da-411a-8e86-b1b
  │ beef54f45'
  └
  GET https://api.staging.mercap.com.ar/investments/1 [200 OK, 1.84kB, 165ms]
  ┌
  │ 'Response received successfully with status 200 OK.'
  └
  ✓  Response is received
  ┌
  │ 'Content-Type header is correct.'
  └
  ✓  Media-Type is correct
  ┌
  │ 'Response body is not empty.'
  └
  ✓  Response body is not empty
  ┌
  │ 'Response contains all expected properties.'
  └
  ✓  Response contains expected properties
  ┌
  │ 'No fields are null.'
  └
  ✓  No fields are null
  ┌
  │ 'Optional property exchangeRateSensitivity is present.
  │ '
  └
  ✓  Links contain expected mandatory and optional properties
  ┌
  │ 'All links are valid URLs.'
  └
  ✓  All links are valid URLs
  ┌
  │ 'Security link is valid.'
  └
  ✓  Security is a valid URL
  ┌
  │ 'Security link is correct:', 'https://api.staging.merc
  │ ap.com.ar/tradable-securities/6cfdf5ed-d8da-411a-8e86-
  │ b1bbeef54f45'
  └
  ✓  Security link is correct
  ┌
  │ 'Investment contains all expected properties.'
  └
  ✓  Investment contains expected properties
  ┌
  │ 'Settlement Date is correct.'
  └
  ✓  Settlement Date is correct
  ┌
  │ 'Investment Settlement Date is correct.'
  └
  ✓  Investment Settlement Date is correct
  ┌
  │ 'Asset amount is correct.'
  └
  ✓  Asset amount is correct
  ┌
  │ 'Every amount is correct.'
  └
  ✓  Every amount is correct
  ┌
  │ 'Price type is correct.'
  └
  ✓  Price type is correct
  ┌
  │ 'Price isDirty is true.'
  └
  ✓  Price isDirty is true
  ┌
  │ '✔ SELF_INVESTMENT =', 'https://api.staging.mercap.com
  │ .ar/investments/1'
  │ '✔ INTERNAL_RATE_OF_RETURN_SENSITIVITY =', 'https://ap
  │ i.staging.mercap.com.ar/investments/1/irr-sensitivity'
  │ '✔ INVESTMENT_METRICS =', 'https://api.staging.mercap.
  │ com.ar/investments/1/metrics'
  │ '✔ PRICE_SENSITIVITY =', 'https://api.staging.mercap.c
  │ om.ar/investments/1/price-sensitivity'
  │ '✔ EXCHANGE_RATE_SENSITIVITY =', 'https://api.staging.
  │ mercap.com.ar/investments/1/exchange-rate-sensitivity'
  └

↳ Get investment metrics by ID
  ┌
  │ '▶ [undefined] Ejecutando con ticker: AL30'
  └
  GET https://api.staging.mercap.com.ar/tradable-securities?query=AL30&tradeDate=2026-09-16 [200 OK, 2.64kB, 48ms]
  ┌
  │ '📌 TRADABLE_SECURITY_URL: https://api.staging.mercap.
  │ com.ar/tradable-securities/6cfdf5ed-d8da-411a-8e86-b1b
  │ beef54f45'
  └
  GET https://api.staging.mercap.com.ar/investments/1/metrics [200 OK, 2.19kB, 7.4s]
  ✓  Response is received
  ✓  Status code is 200
  ✓  Media-Type is correct
  ✓  Response contains required properties
  ✓  Mandatory numeric fields have correct type
  ✓  lastQuote structure is valid when present
  ✓  lastIntradayQuote structure is valid
  ✓  Cost and residualAmount structure is valid
  ✓  Optional fields are valid when present
  ✓  Links object exists

↳ Get investment irr sensitivity by ID
  ┌
  │ '▶ [undefined] Ejecutando con ticker: AL30'
  └
  GET https://api.staging.mercap.com.ar/tradable-securities?query=AL30&tradeDate=2026-09-16 [200 OK, 2.64kB, 147ms]
  ┌
  │ '📌 TRADABLE_SECURITY_URL: https://api.staging.mercap.
  │ com.ar/tradable-securities/6cfdf5ed-d8da-411a-8e86-b1b
  │ beef54f45'
  └
  GET https://api.staging.mercap.com.ar/investments/1/irr-sensitivity [200 OK, 2.45kB, 2.8s]
  ✓  Response is received
  ✓  Status code is 200
  ✓  Media-Type is correct
  ✓  Response body is not empty
  ✓  No main fields are null
  ✓  Results array is valid
  ┌
  │ 'Baseline contains all mandatory properties.'
  └
  ✓  Baseline mandatory properties are present
  ✓  Baseline optional properties are valid when present
  ┌
  │ 'Result 1 contains all mandatory fields.'
  │ 'Result 2 contains all mandatory fields.'
  │ 'Result 3 contains all mandatory fields.'
  │ 'Result 4 contains all mandatory fields.'
  │ 'Result 5 contains all mandatory fields.'
  │ 'Result 6 contains all mandatory fields.'
  │ 'Result 7 contains all mandatory fields.'
  │ 'Result 8 contains all mandatory fields.'
  │ 'Result 9 contains all mandatory fields.'
  │ 'Result 10 contains all mandatory fields.'
  │ 'Result 11 contains all mandatory fields.'
  └
  ✓  Each result contains mandatory properties

↳ Get investment price sensitivity by ID
  ┌
  │ '▶ [undefined] Ejecutando con ticker: AL30'
  └
  GET https://api.staging.mercap.com.ar/tradable-securities?query=AL30&tradeDate=2026-09-16 [200 OK, 2.63kB, 54ms]
  ┌
  │ '📌 TRADABLE_SECURITY_URL: https://api.staging.mercap.
  │ com.ar/tradable-securities/6cfdf5ed-d8da-411a-8e86-b1b
  │ beef54f45'
  └
  GET https://api.staging.mercap.com.ar/investments/1/price-sensitivity [200 OK, 2.3kB, 846ms]
  ✓  Response is received
  ✓  Status code is 200
  ✓  Media-Type is correct
  ✓  Response body is not empty
  ✓  No main fields are null
  ✓  Results array is valid
  ┌
  │ 'Step contains numberOfBasisPoint: 500'
  └
  ✓  Step contains expected properties
  ┌
  │ 'Baseline contains all expected properties.'
  └
  ✓  Baseline contains expected properties
  ┌
  │ 'Result 1 contains all expected properties.'
  │ 'Result 2 contains all expected properties.'
  │ 'Result 3 contains all expected properties.'
  │ 'Result 4 contains all expected properties.'
  │ 'Result 5 contains all expected properties.'
  │ 'Result 6 contains all expected properties.'
  │ 'Result 7 contains all expected properties.'
  │ 'Result 8 contains all expected properties.'
  │ 'Result 9 contains all expected properties.'
  │ 'Result 10 contains all expected properties.'
  │ 'Result 11 contains all expected properties.'
  └
  ✓  Each result contains expected properties
  ✓  Check that properties in each 'results' have the expected format

↳ Get investment exchange rate sensitivity by ID
  ┌
  │ '▶ [undefined] Ejecutando con ticker: AL30'
  └
  GET https://api.staging.mercap.com.ar/tradable-securities?query=AL30&tradeDate=2026-09-16 [200 OK, 2.64kB, 67ms]
  ┌
  │ '📌 TRADABLE_SECURITY_URL: https://api.staging.mercap.
  │ com.ar/tradable-securities/6cfdf5ed-d8da-411a-8e86-b1b
  │ beef54f45'
  └
  GET https://api.staging.mercap.com.ar/investments/1/exchange-rate-sensitivity [200 OK, 2.52kB, 273ms]
  ✓  Response is received
  ✓  Status code is 200
  ✓  Media-Type is correct
  ✓  Response body is not empty
  ✓  No main fields are null
  ✓  Results array is valid
  ┌
  │ 'Step is correct: 0.01'
  └
  ✓  Step contains expected value
  ┌
  │ 'NumberOfScenarios is 10 and step is 0.01'
  └
  ✓  NumberOfScenarios and step have the expected values

❏ Pepper-GS32 / Regression-Test / Instrument Issuers
↳ Get all instrument issuers
  GET https://api.staging.mercap.com.ar/instrument-issuers [200 OK, 135.59kB, 544ms]
  ✓  Response is received
  ✓  Status code is 200
  ✓  Media-Type is correct
  ✓  Items array is present and not empty
  ✓  No duplicate names in items
  ✓  Links are unique for each item
  ✓  Self link matches expected URL
  ┌
  │ '✔ INSTRUMENT_ISSUERS_UUID seteado: https://api.stagin
  │ g.mercap.com.ar/instrument-issuers/6f5616c7-d1f0-4cd2-
  │ b4b3-bb99184712cf'
  └
  ✓  Item 1 (BCRA) contains expected properties
  ✓  Item 1 (BCRA) 'name' is a non-empty string
  ✓  Item 1 (BCRA) 'self' link is a valid URL
  ✓  Item 2 (Federal Reserve) contains expected properties
  ✓  Item 2 (Federal Reserve) 'name' is a non-empty string
  ✓  Item 2 (Federal Reserve) 'self' link is a valid URL
  ✓  Item 3 (Republica Argentina) contains expected properties
  ✓  Item 3 (Republica Argentina) 'name' is a non-empty string
  ✓  Item 3 (Republica Argentina) 'self' link is a valid URL
  ✓  Item 4 (BCE) contains expected properties
  ✓  Item 4 (BCE) 'name' is a non-empty string
  ✓  Item 4 (BCE) 'self' link is a valid URL
  ✓  Item 5 (Pcia. de Buenos Aires) contains expected properties
  ✓  Item 5 (Pcia. de Buenos Aires) 'name' is a non-empty string
  ✓  Item 5 (Pcia. de Buenos Aires) 'self' link is a valid URL
  ✓  Item 6 (Cdad. de Buenos Aires) contains expected properties
  ✓  Item 6 (Cdad. de Buenos Aires) 'name' is a non-empty string
  ✓  Item 6 (Cdad. de Buenos Aires) 'self' link is a valid URL
  ✓  Item 7 (Tesorería General de la Nación (Argentina)) contains expected properties
  ✓  Item 7 (Tesorería General de la Nación (Argentina)) 'name' is a non-empty string
  ✓  Item 7 (Tesorería General de la Nación (Argentina)) 'self' link is a valid URL
  ✓  Item 8 (Pcia. de Chaco) contains expected properties
  ✓  Item 8 (Pcia. de Chaco) 'name' is a non-empty string
  ✓  Item 8 (Pcia. de Chaco) 'self' link is a valid URL
  ✓  Item 9 (Pcia. de Chubut) contains expected properties
  ✓  Item 9 (Pcia. de Chubut) 'name' is a non-empty string
  ✓  Item 9 (Pcia. de Chubut) 'self' link is a valid URL
  ✓  Item 10 (Pcia. de Entre Ríos) contains expected properties
  ✓  Item 10 (Pcia. de Entre Ríos) 'name' is a non-empty string
  ✓  Item 10 (Pcia. de Entre Ríos) 'self' link is a valid URL
  GET https://api.staging.mercap.com.ar/instrument-issuers/6f5616c7-d1f0-4cd2-b4b3-bb99184712cf   GET https://api.staging.mercap.com.ar/instrument-issuers/89874250-34f0-4358-a261-c13ce5bac46a   GET https://api.staging.mercap.com.ar/instrument-issuers/6dbaafee-d41d-4262-a53e-9df48c0de55a   GET https://api.staging.mercap.com.ar/instrument-issuers/383ff553-5419-4d7a-888d-48c68b1abcd4   GET https://api.staging.mercap.com.ar/instrument-issuers/0cf0cba4-9ccc-4904-9a26-68666dba6568   GET https://api.staging.mercap.com.ar/instrument-issuers/26e53912-2587-4855-9c61-d5e4915b3e49   GET https://api.staging.mercap.com.ar/instrument-issuers/b11a569e-610e-4519-b775-c6cd35dc72fc   GET https://api.staging.mercap.com.ar/instrument-issuers/8d1ba67d-5751-4ccc-8f59-242234628a68   GET https://api.staging.mercap.com.ar/instrument-issuers/88400bd6-f8f5-4da4-91d2-ad6fea90a273   GET https://api.staging.mercap.com.ar/instrument-issuers/66da8712-1d05-4180-b17f-27df7c13b8e2 [200 OK, 867B, 136ms]
  ✓  Item 3 (Republica Argentina) self link returns status 200
[200 OK, 863B, 145ms]
  ✓  Item 2 (Federal Reserve) self link returns status 200
[200 OK, 879B, 154ms]
  ✓  Item 5 (Pcia. de Buenos Aires) self link returns status 200
[200 OK, 896B, 157ms]
  ✓  Item 7 (Tesorería General de la Nación (Argentina)) self link returns status 200
[200 OK, 872B, 161ms]
  ✓  Item 10 (Pcia. de Entre Ríos) self link returns status 200
[200 OK, 852B, 169ms]
  ✓  Item 1 (BCRA) self link returns status 200
[200 OK, 873B, 238ms]
  ✓  Item 6 (Cdad. de Buenos Aires) self link returns status 200
[200 OK, 855B, 241ms]
  ✓  Item 4 (BCE) self link returns status 200
[200 OK, 861B, 245ms]
  ✓  Item 9 (Pcia. de Chubut) self link returns status 200
[200 OK, 858B, 363ms]
  ✓  Item 8 (Pcia. de Chaco) self link returns status 200

↳ Get instrument issuers by UUID
  GET https://api.staging.mercap.com.ar/instrument-issuers/6f5616c7-d1f0-4cd2-b4b3-bb99184712cf [200 OK, 852B, 155ms]
  ✓  Response is received
  ✓  Status code is 200
  ✓  Media-Type is correct
  ┌
  │ 'Response has correct properties (including optional l
  │ inks).'
  └
  ✓  Response has correct properties
  ┌
  │ 'Self link is correct:', 'https://api.staging.mercap.c
  │ om.ar/instrument-issuers/6f5616c7-d1f0-4cd2-b4b3-bb991
  │ 84712cf'
  └
  ✓  Self link is correct

❏ Pepper-GS32 / Regression-Test / Markets
↳ Get all markets
  GET https://api.staging.mercap.com.ar/markets [200 OK, 1.54kB, 366ms]
  ✓  Response is received
  ✓  Status code is 200
  ✓  Media-Type is correct
  ✓  Items array is present and not empty
  ✓  No duplicate names in items
  ✓  Links are unique for each item
  ✓  Self link matches expected URL
  ┌
  │ '✔ MARKETS_UUID seteado: https://api.staging.mercap.co
  │ m.ar/markets/4caa715b-06cb-428f-ac4c-f40a872a1064'
  └
  ✓  Item 1 (BYMA) contains expected properties
  ✓  Item 1 (BYMA) 'name' is a non-empty string
  ✓  Item 1 (BYMA) 'self' link is a valid URL
  ✓  Item 2 (Mercado Internacional) contains expected properties
  ✓  Item 2 (Mercado Internacional) 'name' is a non-empty string
  ✓  Item 2 (Mercado Internacional) 'self' link is a valid URL
  ✓  Item 3 (Mercado de Fondos) contains expected properties
  ✓  Item 3 (Mercado de Fondos) 'name' is a non-empty string
  ✓  Item 3 (Mercado de Fondos) 'self' link is a valid URL
  ✓  Item 4 (VALMERCAP) contains expected properties
  ✓  Item 4 (VALMERCAP) 'name' is a non-empty string
  ✓  Item 4 (VALMERCAP) 'self' link is a valid URL
  ✓  Item 5 (OTC) contains expected properties
  ✓  Item 5 (OTC) 'name' is a non-empty string
  ✓  Item 5 (OTC) 'self' link is a valid URL
  ✓  Item 6 (CBONDS) contains expected properties
  ✓  Item 6 (CBONDS) 'name' is a non-empty string
  ✓  Item 6 (CBONDS) 'self' link is a valid URL
  GET https://api.staging.mercap.com.ar/markets/4caa715b-06cb-428f-ac4c-f40a872a1064   GET https://api.staging.mercap.com.ar/markets/48ad8a13-23a9-4a7d-81bb-32d0f7135f83   GET https://api.staging.mercap.com.ar/markets/400215b2-e24b-45a2-b0bc-ba3fee932ba2   GET https://api.staging.mercap.com.ar/markets/09f99b78-0440-48d1-a438-44d1e798d774   GET https://api.staging.mercap.com.ar/markets/8d92b182-30ea-4bc0-9d84-d221a606bc91   GET https://api.staging.mercap.com.ar/markets/384d384f-5c45-4d90-9ead-f022c6b970f6 [200 OK, 845B, 102ms]
  ✓  Item 5 (OTC) self link returns status 200
[200 OK, 867B, 207ms]
  ✓  Item 3 (Mercado de Fondos) self link returns status 200
[200 OK, 871B, 211ms]
  ✓  Item 2 (Mercado Internacional) self link returns status 200
[200 OK, 856B, 223ms]
  ✓  Item 1 (BYMA) self link returns status 200
[200 OK, 848B, 224ms]
  ✓  Item 6 (CBONDS) self link returns status 200
[200 OK, 867B, 225ms]
  ✓  Item 4 (VALMERCAP) self link returns status 200

↳ Get markets by UUID
  GET https://api.staging.mercap.com.ar/markets/4caa715b-06cb-428f-ac4c-f40a872a1064 [200 OK, 869B, 80ms]
  ✓  Response is received
  ✓  Status code is 200
  ✓  Media-Type is correct
  ┌
  │ 'Response has correct properties.'
  └
  ✓  Response has correct properties
  ┌
  │ 'Self link is correct:', 'https://api.staging.mercap.c
  │ om.ar/markets/4caa715b-06cb-428f-ac4c-f40a872a1064'
  └
  ✓  Self link is correct

❏ Pepper-GS32 / Regression-Test / Mutual Fund Types
↳ Get all mutual fund types
  GET https://api.staging.mercap.com.ar/mutual-fund-types [200 OK, 1.54kB, 741ms]
  ✓  Response is received
  ✓  Status code is 200
  ✓  Media-Type is correct
  ✓  Items array is present and not empty
  ✓  No duplicate names in items
  ✓  Links are unique for each item
  ✓  Self link matches expected URL
  ┌
  │ '✔ MUTUAL_FUND_TYPES_UUID seteado: https://api.staging
  │ .mercap.com.ar/mutual-fund-types/01d9b1af-d6e9-43a8-a1
  │ 0a-6675bdf9992c'
  └
  ✓  Item 1 (Renta Fija) contains expected properties
  ✓  Item 1 (Renta Fija) 'name' is a non-empty string
  ✓  Item 1 (Renta Fija) 'self' link is a valid URL
  ✓  Item 2 (Renta Variable) contains expected properties
  ✓  Item 2 (Renta Variable) 'name' is a non-empty string
  ✓  Item 2 (Renta Variable) 'self' link is a valid URL
  ✓  Item 3 (Mixto) contains expected properties
  ✓  Item 3 (Mixto) 'name' is a non-empty string
  ✓  Item 3 (Mixto) 'self' link is a valid URL
  ✓  Item 4 (Money Market) contains expected properties
  ✓  Item 4 (Money Market) 'name' is a non-empty string
  ✓  Item 4 (Money Market) 'self' link is a valid URL
  ✓  Item 5 (Infraestructura) contains expected properties
  ✓  Item 5 (Infraestructura) 'name' is a non-empty string
  ✓  Item 5 (Infraestructura) 'self' link is a valid URL
  ✓  Item 6 (Otros) contains expected properties
  ✓  Item 6 (Otros) 'name' is a non-empty string
  ✓  Item 6 (Otros) 'self' link is a valid URL
  ┌
  │ "At least one item has 'Renta Variable' as name."
  └
  ✓  At least one item has 'Renta Variable' as name
  GET https://api.staging.mercap.com.ar/mutual-fund-types/01d9b1af-d6e9-43a8-a10a-6675bdf9992c   GET https://api.staging.mercap.com.ar/mutual-fund-types/5b136c50-48ff-4147-ba18-458b6915bb08   GET https://api.staging.mercap.com.ar/mutual-fund-types/8ad01c33-186b-4ca7-8b05-37afe197fa52   GET https://api.staging.mercap.com.ar/mutual-fund-types/fe2a9cf8-c614-4815-89fa-60892afad14e   GET https://api.staging.mercap.com.ar/mutual-fund-types/ebf42d78-8395-4bd0-8dbb-048976b7a2f5   GET https://api.staging.mercap.com.ar/mutual-fund-types/c53586fa-4327-459b-b059-1e75dc824816 [200 OK, 862B, 143ms]
  ✓  Item 2 (Renta Variable) self link returns status 200
[200 OK, 857B, 145ms]
  ✓  Item 3 (Mixto) self link returns status 200
[200 OK, 854B, 155ms]
  ✓  Item 1 (Renta Fija) self link returns status 200
[200 OK, 865B, 162ms]
  ✓  Item 5 (Infraestructura) self link returns status 200
[200 OK, 857B, 167ms]
  ✓  Item 6 (Otros) self link returns status 200
[200 OK, 870B, 174ms]
  ✓  Item 4 (Money Market) self link returns status 200

↳ Get mutual fund type by UUID
  GET https://api.staging.mercap.com.ar/mutual-fund-types/01d9b1af-d6e9-43a8-a10a-6675bdf9992c [200 OK, 868B, 252ms]
  ✓  Response is received
  ✓  Status code is 200
  ✓  Media-Type is correct
  ┌
  │ 'Response has the correct properties.'
  └
  ✓  Response has correct properties
  ┌
  │ 'Self link is correct:', 'https://api.staging.mercap.c
  │ om.ar/mutual-fund-types/01d9b1af-d6e9-43a8-a10a-6675bd
  │ f9992c'
  └
  ✓  Self link is correct

❏ Pepper-GS32 / Regression-Test / Mutual Fund Shares
↳ Get all mutual fund shares
  GET https://api.staging.mercap.com.ar/mutual-fund-shares [200 OK, 5.15kB, 206ms]
  ✓  Response is received
  ✓  Status code is 200
  ✓  Media-Type is correct
  ✓  Items array is present
  ✓  No duplicate names in items
  ✓  Links are unique for each item
  ✓  Self link matches expected URL
  ┌
  │ '✔ MUTUAL_FUND_SHARE_UUID seteado: https://api.staging
  │ .mercap.com.ar/mutual-fund-shares/b45091ea-b613-47c1-8
  │ 1b5-955f6e689f4d'
  │ '▶ Testing Item 1 (Gainvest Renta Variable - Clase A)'
  └
  ✓  Item 1 (Gainvest Renta Variable - Clase A) contains expected properties
  ✓  Item 1 (Gainvest Renta Variable - Clase A) 'name' is a non-empty string
  ✓  Item 1 (Gainvest Renta Variable - Clase A) 'issueCurrency' is a valid URL
  ✓  Item 1 (Gainvest Renta Variable - Clase A) 'smallestDenomination' has valid values
  ┌
  │ '▶ Testing Item 2 (Gainvest Renta Variable - Clase B)'
  └
  ✓  Item 2 (Gainvest Renta Variable - Clase B) contains expected properties
  ✓  Item 2 (Gainvest Renta Variable - Clase B) 'name' is a non-empty string
  ✓  Item 2 (Gainvest Renta Variable - Clase B) 'issueCurrency' is a valid URL
  ✓  Item 2 (Gainvest Renta Variable - Clase B) 'smallestDenomination' has valid values
  ┌
  │ '▶ Testing Item 3 (Pellegrini Renta Fija - Clase A)'
  └
  ✓  Item 3 (Pellegrini Renta Fija - Clase A) contains expected properties
  ✓  Item 3 (Pellegrini Renta Fija - Clase A) 'name' is a non-empty string
  ✓  Item 3 (Pellegrini Renta Fija - Clase A) 'issueCurrency' is a valid URL
  ✓  Item 3 (Pellegrini Renta Fija - Clase A) 'smallestDenomination' has valid values
  ┌
  │ '▶ Testing Item 4 (Pellegrini Renta Fija - Clase B)'
  └
  ✓  Item 4 (Pellegrini Renta Fija - Clase B) contains expected properties
  ✓  Item 4 (Pellegrini Renta Fija - Clase B) 'name' is a non-empty string
  ✓  Item 4 (Pellegrini Renta Fija - Clase B) 'issueCurrency' is a valid URL
  ✓  Item 4 (Pellegrini Renta Fija - Clase B) 'smallestDenomination' has valid values
  ┌
  │ '▶ Testing Item 5 (Pellegrini Renta Publica Federal - 
  │ Clase A)'
  └
  ✓  Item 5 (Pellegrini Renta Publica Federal - Clase A) contains expected properties
  ✓  Item 5 (Pellegrini Renta Publica Federal - Clase A) 'name' is a non-empty string
  ✓  Item 5 (Pellegrini Renta Publica Federal - Clase A) 'issueCurrency' is a valid URL
  ✓  Item 5 (Pellegrini Renta Publica Federal - Clase A) 'smallestDenomination' has valid values
  ┌
  │ '▶ Testing Item 6 (Pellegrini Renta Publica Federal - 
  │ Clase B)'
  └
  ✓  Item 6 (Pellegrini Renta Publica Federal - Clase B) contains expected properties
  ✓  Item 6 (Pellegrini Renta Publica Federal - Clase B) 'name' is a non-empty string
  ✓  Item 6 (Pellegrini Renta Publica Federal - Clase B) 'issueCurrency' is a valid URL
  ✓  Item 6 (Pellegrini Renta Publica Federal - Clase B) 'smallestDenomination' has valid values
  ┌
  │ '▶ Testing Item 7 (Alpha Renta Fija Serie 4 - Clase A)
  │ '
  └
  ✓  Item 7 (Alpha Renta Fija Serie 4 - Clase A) contains expected properties
  ✓  Item 7 (Alpha Renta Fija Serie 4 - Clase A) 'name' is a non-empty string
  ✓  Item 7 (Alpha Renta Fija Serie 4 - Clase A) 'issueCurrency' is a valid URL
  ✓  Item 7 (Alpha Renta Fija Serie 4 - Clase A) 'smallestDenomination' has valid values
  ┌
  │ '▶ Testing Item 8 (Alpha Renta Fija Serie 4 - Clase B)
  │ '
  └
  ✓  Item 8 (Alpha Renta Fija Serie 4 - Clase B) contains expected properties
  ✓  Item 8 (Alpha Renta Fija Serie 4 - Clase B) 'name' is a non-empty string
  ✓  Item 8 (Alpha Renta Fija Serie 4 - Clase B) 'issueCurrency' is a valid URL
  ✓  Item 8 (Alpha Renta Fija Serie 4 - Clase B) 'smallestDenomination' has valid values
  ┌
  │ '▶ Testing Item 9 (Alpha Pesos - Clase A)'
  └
  ✓  Item 9 (Alpha Pesos - Clase A) contains expected properties
  ✓  Item 9 (Alpha Pesos - Clase A) 'name' is a non-empty string
  ✓  Item 9 (Alpha Pesos - Clase A) 'issueCurrency' is a valid URL
  ✓  Item 9 (Alpha Pesos - Clase A) 'smallestDenomination' has valid values
  ┌
  │ '▶ Testing Item 10 (Alpha Pesos - Clase B)'
  └
  ✓  Item 10 (Alpha Pesos - Clase B) contains expected properties
  ✓  Item 10 (Alpha Pesos - Clase B) 'name' is a non-empty string
  ✓  Item 10 (Alpha Pesos - Clase B) 'issueCurrency' is a valid URL
  ✓  Item 10 (Alpha Pesos - Clase B) 'smallestDenomination' has valid values
  GET https://api.staging.mercap.com.ar/mutual-fund-shares/b45091ea-b613-47c1-81b5-955f6e689f4d   GET https://api.staging.mercap.com.ar/mutual-fund-shares/e6dd7274-3da3-4fa9-8058-cb4cf0bfa2c5   GET https://api.staging.mercap.com.ar/mutual-fund-shares/2943749b-fd71-483c-8bc2-d0f88763254f   GET https://api.staging.mercap.com.ar/mutual-fund-shares/506c915b-6e58-4a0d-96c2-a1be22065424   GET https://api.staging.mercap.com.ar/mutual-fund-shares/13854960-b51d-4b8c-a67e-4dccc3495fff   GET https://api.staging.mercap.com.ar/mutual-fund-shares/bfe687a7-17f7-41c6-89ab-5ec793d05b88   GET https://api.staging.mercap.com.ar/mutual-fund-shares/6e5ddd18-7bb6-4ee5-8fae-143a7780f92d   GET https://api.staging.mercap.com.ar/mutual-fund-shares/d9221c2a-4e98-424b-993e-174ac44e02dd   GET https://api.staging.mercap.com.ar/mutual-fund-shares/86836316-069d-4c49-9a7f-2bb1b3290380   GET https://api.staging.mercap.com.ar/mutual-fund-shares/63e912ff-869b-4cf4-8eb8-7dec0a9736de [200 OK, 1.15kB, 171ms]
  ✓  Item 3 (Pellegrini Renta Fija - Clase A) self link returns status 200
[200 OK, 1.15kB, 173ms]
  ✓  Item 4 (Pellegrini Renta Fija - Clase B) self link returns status 200
[200 OK, 1.13kB, 184ms]
  ✓  Item 1 (Gainvest Renta Variable - Clase A) self link returns status 200
[200 OK, 1.16kB, 185ms]
  ✓  Item 8 (Alpha Renta Fija Serie 4 - Clase B) self link returns status 200
[200 OK, 1.16kB, 194ms]
  ✓  Item 7 (Alpha Renta Fija Serie 4 - Clase A) self link returns status 200
[200 OK, 1.13kB, 200ms]
  ✓  Item 2 (Gainvest Renta Variable - Clase B) self link returns status 200
[200 OK, 1.14kB, 204ms]
  ✓  Item 10 (Alpha Pesos - Clase B) self link returns status 200
[200 OK, 1.17kB, 262ms]
  ✓  Item 5 (Pellegrini Renta Publica Federal - Clase A) self link returns status 200
[200 OK, 1.17kB, 264ms]
  ✓  Item 6 (Pellegrini Renta Publica Federal - Clase B) self link returns status 200
[200 OK, 1.13kB, 266ms]
  ✓  Item 9 (Alpha Pesos - Clase A) self link returns status 200

↳ Get mutual fund share by UUID
  ┌
  │ '🚀 Ejecutando request para UUID: https://api.staging.
  │ mercap.com.ar/mutual-fund-shares/b45091ea-b613-47c1-81
  │ b5-955f6e689f4d'
  └
  GET https://api.staging.mercap.com.ar/mutual-fund-shares/b45091ea-b613-47c1-81b5-955f6e689f4d [200 OK, 1.14kB, 85ms]
  ✓  Response is received
  ✓  Status code is 200
  ✓  Media-Type is correct
  ┌
  │ 'Response has correct properties.'
  └
  ✓  Response has correct properties
  ┌
  │ 'Self link is correct:', 'https://api.staging.mercap.c
  │ om.ar/mutual-fund-shares/b45091ea-b613-47c1-81b5-955f6
  │ e689f4d'
  └
  ✓  Self link is correct
  ┌
  │ "smallestDenomination base is '1'."
  └
  ✓  smallestDenomination base is '1'
  ┌
  │ "smallestDenomination increment is '1'."
  └
  ✓  smallestDenomination increment is '1'

❏ Pepper-GS32 / Regression-Test / Stocks
↳ Get all stocks
  GET https://api.staging.mercap.com.ar/stocks [200 OK, 4.31kB, 176ms]
  ✓  Response is received
  ✓  Status code is 200
  ✓  Media-Type is correct
  ✓  Items array is present
  ✓  No duplicate names in items
  ✓  Links are unique for each item
  ✓  Self link matches expected URL
  ┌
  │ '✔ STOCKS_UUID seteado: https://api.staging.mercap.com
  │ .ar/stocks/6ff2eccb-d13f-49d1-9f6e-afda6e43ab96'
  │ '\n▶ Testing Item 1 (A3.BA)'
  └
  ✓  Item 1 (A3.BA) contains expected properties
  ✓  Item 1 (A3.BA) 'name' is a non-empty string
  ✓  Item 1 (A3.BA) 'issuer' is a non-empty string
  ✓  Item 1 (A3.BA) 'issueCurrency' is a valid URL
  ✓  Item 1 (A3.BA) 'self' link is a valid URL
  GET https://api.staging.mercap.com.ar/stocks/6ff2eccb-d13f-49d1-9f6e-afda6e43ab96 [200 OK, 1.06kB, 176ms]
  ✓  Item 1 (A3.BA) self link returns status 200
  ┌
  │ '\n▶ Testing Item 2 (AAL.BA)'
  └
  ✓  Item 2 (AAL.BA) contains expected properties
  ✓  Item 2 (AAL.BA) 'name' is a non-empty string
  ✓  Item 2 (AAL.BA) 'issuer' is a non-empty string
  ✓  Item 2 (AAL.BA) 'issueCurrency' is a valid URL
  ✓  Item 2 (AAL.BA) 'self' link is a valid URL
  GET https://api.staging.mercap.com.ar/stocks/7480a764-16d4-48fb-965f-ff92f84ed477 [200 OK, 1.07kB, 199ms]
  ✓  Item 2 (AAL.BA) self link returns status 200
  ┌
  │ '\n▶ Testing Item 3 (AAP.BA)'
  └
  ✓  Item 3 (AAP.BA) contains expected properties
  ✓  Item 3 (AAP.BA) 'name' is a non-empty string
  ✓  Item 3 (AAP.BA) 'issuer' is a non-empty string
  ✓  Item 3 (AAP.BA) 'issueCurrency' is a valid URL
  ✓  Item 3 (AAP.BA) 'self' link is a valid URL
  GET https://api.staging.mercap.com.ar/stocks/b36e04ad-6d91-47a4-8eaa-1d831dad62d3 [200 OK, 1.07kB, 194ms]
  ✓  Item 3 (AAP.BA) self link returns status 200
  ┌
  │ '\n▶ Testing Item 4 (AAPL.BA)'
  └
  ✓  Item 4 (AAPL.BA) contains expected properties
  ✓  Item 4 (AAPL.BA) 'name' is a non-empty string
  ✓  Item 4 (AAPL.BA) 'issuer' is a non-empty string
  ✓  Item 4 (AAPL.BA) 'issueCurrency' is a valid URL
  ✓  Item 4 (AAPL.BA) 'self' link is a valid URL
  GET https://api.staging.mercap.com.ar/stocks/2d21bb48-4e8c-498d-b0a2-f30db68511ea [200 OK, 1.06kB, 198ms]
  ✓  Item 4 (AAPL.BA) self link returns status 200
  ┌
  │ '\n▶ Testing Item 5 (ABBV.BA)'
  └
  ✓  Item 5 (ABBV.BA) contains expected properties
  ✓  Item 5 (ABBV.BA) 'name' is a non-empty string
  ✓  Item 5 (ABBV.BA) 'issuer' is a non-empty string
  ✓  Item 5 (ABBV.BA) 'issueCurrency' is a valid URL
  ✓  Item 5 (ABBV.BA) 'self' link is a valid URL
  GET https://api.staging.mercap.com.ar/stocks/14dafd91-1407-4e04-a0a6-c91c04faf5fe [200 OK, 1.06kB, 215ms]
  ✓  Item 5 (ABBV.BA) self link returns status 200
  ┌
  │ '\n▶ Testing Item 6 (ABEV.BA)'
  └
  ✓  Item 6 (ABEV.BA) contains expected properties
  ✓  Item 6 (ABEV.BA) 'name' is a non-empty string
  ✓  Item 6 (ABEV.BA) 'issuer' is a non-empty string
  ✓  Item 6 (ABEV.BA) 'issueCurrency' is a valid URL
  ✓  Item 6 (ABEV.BA) 'self' link is a valid URL
  GET https://api.staging.mercap.com.ar/stocks/41590ed6-55a6-4c2f-a318-7d21c131216e [200 OK, 1.05kB, 182ms]
  ✓  Item 6 (ABEV.BA) self link returns status 200
  ┌
  │ '\n▶ Testing Item 7 (ABNB.BA)'
  └
  ✓  Item 7 (ABNB.BA) contains expected properties
  ✓  Item 7 (ABNB.BA) 'name' is a non-empty string
  ✓  Item 7 (ABNB.BA) 'issuer' is a non-empty string
  ✓  Item 7 (ABNB.BA) 'issueCurrency' is a valid URL
  ✓  Item 7 (ABNB.BA) 'self' link is a valid URL
  GET https://api.staging.mercap.com.ar/stocks/e3684bf6-56f5-4c13-97e7-16a34173a060 [200 OK, 1.06kB, 199ms]
  ✓  Item 7 (ABNB.BA) self link returns status 200
  ┌
  │ '\n▶ Testing Item 8 (ABT.BA)'
  └
  ✓  Item 8 (ABT.BA) contains expected properties
  ✓  Item 8 (ABT.BA) 'name' is a non-empty string
  ✓  Item 8 (ABT.BA) 'issuer' is a non-empty string
  ✓  Item 8 (ABT.BA) 'issueCurrency' is a valid URL
  ✓  Item 8 (ABT.BA) 'self' link is a valid URL
  GET https://api.staging.mercap.com.ar/stocks/e901db1d-386b-4c80-b6ee-252367b8fe07 [200 OK, 1.06kB, 214ms]
  ✓  Item 8 (ABT.BA) self link returns status 200
  ┌
  │ '\n▶ Testing Item 9 (ACN.BA)'
  └
  ✓  Item 9 (ACN.BA) contains expected properties
  ✓  Item 9 (ACN.BA) 'name' is a non-empty string
  ✓  Item 9 (ACN.BA) 'issuer' is a non-empty string
  ✓  Item 9 (ACN.BA) 'issueCurrency' is a valid URL
  ✓  Item 9 (ACN.BA) 'self' link is a valid URL
  GET https://api.staging.mercap.com.ar/stocks/d7cc9c4a-da99-458d-b18b-08ec11ac9540 [200 OK, 1.05kB, 182ms]
  ✓  Item 9 (ACN.BA) self link returns status 200
  ┌
  │ '\n▶ Testing Item 10 (ACWI.BA)'
  └
  ✓  Item 10 (ACWI.BA) contains expected properties
  ✓  Item 10 (ACWI.BA) 'name' is a non-empty string
  ✓  Item 10 (ACWI.BA) 'issuer' is a non-empty string
  ✓  Item 10 (ACWI.BA) 'issueCurrency' is a valid URL
  ✓  Item 10 (ACWI.BA) 'self' link is a valid URL
  GET https://api.staging.mercap.com.ar/stocks/54692919-4306-4c23-8323-4f26f6a08af6 [200 OK, 1.06kB, 210ms]
  ✓  Item 10 (ACWI.BA) self link returns status 200
  ┌
  │ '✔ Finished testing stocks (or no stocks to test)'
  └

↳ Get stocks by UUID
  ┌
  │ '🚀 Ejecutando request para Stock UUID: https://api.st
  │ aging.mercap.com.ar/stocks/6ff2eccb-d13f-49d1-9f6e-afd
  │ a6e43ab96'
  └
  GET https://api.staging.mercap.com.ar/stocks/6ff2eccb-d13f-49d1-9f6e-afda6e43ab96 [200 OK, 1.06kB, 223ms]
  ✓  Response is received
  ✓  Status code is 200
  ✓  Media-Type is correct
  ┌
  │ 'Response has correct properties.'
  └
  ✓  Response has correct properties
  ┌
  │ 'Self link is correct:', 'https://api.staging.mercap.c
  │ om.ar/stocks/6ff2eccb-d13f-49d1-9f6e-afda6e43ab96'
  └
  ✓  Self link is correct
  ┌
  │ "smallestDenomination base is '1'."
  └
  ✓  smallestDenomination base is '1'
  ┌
  │ "smallestDenomination increment is '1'."
  └
  ✓  smallestDenomination increment is '1'

❏ Pepper-GS32 / Regression-Test / Tradable Securities
↳ Get tradable securities using only mandatory filters
  ┌
  │ '▶ [undefined] Ejecutando con ticker: AL30'
  │ '📅 VALUATION_DATE seteado a: 2026-09-16'
  └
  GET https://api.staging.mercap.com.ar/tradable-securities?tradeDate=2026-09-16 [200 OK, 13.12kB, 2.3s]
  ✓  Response is received
  ✓  Status code is 200
  ✓  Media-Type is correct
  ✓  Items array is present and not empty
  ✓  Each item has correct properties
  ✓  No duplicate tickers in items
  ✓  Links are unique for each tradable security
  ✓  TradingEvery has value 100 or 1000 for each item
  ✓  Security.type has value Bond for each item
  ✓  Self link is present and has correct structure

↳ Get tradable securities using optional filters - only query
  ┌
  │ '▶ [undefined] Ejecutando con ticker: AL30'
  │ '📅 VALUATION_DATE seteado a: 2026-09-16'
  └
  GET https://api.staging.mercap.com.ar/tradable-securities?tradeDate=2026-09-16&query=AL30 [200 OK, 2.63kB, 1445ms]
  ✓  Response is received
  ✓  Status code is 200
  ✓  Media-Type is correct
  ✓  Items array is present and not empty
  ✓  Each item has correct properties
  ✓  No duplicate tickers in items
  ✓  Links are unique for each tradable security
  ✓  TradingEvery has value 100 or 1000 for each item
  ✓  Security.type has value Bond for each item
  ┌
  │ '✔ TS_SELF: https://api.staging.mercap.com.ar/tradable
  │ -securities/6cfdf5ed-d8da-411a-8e86-b1bbeef54f45'
  │ '✔ TS_METRICS: https://api.staging.mercap.com.ar/trada
  │ ble-securities/6cfdf5ed-d8da-411a-8e86-b1bbeef54f45/me
  │ trics'
  └

↳ Get tradable securities using optional filters - only type
  ┌
  │ '▶ [undefined] Ejecutando con ticker: AL30'
  │ '📅 VALUATION_DATE seteado a: 2026-09-16'
  └
  GET https://api.staging.mercap.com.ar/tradable-securities?tradeDate=2026-09-16&type=Bond [200 OK, 13.18kB, 1534ms]
  ✓  Response is received
  ✓  Status code is 200
  ✓  Media-Type is correct
  ✓  Items array is present and not empty
  ✓  Each item has correct properties
  ✓  No duplicate tickers in items
  ✓  Links are unique for each tradable security
  ✓  TradingEvery has value 100 or 1000 for each item
  ✓  Security.type has value Bond for each item
  ✓  Self link is present and has correct structure

↳ Get tradable securities using optional filters - only market
  ┌
  │ '▶ [undefined] Ejecutando con ticker: AL30'
  │ '📅 VALUATION_DATE seteado a: 2026-09-16'
  │ '🌍 Ubicación: Argentina | 📈 Market asignado: BYMA'
  └
  GET https://api.staging.mercap.com.ar/tradable-securities?tradeDate=2026-09-16&market=BYMA [200 OK, 13.1kB, 1647ms]
  ✓  Response is received
  ✓  Status code is 200
  ✓  Media-Type is correct
  ✓  Items array is present and not empty
  ✓  Each item has correct properties
  ✓  No duplicate tickers in items
  ✓  Links are unique for each tradable security
  ✓  TradingEvery has value 100 or 1000 for each item
  ✓  Security.type has value Bond for each item
  ✓  Self link is present and has correct structure

↳ Get tradable security by UUID
  ┌
  │ '▶ [undefined] Ejecutando con ticker: AL30'
  └
  GET https://api.staging.mercap.com.ar/tradable-securities/6cfdf5ed-d8da-411a-8e86-b1bbeef54f45 [200 OK, 1.34kB, 219ms]
  ┌
  │ 'Response received successfully.'
  └
  ✓  Response is received
  ┌
  │ 'Status code is 200.'
  └
  ✓  Status code is 200
  ┌
  │ 'Content-Type header is correct.'
  └
  ✓  Media-Type is correct
  ┌
  │ 'Each item has the correct properties (Validated as si
  │ ngle object)'
  └
  ✓  Each item has correct properties
  ┌
  │ 'Type is Bond.'
  └
  ✓  Type is Bond
  ┌
  │ 'tradingEvery validated correctly.'
  └
  ✓  TradingEvery has value 100 or 1000 for each item
  ✓  Ticker on response is the expected

↳ Get tradable security metrics
  ┌
  │ '▶ [undefined] Ejecutando con ticker: AL30'
  └
  GET https://api.staging.mercap.com.ar/tradable-securities/6cfdf5ed-d8da-411a-8e86-b1bbeef54f45/metrics [200 OK, 2.42kB, 259ms]
  ✓  Response is received
  ✓  Status code is 200
  ✓  Media-Type is correct
  ✓  Response contains expected properties
  ✓  Numeric values are valid
  ✓  All dates are valid (YYYY-MM-DD)
  ✓  Last quote contains expected properties
  ✓  Last intraday quote contains expected properties
  ┌
  │ 'Verified every.amount is 100 for Argentina'
  └
  ✓  Every.amount logic is correct based on location
  ✓  Links are valid URLs
  ✓  Cost and ResidualAmount are valid objects
  ✓  Coupon yearly rate is valid
  ✓  Links match environment variables

↳ Get tradable securities using optional filters - ticker & tradeDate
  ┌
  │ '▶ [undefined] Ejecutando con ticker: AL30'
  └
  GET https://api.staging.mercap.com.ar/bonds?shortName=AL30 [200 OK, 5.84kB, 688ms]
  GET https://api.staging.mercap.com.ar/tradable-securities?security=https://api.staging.mercap.com.ar/bonds/ecfe885d-8163-4222-acb1-f7020cf05a4a&tradeDate=2026-09-16 [200 OK, 1.95kB, 3.4s]
  ✓  items es un array no vacío
  ✓  ticker es string no vacío
  ✓  quoteInformation existe y no esta vacio
  ✓  quotedType es valor permitido 
  ✓  quotedAmount es número positivo
  ✓  quoted es string no vacío
  ✓  currency es valor permitido (ARS, USD, BRL)
  ✓  settlementLocation es valor permitido (Local, Extranjero)
  ✓  links existe y es objeto
  ✓  links.self es URL válida con UUID
  ✓  links.metrics es URL válida terminada en /metrics
  ✓  links.self y links.metrics comparten el mismo UUID
  ✓  ticker es string no vacío
  ✓  quoteInformation existe y no esta vacio
  ✓  quotedType es valor permitido 
  ✓  quotedAmount es número positivo
  ✓  quoted es string no vacío
  ✓  currency es valor permitido (ARS, USD, BRL)
  ✓  settlementLocation es valor permitido (Local, Extranjero)
  ✓  links existe y es objeto
  ✓  links.self es URL válida con UUID
  ✓  links.metrics es URL válida terminada en /metrics
  ✓  links.self y links.metrics comparten el mismo UUID
  ✓  ticker es string no vacío
  ✓  quoteInformation existe y no esta vacio
  ✓  quotedType es valor permitido 
  ✓  quotedAmount es número positivo
  ✓  quoted es string no vacío
  ✓  currency es valor permitido (ARS, USD, BRL)
  ✓  settlementLocation es valor permitido (Local, Extranjero)
  ✓  links existe y es objeto
  ✓  links.self es URL válida con UUID
  ✓  links.metrics es URL válida terminada en /metrics
  ✓  links.self y links.metrics comparten el mismo UUID

❏ Pepper-GS32 / Regression-Test / Valuation Schemes
↳ Get all valuation schemes
  GET https://api.staging.mercap.com.ar/valuation-schemes [200 OK, 5.24kB, 828ms]
  ✓  Response is received
  ✓  Status code is 200
  ✓  Media-Type is correct
  ✓  Items array is present and not empty
  ✓  No duplicate names in items
  ✓  Links are unique for each item
  ✓  Self link matches expected URL
  ┌
  │ '✔ VALUATION_SCHEMES_UUID seteado: https://api.staging
  │ .mercap.com.ar/valuation-schemes/3082e254-40ce-4d06-b2
  │ df-58b5f14f97ef'
  │ '\n' +
  │   '▶ Testing Item 1 (Esquema Mercado Default Nuevo)'
  └
  ✓  Item 1 (Esquema Mercado Default Nuevo) contains expected properties
  ✓  Item 1 (Esquema Mercado Default Nuevo) 'name' is a non-empty string
  ✓  Item 1 (Esquema Mercado Default Nuevo) 'self' link is a valid URL
  GET https://api.staging.mercap.com.ar/valuation-schemes/3082e254-40ce-4d06-b2df-58b5f14f97ef [200 OK, 888B, 206ms]
  ✓  Item 1 (Esquema Mercado Default Nuevo) self link returns status 200
  ┌
  │ '\n▶ Testing Item 2 (Valuacion BYMA ARS)'
  └
  ✓  Item 2 (Valuacion BYMA ARS) contains expected properties
  ✓  Item 2 (Valuacion BYMA ARS) 'name' is a non-empty string
  ✓  Item 2 (Valuacion BYMA ARS) 'self' link is a valid URL
  GET https://api.staging.mercap.com.ar/valuation-schemes/f1552208-5cb2-40aa-9ebf-489a11678bf7 [200 OK, 883B, 199ms]
  ✓  Item 2 (Valuacion BYMA ARS) self link returns status 200
  ┌
  │ '\n' +
  │   '▶ Testing Item 3 (Valuacion BYMA USD Bolsa)'
  └
  ✓  Item 3 (Valuacion BYMA USD Bolsa) contains expected properties
  ✓  Item 3 (Valuacion BYMA USD Bolsa) 'name' is a non-empty string
  ✓  Item 3 (Valuacion BYMA USD Bolsa) 'self' link is a valid URL
  GET https://api.staging.mercap.com.ar/valuation-schemes/f9eec1df-b8de-4454-bae4-8a1ebf54bb11 [200 OK, 893B, 203ms]
  ✓  Item 3 (Valuacion BYMA USD Bolsa) self link returns status 200
  ┌
  │ '\n' +
  │   '▶ Testing Item 4 (Valuacion BYMA USD Cable)'
  └
  ✓  Item 4 (Valuacion BYMA USD Cable) contains expected properties
  ✓  Item 4 (Valuacion BYMA USD Cable) 'name' is a non-empty string
  ✓  Item 4 (Valuacion BYMA USD Cable) 'self' link is a valid URL
  GET https://api.staging.mercap.com.ar/valuation-schemes/5072d341-e66f-439b-b759-9140f80ccd8c [200 OK, 893B, 191ms]
  ✓  Item 4 (Valuacion BYMA USD Cable) self link returns status 200
  ┌
  │ '\n▶ Testing Item 5 (Valuación ISIN - CLP)'
  └
  ✓  Item 5 (Valuación ISIN - CLP) contains expected properties
  ✓  Item 5 (Valuación ISIN - CLP) 'name' is a non-empty string
  ✓  Item 5 (Valuación ISIN - CLP) 'self' link is a valid URL
  GET https://api.staging.mercap.com.ar/valuation-schemes/8baf19d7-b1be-4fbd-aef8-bc857f604e46 [200 OK, 884B, 199ms]
  ✓  Item 5 (Valuación ISIN - CLP) self link returns status 200
  ┌
  │ '\n▶ Testing Item 6 (Valuación ISIN - EUR)'
  └
  ✓  Item 6 (Valuación ISIN - EUR) contains expected properties
  ✓  Item 6 (Valuación ISIN - EUR) 'name' is a non-empty string
  ✓  Item 6 (Valuación ISIN - EUR) 'self' link is a valid URL
  GET https://api.staging.mercap.com.ar/valuation-schemes/b79d71ac-1319-42b9-a6a9-b58456e41699 [200 OK, 892B, 204ms]
  ✓  Item 6 (Valuación ISIN - EUR) self link returns status 200
  ┌
  │ '\n▶ Testing Item 7 (Valuación ISIN - GBP)'
  └
  ✓  Item 7 (Valuación ISIN - GBP) contains expected properties
  ✓  Item 7 (Valuación ISIN - GBP) 'name' is a non-empty string
  ✓  Item 7 (Valuación ISIN - GBP) 'self' link is a valid URL
  GET https://api.staging.mercap.com.ar/valuation-schemes/e56546cd-f85f-4ae4-9ddd-c37c08cf9c33 [200 OK, 888B, 192ms]
  ✓  Item 7 (Valuación ISIN - GBP) self link returns status 200
  ┌
  │ '\n▶ Testing Item 8 (Valuación ISIN - PYG)'
  └
  ✓  Item 8 (Valuación ISIN - PYG) contains expected properties
  ✓  Item 8 (Valuación ISIN - PYG) 'name' is a non-empty string
  ✓  Item 8 (Valuación ISIN - PYG) 'self' link is a valid URL
  GET https://api.staging.mercap.com.ar/valuation-schemes/989d7d2e-0e19-4147-8079-eb58f0992789 [200 OK, 888B, 200ms]
  ✓  Item 8 (Valuación ISIN - PYG) self link returns status 200
  ┌
  │ '\n▶ Testing Item 9 (Valuacion ISIN - USD)'
  └
  ✓  Item 9 (Valuacion ISIN - USD) contains expected properties
  ✓  Item 9 (Valuacion ISIN - USD) 'name' is a non-empty string
  ✓  Item 9 (Valuacion ISIN - USD) 'self' link is a valid URL
  GET https://api.staging.mercap.com.ar/valuation-schemes/d88805b9-4869-4672-a367-52d5a3e92dba [200 OK, 887B, 199ms]
  ✓  Item 9 (Valuacion ISIN - USD) self link returns status 200
  ┌
  │ '\n' +
  │   '▶ Testing Item 10 (Valuacion BYMA ARS + Instrumento
  │ s No Liquidos - USD MEP)'
  └
  ✓  Item 10 (Valuacion BYMA ARS + Instrumentos No Liquidos - USD MEP) contains expected properties
  ✓  Item 10 (Valuacion BYMA ARS + Instrumentos No Liquidos - USD MEP) 'name' is a non-empty string
  ✓  Item 10 (Valuacion BYMA ARS + Instrumentos No Liquidos - USD MEP) 'self' link is a valid URL
  GET https://api.staging.mercap.com.ar/valuation-schemes/0c023c86-2bba-4784-906e-ba295da322c0 [200 OK, 920B, 300ms]
  ✓  Item 10 (Valuacion BYMA ARS + Instrumentos No Liquidos - USD MEP) self link returns status 200
  ┌
  │ '\n' +
  │   '▶ Testing Item 11 (Valucion Tecnica Instrumentos No
  │  Liquidos)'
  └
  ✓  Item 11 (Valucion Tecnica Instrumentos No Liquidos) contains expected properties
  ✓  Item 11 (Valucion Tecnica Instrumentos No Liquidos) 'name' is a non-empty string
  ✓  Item 11 (Valucion Tecnica Instrumentos No Liquidos) 'self' link is a valid URL
  GET https://api.staging.mercap.com.ar/valuation-schemes/5e97d0ac-ff92-41b4-adc9-607e24798066 [200 OK, 910B, 207ms]
  ✓  Item 11 (Valucion Tecnica Instrumentos No Liquidos) self link returns status 200
  ┌
  │ '\n' +
  │   '▶ Testing Item 12 (Valuacion BYMA ARS + Instrumento
  │ s No Liquidos - USD Oficial)'
  └
  ✓  Item 12 (Valuacion BYMA ARS + Instrumentos No Liquidos - USD Oficial) contains expected properties
  ✓  Item 12 (Valuacion BYMA ARS + Instrumentos No Liquidos - USD Oficial) 'name' is a non-empty string
  ✓  Item 12 (Valuacion BYMA ARS + Instrumentos No Liquidos - USD Oficial) 'self' link is a valid URL
  GET https://api.staging.mercap.com.ar/valuation-schemes/5792abb7-7d88-4533-afeb-de2137b6e553 [200 OK, 924B, 186ms]
  ✓  Item 12 (Valuacion BYMA ARS + Instrumentos No Liquidos - USD Oficial) self link returns status 200
  ┌
  │ '\n▶ Testing Item 13 (Brasil)'
  └
  ✓  Item 13 (Brasil) contains expected properties
  ✓  Item 13 (Brasil) 'name' is a non-empty string
  ✓  Item 13 (Brasil) 'self' link is a valid URL
  GET https://api.staging.mercap.com.ar/valuation-schemes/defd88c7-32a9-4765-a945-41c0e7d74fd8 [200 OK, 867B, 207ms]
  ✓  Item 13 (Brasil) self link returns status 200
  ┌
  │ '\n' +
  │   '▶ Testing Item 14 (Valuacion BYMA ARS + Instrumento
  │ s No Liquidos - USD CCL)'
  └
  ✓  Item 14 (Valuacion BYMA ARS + Instrumentos No Liquidos - USD CCL) contains expected properties
  ✓  Item 14 (Valuacion BYMA ARS + Instrumentos No Liquidos - USD CCL) 'name' is a non-empty string
  ✓  Item 14 (Valuacion BYMA ARS + Instrumentos No Liquidos - USD CCL) 'self' link is a valid URL
  GET https://api.staging.mercap.com.ar/valuation-schemes/d6358214-68de-479c-bddb-edb7cf5a0bec [200 OK, 930B, 312ms]
  ✓  Item 14 (Valuacion BYMA ARS + Instrumentos No Liquidos - USD CCL) self link returns status 200
  ┌
  │ '\n' +
  │   '▶ Testing Item 15 (Valuacion Tecnica Bonos CER)'
  └
  ✓  Item 15 (Valuacion Tecnica Bonos CER) contains expected properties
  ✓  Item 15 (Valuacion Tecnica Bonos CER) 'name' is a non-empty string
  ✓  Item 15 (Valuacion Tecnica Bonos CER) 'self' link is a valid URL
  GET https://api.staging.mercap.com.ar/valuation-schemes/9093cb69-0fef-4e29-a53e-a597aef4f115 [200 OK, 894B, 198ms]
  ✓  Item 15 (Valuacion Tecnica Bonos CER) self link returns status 200
  ┌
  │ '\n' +
  │   '▶ Testing Item 16 ((AV) Valuacion BYMA ARS + Instru
  │ mentos No Liquidos VT - USD MEP)'
  └
  ✓  Item 16 ((AV) Valuacion BYMA ARS + Instrumentos No Liquidos VT - USD MEP) contains expected properties
  ✓  Item 16 ((AV) Valuacion BYMA ARS + Instrumentos No Liquidos VT - USD MEP) 'name' is a non-empty string
  ✓  Item 16 ((AV) Valuacion BYMA ARS + Instrumentos No Liquidos VT - USD MEP) 'self' link is a valid URL
  GET https://api.staging.mercap.com.ar/valuation-schemes/66b74cee-6431-4f80-a282-f536276d9516 [200 OK, 932B, 208ms]
  ✓  Item 16 ((AV) Valuacion BYMA ARS + Instrumentos No Liquidos VT - USD MEP) self link returns status 200
  ┌
  │ '\n' +
  │   '▶ Testing Item 17 ((AV) Valuacion BYMA ARS + Instru
  │ mentos No Liquidos VT - USD CCL)'
  └
  ✓  Item 17 ((AV) Valuacion BYMA ARS + Instrumentos No Liquidos VT - USD CCL) contains expected properties
  ✓  Item 17 ((AV) Valuacion BYMA ARS + Instrumentos No Liquidos VT - USD CCL) 'name' is a non-empty string
  ✓  Item 17 ((AV) Valuacion BYMA ARS + Instrumentos No Liquidos VT - USD CCL) 'self' link is a valid URL
  GET https://api.staging.mercap.com.ar/valuation-schemes/434fb1df-45ec-483b-b786-058f0cb829e3 [200 OK, 938B, 183ms]
  ✓  Item 17 ((AV) Valuacion BYMA ARS + Instrumentos No Liquidos VT - USD CCL) self link returns status 200
  ┌
  │ '\n' +
  │   '▶ Testing Item 18 ((AV) Valuacion BYMA ARS + Instru
  │ mentos No Liquidos VT - USD Oficial)'
  └
  ✓  Item 18 ((AV) Valuacion BYMA ARS + Instrumentos No Liquidos VT - USD Oficial) contains expected properties
  ✓  Item 18 ((AV) Valuacion BYMA ARS + Instrumentos No Liquidos VT - USD Oficial) 'name' is a non-empty string
  ✓  Item 18 ((AV) Valuacion BYMA ARS + Instrumentos No Liquidos VT - USD Oficial) 'self' link is a valid URL
  GET https://api.staging.mercap.com.ar/valuation-schemes/bfa1c297-5f18-404c-873c-eb6a952994a4 [200 OK, 936B, 198ms]
  ✓  Item 18 ((AV) Valuacion BYMA ARS + Instrumentos No Liquidos VT - USD Oficial) self link returns status 200
  ┌
  │ '\n' +
  │   '▶ Testing Item 19 (Valuacion BYMA USD + Instrumento
  │ s No Liquidos - USD MEP)'
  └
  ✓  Item 19 (Valuacion BYMA USD + Instrumentos No Liquidos - USD MEP) contains expected properties
  ✓  Item 19 (Valuacion BYMA USD + Instrumentos No Liquidos - USD MEP) 'name' is a non-empty string
  ✓  Item 19 (Valuacion BYMA USD + Instrumentos No Liquidos - USD MEP) 'self' link is a valid URL
  GET https://api.staging.mercap.com.ar/valuation-schemes/5c659860-3ecf-4574-9c64-cf6e08ede086 [200 OK, 929B, 199ms]
  ✓  Item 19 (Valuacion BYMA USD + Instrumentos No Liquidos - USD MEP) self link returns status 200
  ┌
  │ '\n' +
  │   '▶ Testing Item 20 (Valuacion BYMA USD + Instrumento
  │ s No Liquidos - USD Oficial)'
  └
  ✓  Item 20 (Valuacion BYMA USD + Instrumentos No Liquidos - USD Oficial) contains expected properties
  ✓  Item 20 (Valuacion BYMA USD + Instrumentos No Liquidos - USD Oficial) 'name' is a non-empty string
  ✓  Item 20 (Valuacion BYMA USD + Instrumentos No Liquidos - USD Oficial) 'self' link is a valid URL
  GET https://api.staging.mercap.com.ar/valuation-schemes/c45389ee-a34c-4c7b-a427-ef0d9d184297 [200 OK, 930B, 201ms]
  ✓  Item 20 (Valuacion BYMA USD + Instrumentos No Liquidos - USD Oficial) self link returns status 200
  ┌
  │ '\n' +
  │   '▶ Testing Item 21 (Valuacion BYMA USD + Instrumento
  │ s No Liquidos - USD CCL)'
  └
  ✓  Item 21 (Valuacion BYMA USD + Instrumentos No Liquidos - USD CCL) contains expected properties
  ✓  Item 21 (Valuacion BYMA USD + Instrumentos No Liquidos - USD CCL) 'name' is a non-empty string
  ✓  Item 21 (Valuacion BYMA USD + Instrumentos No Liquidos - USD CCL) 'self' link is a valid URL
  GET https://api.staging.mercap.com.ar/valuation-schemes/73f92601-22f0-4ced-bac1-dc149c5db36e [200 OK, 918B, 205ms]
  ✓  Item 21 (Valuacion BYMA USD + Instrumentos No Liquidos - USD CCL) self link returns status 200
  ┌
  │ '\n' +
  │   '▶ Testing Item 22 (Valuacion Tenica Bonos)'
  └
  ✓  Item 22 (Valuacion Tenica Bonos) contains expected properties
  ✓  Item 22 (Valuacion Tenica Bonos) 'name' is a non-empty string
  ✓  Item 22 (Valuacion Tenica Bonos) 'self' link is a valid URL
  GET https://api.staging.mercap.com.ar/valuation-schemes/161e4468-60b8-4f75-aae7-c9f4637a6258 [200 OK, 893B, 198ms]
  ✓  Item 22 (Valuacion Tenica Bonos) self link returns status 200
  ┌
  │ '\n▶ Testing Item 23 (Valuacion CBONDS)'
  └
  ✓  Item 23 (Valuacion CBONDS) contains expected properties
  ✓  Item 23 (Valuacion CBONDS) 'name' is a non-empty string
  ✓  Item 23 (Valuacion CBONDS) 'self' link is a valid URL
  GET https://api.staging.mercap.com.ar/valuation-schemes/cd9c07ec-a9ec-4469-a0b9-efd63f8c771c [200 OK, 879B, 298ms]
  ✓  Item 23 (Valuacion CBONDS) self link returns status 200
  ┌
  │ '\n' +
  │   '▶ Testing Item 24 ((LH) Valuacion BYMA ARS - USD BN
  │ A Compra)'
  └
  ✓  Item 24 ((LH) Valuacion BYMA ARS - USD BNA Compra) contains expected properties
  ✓  Item 24 ((LH) Valuacion BYMA ARS - USD BNA Compra) 'name' is a non-empty string
  ✓  Item 24 ((LH) Valuacion BYMA ARS - USD BNA Compra) 'self' link is a valid URL
  GET https://api.staging.mercap.com.ar/valuation-schemes/f4c7aca1-f8f3-4dfc-8189-f54414e038e2 [200 OK, 905B, 224ms]
  ✓  Item 24 ((LH) Valuacion BYMA ARS - USD BNA Compra) self link returns status 200
  ┌
  │ '\n' +
  │   '▶ Testing Item 25 ((LH) Valuacion BYMA ARS - USD ME
  │ P)'
  └
  ✓  Item 25 ((LH) Valuacion BYMA ARS - USD MEP) contains expected properties
  ✓  Item 25 ((LH) Valuacion BYMA ARS - USD MEP) 'name' is a non-empty string
  ✓  Item 25 ((LH) Valuacion BYMA ARS - USD MEP) 'self' link is a valid URL
  GET https://api.staging.mercap.com.ar/valuation-schemes/915dfd79-e2a9-44f1-a33f-b4b6a4276d20 [200 OK, 894B, 205ms]
  ✓  Item 25 ((LH) Valuacion BYMA ARS - USD MEP) self link returns status 200
  ┌
  │ '\n' +
  │   '▶ Testing Item 26 (Valuacion BYMA ARS + Instrumento
  │ s No Liquidos - USD BNA)'
  └
  ✓  Item 26 (Valuacion BYMA ARS + Instrumentos No Liquidos - USD BNA) contains expected properties
  ✓  Item 26 (Valuacion BYMA ARS + Instrumentos No Liquidos - USD BNA) 'name' is a non-empty string
  ✓  Item 26 (Valuacion BYMA ARS + Instrumentos No Liquidos - USD BNA) 'self' link is a valid URL
  GET https://api.staging.mercap.com.ar/valuation-schemes/54ab04bb-99f2-4cb6-b2b1-7926a9403be7 [200 OK, 926B, 189ms]
  ✓  Item 26 (Valuacion BYMA ARS + Instrumentos No Liquidos - USD BNA) self link returns status 200
  ┌
  │ '\n' +
  │   '▶ Testing Item 27 ((OL) Valuacion BYMA  ARS - USD B
  │ NA Venta)'
  └
  ✓  Item 27 ((OL) Valuacion BYMA  ARS - USD BNA Venta) contains expected properties
  ✓  Item 27 ((OL) Valuacion BYMA  ARS - USD BNA Venta) 'name' is a non-empty string
  ✓  Item 27 ((OL) Valuacion BYMA  ARS - USD BNA Venta) 'self' link is a valid URL
  GET https://api.staging.mercap.com.ar/valuation-schemes/add50e16-acf7-4e05-b6da-878bb2a2213e [200 OK, 905B, 215ms]
  ✓  Item 27 ((OL) Valuacion BYMA  ARS - USD BNA Venta) self link returns status 200
  ┌
  │ '\n' +
  │   '▶ Testing Item 28 ((OL) Valuacion BYMA USD - USD BN
  │ A Venta)'
  └
  ✓  Item 28 ((OL) Valuacion BYMA USD - USD BNA Venta) contains expected properties
  ✓  Item 28 ((OL) Valuacion BYMA USD - USD BNA Venta) 'name' is a non-empty string
  ✓  Item 28 ((OL) Valuacion BYMA USD - USD BNA Venta) 'self' link is a valid URL
  GET https://api.staging.mercap.com.ar/valuation-schemes/be635bcc-8f01-49df-971c-45b50fe8089c [200 OK, 910B, 202ms]
  ✓  Item 28 ((OL) Valuacion BYMA USD - USD BNA Venta) self link returns status 200
  ┌
  │ '✔ Finished testing valuation schemes'
  └

↳ Get valuation schemes by UUID
  GET https://api.staging.mercap.com.ar/valuation-schemes/3082e254-40ce-4d06-b2df-58b5f14f97ef [200 OK, 902B, 82ms]
  ✓  Response is received
  ✓  Status code is 200
  ✓  Media-Type is correct
  ┌
  │ 'Response has correct properties.'
  └
  ✓  Response has correct properties
  ┌
  │ 'Self link is correct:', 'https://api.staging.mercap.c
  │ om.ar/valuation-schemes/3082e254-40ce-4d06-b2df-58b5f1
  │ 4f97ef'
  └
  ✓  Self link is correct

❏ Pepper-GS32 / Regression-Test / Yield Curves
↳ Get all yield curves - validate each self link
  GET https://api.staging.mercap.com.ar/yield-curves [200 OK, 20.92kB, 199ms]
  ✓  Response is received
  ✓  Status code is 200
  ✓  Response contains 'items' array with at least one element
  ✓  No fields are null
  ┌
  │ '🔎 Testing Item 1 (Argentina - BCRA - BOPREALs - USD)
  │ '
  └
  ✓  Item 1 (Argentina - BCRA - BOPREALs - USD) contains expected properties
  ✓  Item 1 (Argentina - BCRA - BOPREALs - USD) 'name' is a non-empty string
  ✓  Item 1 (Argentina - BCRA - BOPREALs - USD) links contain valid URLs
  GET https://api.staging.mercap.com.ar/yield-curves/c7955d2f-7731-43c4-80ec-fd70662ec57f [200 OK, 1.24kB, 299ms]
  ✓  Item 1 (Argentina - BCRA - BOPREALs - USD) self link returns 200
  ┌
  │ '🔎 Testing Item 2 (Argentina - Corporativos - Aliment
  │ os - USD\t)'
  └
  ✓  Item 2 (Argentina - Corporativos - Alimentos - USD	) contains expected properties
  ✓  Item 2 (Argentina - Corporativos - Alimentos - USD	) 'name' is a non-empty string
  ✓  Item 2 (Argentina - Corporativos - Alimentos - USD	) links contain valid URLs
  GET https://api.staging.mercap.com.ar/yield-curves/fefe3e07-ef73-491d-836e-6295a611487e [200 OK, 1.25kB, 185ms]
  ✓  Item 2 (Argentina - Corporativos - Alimentos - USD	) self link returns 200
  ┌
  │ '🔎 Testing Item 3 (Argentina - Corporativos - Bancos 
  │ Comerciales - Tasa TAMAR\t)'
  └
  ✓  Item 3 (Argentina - Corporativos - Bancos Comerciales - Tasa TAMAR	) contains expected properties
  ✓  Item 3 (Argentina - Corporativos - Bancos Comerciales - Tasa TAMAR	) 'name' is a non-empty string
  ✓  Item 3 (Argentina - Corporativos - Bancos Comerciales - Tasa TAMAR	) links contain valid URLs
  GET https://api.staging.mercap.com.ar/yield-curves/b14671bb-771e-43be-a110-e22fa5f1181b [200 OK, 1.27kB, 223ms]
  ✓  Item 3 (Argentina - Corporativos - Bancos Comerciales - Tasa TAMAR	) self link returns 200
  ┌
  │ '🔎 Testing Item 4 (Argentina - Corporativos - Bancos 
  │ Comerciales - USD\t)'
  └
  ✓  Item 4 (Argentina - Corporativos - Bancos Comerciales - USD	) contains expected properties
  ✓  Item 4 (Argentina - Corporativos - Bancos Comerciales - USD	) 'name' is a non-empty string
  ✓  Item 4 (Argentina - Corporativos - Bancos Comerciales - USD	) links contain valid URLs
  GET https://api.staging.mercap.com.ar/yield-curves/3eb6de95-31e7-4e1f-9f72-e59a49e7a246 [200 OK, 1.26kB, 621ms]
  ✓  Item 4 (Argentina - Corporativos - Bancos Comerciales - USD	) self link returns 200
  ┌
  │ '🔎 Testing Item 5 (Argentina - Corporativos - Desarro
  │ llo y Admin. de Bienes Inmobiliarios - USD\t)'
  └
  ✓  Item 5 (Argentina - Corporativos - Desarrollo y Admin. de Bienes Inmobiliarios - USD	) contains expected properties
  ✓  Item 5 (Argentina - Corporativos - Desarrollo y Admin. de Bienes Inmobiliarios - USD	) 'name' is a non-empty string
  ✓  Item 5 (Argentina - Corporativos - Desarrollo y Admin. de Bienes Inmobiliarios - USD	) links contain valid URLs
  GET https://api.staging.mercap.com.ar/yield-curves/9c5949e1-fc58-4755-bbd1-149b880df9f3 [200 OK, 1.29kB, 821ms]
  ✓  Item 5 (Argentina - Corporativos - Desarrollo y Admin. de Bienes Inmobiliarios - USD	) self link returns 200
  ┌
  │ '🔎 Testing Item 6 (Argentina - Corporativos - Metales
  │  y Mineria - USD\t)'
  └
  ✓  Item 6 (Argentina - Corporativos - Metales y Mineria - USD	) contains expected properties
  ✓  Item 6 (Argentina - Corporativos - Metales y Mineria - USD	) 'name' is a non-empty string
  ✓  Item 6 (Argentina - Corporativos - Metales y Mineria - USD	) links contain valid URLs
  GET https://api.staging.mercap.com.ar/yield-curves/9a0416e2-c4b3-4010-9480-41100aa00612 [200 OK, 1.26kB, 306ms]
  ✓  Item 6 (Argentina - Corporativos - Metales y Mineria - USD	) self link returns 200
  ┌
  │ '🔎 Testing Item 7 (Argentina - Corporativos - ONs Dol
  │ lar Linked cero cupon - ARS)'
  └
  ✓  Item 7 (Argentina - Corporativos - ONs Dollar Linked cero cupon - ARS) contains expected properties
  ✓  Item 7 (Argentina - Corporativos - ONs Dollar Linked cero cupon - ARS) 'name' is a non-empty string
  ✓  Item 7 (Argentina - Corporativos - ONs Dollar Linked cero cupon - ARS) links contain valid URLs
  GET https://api.staging.mercap.com.ar/yield-curves/067f21ab-6ee5-480a-8983-eae81a9905f9 [200 OK, 1.27kB, 267ms]
  ✓  Item 7 (Argentina - Corporativos - ONs Dollar Linked cero cupon - ARS) self link returns 200
  ┌
  │ '🔎 Testing Item 8 (Argentina - Corporativos - ONs Dol
  │ lar Linked con cupones - ARS)'
  └
  ✓  Item 8 (Argentina - Corporativos - ONs Dollar Linked con cupones - ARS) contains expected properties
  ✓  Item 8 (Argentina - Corporativos - ONs Dollar Linked con cupones - ARS) 'name' is a non-empty string
  ✓  Item 8 (Argentina - Corporativos - ONs Dollar Linked con cupones - ARS) links contain valid URLs
  GET https://api.staging.mercap.com.ar/yield-curves/827b8d5e-06ae-43cb-ad7e-bfda0f85c1ba [200 OK, 1.27kB, 1472ms]
  ✓  Item 8 (Argentina - Corporativos - ONs Dollar Linked con cupones - ARS) self link returns 200
  ┌
  │ '🔎 Testing Item 9 (Argentina - Corporativos - ONs en 
  │ UVA - ARS)'
  └
  ✓  Item 9 (Argentina - Corporativos - ONs en UVA - ARS) contains expected properties
  ✓  Item 9 (Argentina - Corporativos - ONs en UVA - ARS) 'name' is a non-empty string
  ✓  Item 9 (Argentina - Corporativos - ONs en UVA - ARS) links contain valid URLs
  GET https://api.staging.mercap.com.ar/yield-curves/c93100f0-4113-4e99-a8f4-26bb00a60562 [200 OK, 1.25kB, 366ms]
  ✓  Item 9 (Argentina - Corporativos - ONs en UVA - ARS) self link returns 200
  ┌
  │ '🔎 Testing Item 10 (Argentina - Corporativos - ONs Le
  │ y Argentina - USD en Argentina)'
  └
  ✓  Item 10 (Argentina - Corporativos - ONs Ley Argentina - USD en Argentina) contains expected properties
  ✓  Item 10 (Argentina - Corporativos - ONs Ley Argentina - USD en Argentina) 'name' is a non-empty string
  ✓  Item 10 (Argentina - Corporativos - ONs Ley Argentina - USD en Argentina) links contain valid URLs
  GET https://api.staging.mercap.com.ar/yield-curves/592b2907-1322-490b-88e9-b4b8f9eb3560 [200 OK, 1.27kB, 4.7s]
  ✓  Item 10 (Argentina - Corporativos - ONs Ley Argentina - USD en Argentina) self link returns 200
  ┌
  │ '🔎 Testing Item 11 (Argentina - Corporativos - ONs Le
  │ y Argentina - USD en el Exterior)'
  └
  ✓  Item 11 (Argentina - Corporativos - ONs Ley Argentina - USD en el Exterior) contains expected properties
  ✓  Item 11 (Argentina - Corporativos - ONs Ley Argentina - USD en el Exterior) 'name' is a non-empty string
  ✓  Item 11 (Argentina - Corporativos - ONs Ley Argentina - USD en el Exterior) links contain valid URLs
  GET https://api.staging.mercap.com.ar/yield-curves/0817836d-c512-4b66-a048-0aa6346020f3 [200 OK, 1.28kB, 560ms]
  ✓  Item 11 (Argentina - Corporativos - ONs Ley Argentina - USD en el Exterior) self link returns 200
  ┌
  │ '🔎 Testing Item 12 (Argentina - Corporativos - ONs Le
  │ y Extranjera - USD)'
  └
  ✓  Item 12 (Argentina - Corporativos - ONs Ley Extranjera - USD) contains expected properties
  ✓  Item 12 (Argentina - Corporativos - ONs Ley Extranjera - USD) 'name' is a non-empty string
  ✓  Item 12 (Argentina - Corporativos - ONs Ley Extranjera - USD) links contain valid URLs
  GET https://api.staging.mercap.com.ar/yield-curves/45ef3a43-28cc-4878-9329-cbed2dacc258 [200 OK, 1.26kB, 3.4s]
  ✓  Item 12 (Argentina - Corporativos - ONs Ley Extranjera - USD) self link returns 200
  ┌
  │ '🔎 Testing Item 13 (Argentina - Corporativos - ONs TA
  │ MAR - ARS)'
  └
  ✓  Item 13 (Argentina - Corporativos - ONs TAMAR - ARS) contains expected properties
  ✓  Item 13 (Argentina - Corporativos - ONs TAMAR - ARS) 'name' is a non-empty string
  ✓  Item 13 (Argentina - Corporativos - ONs TAMAR - ARS) links contain valid URLs
  GET https://api.staging.mercap.com.ar/yield-curves/d35422e9-f639-4ee8-8654-1d489e0af78e [200 OK, 1.25kB, 545ms]
  ✓  Item 13 (Argentina - Corporativos - ONs TAMAR - ARS) self link returns 200
  ┌
  │ '🔎 Testing Item 14 (Argentina - Corporativos - Petrol
  │ eo, Gas y Combustibles - USD\t)'
  └
  ✓  Item 14 (Argentina - Corporativos - Petroleo, Gas y Combustibles - USD	) contains expected properties
  ✓  Item 14 (Argentina - Corporativos - Petroleo, Gas y Combustibles - USD	) 'name' is a non-empty string
  ✓  Item 14 (Argentina - Corporativos - Petroleo, Gas y Combustibles - USD	) links contain valid URLs
  GET https://api.staging.mercap.com.ar/yield-curves/562ff5d6-a30e-4e18-a181-985dc783e842 [200 OK, 1.27kB, 1930ms]
  ✓  Item 14 (Argentina - Corporativos - Petroleo, Gas y Combustibles - USD	) self link returns 200
  ┌
  │ '🔎 Testing Item 15 (Argentina - Corporativos - Produc
  │ tos Quimicos - USD\t)'
  └
  ✓  Item 15 (Argentina - Corporativos - Productos Quimicos - USD	) contains expected properties
  ✓  Item 15 (Argentina - Corporativos - Productos Quimicos - USD	) 'name' is a non-empty string
  ✓  Item 15 (Argentina - Corporativos - Productos Quimicos - USD	) links contain valid URLs
  GET https://api.staging.mercap.com.ar/yield-curves/a46c78e3-71d2-483b-ab4d-497c18be5378 [200 OK, 1.26kB, 250ms]
  ✓  Item 15 (Argentina - Corporativos - Productos Quimicos - USD	) self link returns 200
  ┌
  │ '🔎 Testing Item 16 (Argentina - Corporativos - Servic
  │ ios de Telecomunicaciones Diversos - USD\t)'
  └
  ✓  Item 16 (Argentina - Corporativos - Servicios de Telecomunicaciones Diversos - USD	) contains expected properties
  ✓  Item 16 (Argentina - Corporativos - Servicios de Telecomunicaciones Diversos - USD	) 'name' is a non-empty string
  ✓  Item 16 (Argentina - Corporativos - Servicios de Telecomunicaciones Diversos - USD	) links contain valid URLs
  GET https://api.staging.mercap.com.ar/yield-curves/65f4c86f-5f55-4a03-a3db-d223ec88acf1 [200 OK, 1.28kB, 221ms]
  ✓  Item 16 (Argentina - Corporativos - Servicios de Telecomunicaciones Diversos - USD	) self link returns 200
  ┌
  │ '🔎 Testing Item 17 (Argentina - Corporativos - Servic
  │ ios Financieros Personales - USD\t)'
  └
  ✓  Item 17 (Argentina - Corporativos - Servicios Financieros Personales - USD	) contains expected properties
  ✓  Item 17 (Argentina - Corporativos - Servicios Financieros Personales - USD	) 'name' is a non-empty string
  ✓  Item 17 (Argentina - Corporativos - Servicios Financieros Personales - USD	) links contain valid URLs
  GET https://api.staging.mercap.com.ar/yield-curves/89e1fa10-5fe8-4b2d-9e42-70767154759c [200 OK, 1.28kB, 161ms]
  ✓  Item 17 (Argentina - Corporativos - Servicios Financieros Personales - USD	) self link returns 200
  ┌
  │ '🔎 Testing Item 18 (Argentina - Corporativos - Sumini
  │ stro Electrico - USD\t)'
  └
  ✓  Item 18 (Argentina - Corporativos - Suministro Electrico - USD	) contains expected properties
  ✓  Item 18 (Argentina - Corporativos - Suministro Electrico - USD	) 'name' is a non-empty string
  ✓  Item 18 (Argentina - Corporativos - Suministro Electrico - USD	) links contain valid URLs
  GET https://api.staging.mercap.com.ar/yield-curves/590a70ce-0175-4679-8409-d8be1dce306d [200 OK, 1.26kB, 1424ms]
  ✓  Item 18 (Argentina - Corporativos - Suministro Electrico - USD	) self link returns 200
  ┌
  │ '🔎 Testing Item 19 (Argentina - Corporativos - Transp
  │ ortes - USD\t)'
  └
  ✓  Item 19 (Argentina - Corporativos - Transportes - USD	) contains expected properties
  ✓  Item 19 (Argentina - Corporativos - Transportes - USD	) 'name' is a non-empty string
  ✓  Item 19 (Argentina - Corporativos - Transportes - USD	) links contain valid URLs
  GET https://api.staging.mercap.com.ar/yield-curves/0d88324d-d0bc-4c44-9ff9-fb406dbd880a [200 OK, 1.25kB, 273ms]
  ✓  Item 19 (Argentina - Corporativos - Transportes - USD	) self link returns 200
  ┌
  │ '🔎 Testing Item 20 (Argentina - Soberanos - Bonos del
  │  Tesoro Capitalizables BONCAP - ARS)'
  └
  ✓  Item 20 (Argentina - Soberanos - Bonos del Tesoro Capitalizables BONCAP - ARS) contains expected properties
  ✓  Item 20 (Argentina - Soberanos - Bonos del Tesoro Capitalizables BONCAP - ARS) 'name' is a non-empty string
  ✓  Item 20 (Argentina - Soberanos - Bonos del Tesoro Capitalizables BONCAP - ARS) links contain valid URLs
  GET https://api.staging.mercap.com.ar/yield-curves/7654381b-b94b-44dd-97d2-d6c846ef1046 [200 OK, 1.27kB, 178ms]
  ✓  Item 20 (Argentina - Soberanos - Bonos del Tesoro Capitalizables BONCAP - ARS) self link returns 200
  ┌
  │ '🔎 Testing Item 21 (Argentina - Soberanos - Dollar Li
  │ nked - USD)'
  └
  ✓  Item 21 (Argentina - Soberanos - Dollar Linked - USD) contains expected properties
  ✓  Item 21 (Argentina - Soberanos - Dollar Linked - USD) 'name' is a non-empty string
  ✓  Item 21 (Argentina - Soberanos - Dollar Linked - USD) links contain valid URLs
  GET https://api.staging.mercap.com.ar/yield-curves/f2488f82-4e37-4326-aec7-b7d268d58f3e [200 OK, 1.26kB, 273ms]
  ✓  Item 21 (Argentina - Soberanos - Dollar Linked - USD) self link returns 200
  ┌
  │ '🔎 Testing Item 22 (Argentina - Soberanos - Letras de
  │ l Tesoro (LECER) - ARS )'
  └
  ✓  Item 22 (Argentina - Soberanos - Letras del Tesoro (LECER) - ARS ) contains expected properties
  ✓  Item 22 (Argentina - Soberanos - Letras del Tesoro (LECER) - ARS ) 'name' is a non-empty string
  ✓  Item 22 (Argentina - Soberanos - Letras del Tesoro (LECER) - ARS ) links contain valid URLs
  GET https://api.staging.mercap.com.ar/yield-curves/583f592b-ff37-47ed-a796-698767d4114c [200 OK, 1.26kB, 151ms]
  ✓  Item 22 (Argentina - Soberanos - Letras del Tesoro (LECER) - ARS ) self link returns 200
  ┌
  │ '🔎 Testing Item 23 (Argentina - Soberanos - Letras de
  │ l Tesoro Capitalizables (LECAP) - ARS)'
  └
  ✓  Item 23 (Argentina - Soberanos - Letras del Tesoro Capitalizables (LECAP) - ARS) contains expected properties
  ✓  Item 23 (Argentina - Soberanos - Letras del Tesoro Capitalizables (LECAP) - ARS) 'name' is a non-empty string
  ✓  Item 23 (Argentina - Soberanos - Letras del Tesoro Capitalizables (LECAP) - ARS) links contain valid URLs
  GET https://api.staging.mercap.com.ar/yield-curves/dafe5d79-334c-4861-a28b-8ffeb595abad [200 OK, 1.29kB, 212ms]
  ✓  Item 23 (Argentina - Soberanos - Letras del Tesoro Capitalizables (LECAP) - ARS) self link returns 200
  ┌
  │ '🔎 Testing Item 24 (Argentina - Soberanos - Letras de
  │ l Tesoro vinculadas al u$s (LELINK) - ARS)'
  └
  ✓  Item 24 (Argentina - Soberanos - Letras del Tesoro vinculadas al u$s (LELINK) - ARS) contains expected properties
  ✓  Item 24 (Argentina - Soberanos - Letras del Tesoro vinculadas al u$s (LELINK) - ARS) 'name' is a non-empty string
  ✓  Item 24 (Argentina - Soberanos - Letras del Tesoro vinculadas al u$s (LELINK) - ARS) links contain valid URLs
  GET https://api.staging.mercap.com.ar/yield-curves/3edb7ca4-ff54-496b-bae0-4e1c367b07c6 [200 OK, 1.28kB, 267ms]
  ✓  Item 24 (Argentina - Soberanos - Letras del Tesoro vinculadas al u$s (LELINK) - ARS) self link returns 200
  ┌
  │ '🔎 Testing Item 25 (Argentina - Soberanos - Ley Argen
  │ tina - USD )'
  └
  ✓  Item 25 (Argentina - Soberanos - Ley Argentina - USD ) contains expected properties
  ✓  Item 25 (Argentina - Soberanos - Ley Argentina - USD ) 'name' is a non-empty string
  ✓  Item 25 (Argentina - Soberanos - Ley Argentina - USD ) links contain valid URLs
  GET https://api.staging.mercap.com.ar/yield-curves/1eb1c353-c294-4fee-a932-297f3b11448f [200 OK, 1.25kB, 1323ms]
  ✓  Item 25 (Argentina - Soberanos - Ley Argentina - USD ) self link returns 200
  ┌
  │ '🔎 Testing Item 26 (Argentina - Soberanos - Ley Extra
  │ njera - USD)'
  └
  ✓  Item 26 (Argentina - Soberanos - Ley Extranjera - USD) contains expected properties
  ✓  Item 26 (Argentina - Soberanos - Ley Extranjera - USD) 'name' is a non-empty string
  ✓  Item 26 (Argentina - Soberanos - Ley Extranjera - USD) links contain valid URLs
  GET https://api.staging.mercap.com.ar/yield-curves/9d234b34-d635-4ace-bd37-a2a4f2e86faf [200 OK, 1.25kB, 1104ms]
  ✓  Item 26 (Argentina - Soberanos - Ley Extranjera - USD) self link returns 200
  ┌
  │ '🔎 Testing Item 27 (Argentina - Soberanos - Tasa Fija
  │  + CER - ARS)'
  └
  ✓  Item 27 (Argentina - Soberanos - Tasa Fija + CER - ARS) contains expected properties
  ✓  Item 27 (Argentina - Soberanos - Tasa Fija + CER - ARS) 'name' is a non-empty string
  ✓  Item 27 (Argentina - Soberanos - Tasa Fija + CER - ARS) links contain valid URLs
  GET https://api.staging.mercap.com.ar/yield-curves/f9c0db3d-9190-4692-9c70-0d7b0eb9e9ee [200 OK, 1.25kB, 1071ms]
  ✓  Item 27 (Argentina - Soberanos - Tasa Fija + CER - ARS) self link returns 200
  ┌
  │ '🔎 Testing Item 28 (Argentina - Soberanos - Tasa Fija
  │  - ARS)'
  └
  ✓  Item 28 (Argentina - Soberanos - Tasa Fija - ARS) contains expected properties
  ✓  Item 28 (Argentina - Soberanos - Tasa Fija - ARS) 'name' is a non-empty string
  ✓  Item 28 (Argentina - Soberanos - Tasa Fija - ARS) links contain valid URLs
  GET https://api.staging.mercap.com.ar/yield-curves/8e165b0c-69f7-4ddb-b346-a73b47aeef0e [200 OK, 1.25kB, 238ms]
  ✓  Item 28 (Argentina - Soberanos - Tasa Fija - ARS) self link returns 200
  ┌
  │ '🔎 Testing Item 29 (Argentina - Soberanos - Tasa Flot
  │ ante - ARS)'
  └
  ✓  Item 29 (Argentina - Soberanos - Tasa Flotante - ARS) contains expected properties
  ✓  Item 29 (Argentina - Soberanos - Tasa Flotante - ARS) 'name' is a non-empty string
  ✓  Item 29 (Argentina - Soberanos - Tasa Flotante - ARS) links contain valid URLs
  GET https://api.staging.mercap.com.ar/yield-curves/9bdc4ab6-b86b-43c0-bb1e-f78e4c11ca55 [200 OK, 1.25kB, 419ms]
  ✓  Item 29 (Argentina - Soberanos - Tasa Flotante - ARS) self link returns 200
  ┌
  │ '🔎 Testing Item 30 (Argentina - SubSoberanos - Tasa f
  │ ija + CER - ARS)'
  └
  ✓  Item 30 (Argentina - SubSoberanos - Tasa fija + CER - ARS) contains expected properties
  ✓  Item 30 (Argentina - SubSoberanos - Tasa fija + CER - ARS) 'name' is a non-empty string
  ✓  Item 30 (Argentina - SubSoberanos - Tasa fija + CER - ARS) links contain valid URLs
  GET https://api.staging.mercap.com.ar/yield-curves/74f305c2-b3bc-4f0c-b917-89ae597c3be1 [200 OK, 1.26kB, 293ms]
  ✓  Item 30 (Argentina - SubSoberanos - Tasa fija + CER - ARS) self link returns 200
  ┌
  │ '🔎 Testing Item 31 (Argentina - SubSoberanos - Tasa F
  │ ija - USD)'
  └
  ✓  Item 31 (Argentina - SubSoberanos - Tasa Fija - USD) contains expected properties
  ✓  Item 31 (Argentina - SubSoberanos - Tasa Fija - USD) 'name' is a non-empty string
  ✓  Item 31 (Argentina - SubSoberanos - Tasa Fija - USD) links contain valid URLs
  GET https://api.staging.mercap.com.ar/yield-curves/faba1cba-97a1-4f56-83c5-9ca4e9a5909c [200 OK, 1.25kB, 1897ms]
  ✓  Item 31 (Argentina - SubSoberanos - Tasa Fija - USD) self link returns 200
  ┌
  │ '🔎 Testing Item 32 (Argentina - SubSoberanos - Tasa F
  │ lotante - ARS)'
  └
  ✓  Item 32 (Argentina - SubSoberanos - Tasa Flotante - ARS) contains expected properties
  ✓  Item 32 (Argentina - SubSoberanos - Tasa Flotante - ARS) 'name' is a non-empty string
  ✓  Item 32 (Argentina - SubSoberanos - Tasa Flotante - ARS) links contain valid URLs
  GET https://api.staging.mercap.com.ar/yield-curves/9193993e-4b18-4889-94e6-4cefc7485e4a [200 OK, 1.25kB, 397ms]
  ✓  Item 32 (Argentina - SubSoberanos - Tasa Flotante - ARS) self link returns 200
  ┌
  │ '🔎 Testing Item 33 (Brasil - Soberanos - Bonos Global
  │ es - USD)'
  └
  ✓  Item 33 (Brasil - Soberanos - Bonos Globales - USD) contains expected properties
  ✓  Item 33 (Brasil - Soberanos - Bonos Globales - USD) 'name' is a non-empty string
  ✓  Item 33 (Brasil - Soberanos - Bonos Globales - USD) links contain valid URLs
  GET https://api.staging.mercap.com.ar/yield-curves/8217e3c3-7a60-4dc5-a772-856732650b8a [200 OK, 1.25kB, 253ms]
  ✓  Item 33 (Brasil - Soberanos - Bonos Globales - USD) self link returns 200
  ┌
  │ '🔎 Testing Item 34 (Chile - Soberanos - Bonos Globale
  │ s - USD)'
  └
  ✓  Item 34 (Chile - Soberanos - Bonos Globales - USD) contains expected properties
  ✓  Item 34 (Chile - Soberanos - Bonos Globales - USD) 'name' is a non-empty string
  ✓  Item 34 (Chile - Soberanos - Bonos Globales - USD) links contain valid URLs
  GET https://api.staging.mercap.com.ar/yield-curves/577aa710-749c-412f-9cab-7f1ce6379673 [200 OK, 1.25kB, 3.1s]
  ✓  Item 34 (Chile - Soberanos - Bonos Globales - USD) self link returns 200
  ┌
  │ '🔎 Testing Item 35 (Colombia - Soberanos - Bonos Glob
  │ ales - USD\t)'
  └
  ✓  Item 35 (Colombia - Soberanos - Bonos Globales - USD	) contains expected properties
  ✓  Item 35 (Colombia - Soberanos - Bonos Globales - USD	) 'name' is a non-empty string
  ✓  Item 35 (Colombia - Soberanos - Bonos Globales - USD	) links contain valid URLs
  GET https://api.staging.mercap.com.ar/yield-curves/8c2d9de4-5cb3-4f2f-85ad-9aee19f88a8e [200 OK, 1.26kB, 3s]
  ✓  Item 35 (Colombia - Soberanos - Bonos Globales - USD	) self link returns 200
  ┌
  │ '🔎 Testing Item 36 (Estados Unidos - Soberanos - Trea
  │ sury Notes/Bonds - USD)'
  └
  ✓  Item 36 (Estados Unidos - Soberanos - Treasury Notes/Bonds - USD) contains expected properties
  ✓  Item 36 (Estados Unidos - Soberanos - Treasury Notes/Bonds - USD) 'name' is a non-empty string
  ✓  Item 36 (Estados Unidos - Soberanos - Treasury Notes/Bonds - USD) links contain valid URLs
  GET https://api.staging.mercap.com.ar/yield-curves/3e5993cf-64c5-4fa2-ba5b-9fae8bfcd6d5 [200 OK, 1.26kB, 747ms]
  ✓  Item 36 (Estados Unidos - Soberanos - Treasury Notes/Bonds - USD) self link returns 200
  ┌
  │ '🔎 Testing Item 37 (Mexico - Soberanos - Bonos Global
  │ es - USD)'
  └
  ✓  Item 37 (Mexico - Soberanos - Bonos Globales - USD) contains expected properties
  ✓  Item 37 (Mexico - Soberanos - Bonos Globales - USD) 'name' is a non-empty string
  ✓  Item 37 (Mexico - Soberanos - Bonos Globales - USD) links contain valid URLs
  GET https://api.staging.mercap.com.ar/yield-curves/86a282be-f60d-4cd6-be14-b1fd2871ba9b [200 OK, 1.25kB, 889ms]
  ✓  Item 37 (Mexico - Soberanos - Bonos Globales - USD) self link returns 200
  ┌
  │ '🔎 Testing Item 38 (Paraguay - Soberanos - Bonos Glob
  │ ales - USD)'
  └
  ✓  Item 38 (Paraguay - Soberanos - Bonos Globales - USD) contains expected properties
  ✓  Item 38 (Paraguay - Soberanos - Bonos Globales - USD) 'name' is a non-empty string
  ✓  Item 38 (Paraguay - Soberanos - Bonos Globales - USD) links contain valid URLs
  GET https://api.staging.mercap.com.ar/yield-curves/b0d8c01d-972c-4e1e-97e9-1edcaffb2b20 [200 OK, 1.25kB, 1486ms]
  ✓  Item 38 (Paraguay - Soberanos - Bonos Globales - USD) self link returns 200

❏ Pepper-GS32 / Regression-Test / Bond Groups
↳ Get all bond groups
  GET https://api.staging.mercap.com.ar/bond-groups [200 OK, 4.67kB, 818ms]
  ✓  Response is received and status is 200
  ✓  Media-Type is correct
  ✓  Items array is present and not empty
  ✓  Self link matches expected URL
  ✓  [Group 1: Bonos Canje 2020 - Ley Argentina] structure and properties
  ✓  [Group 1: Bonos Canje 2020 - Ley Argentina] - Bond 1 (AL29) structure
  ✓  [Group 1: Bonos Canje 2020 - Ley Argentina] - Bond 2 (TX26) structure
  ✓  [Group 1: Bonos Canje 2020 - Ley Argentina] - Bond 3 (AL41) structure
  ✓  [Group 1: Bonos Canje 2020 - Ley Argentina] - Bond 4 (AE38) structure
  ✓  [Group 1: Bonos Canje 2020 - Ley Argentina] - Bond 5 (AL30) structure
  ✓  [Group 1: Bonos Canje 2020 - Ley Argentina] - Bond 6 (TX28) structure
  ✓  [Group 1: Bonos Canje 2020 - Ley Argentina] - Bond 7 (AL35) structure
  ┌
  │ '✔ Variable BOND_GROUPS actualizada:', 'https://api.st
  │ aging.mercap.com.ar/bond-groups/80de27c0-0ac0-4189-b4c
  │ f-e39757e1c6a6'
  └
  GET https://api.staging.mercap.com.ar/bond-groups/80de27c0-0ac0-4189-b4cf-e39757e1c6a6   GET https://api.staging.mercap.com.ar/bonds/af22aea0-cd76-44d2-bf1e-ee2a92b4793d   GET https://api.staging.mercap.com.ar/bonds/2525ae7e-d0da-4cb3-8835-57f153e872e2   GET https://api.staging.mercap.com.ar/bonds/89d139cc-c382-4848-91b5-861ea758ee0c   GET https://api.staging.mercap.com.ar/bonds/02d0b59c-a9ae-41df-8034-153706b8c0ee   GET https://api.staging.mercap.com.ar/bonds/ecfe885d-8163-4222-acb1-f7020cf05a4a   GET https://api.staging.mercap.com.ar/bonds/abc31ef9-f305-4c76-a6b8-8578174cf8dd   GET https://api.staging.mercap.com.ar/bonds/f9db6679-83f2-40bc-9e52-d9ebbb87cbf8 [200 OK, 2.19kB, 261ms]
  ✓  [Group 1: Bonos Canje 2020 - Ley Argentina] self link returns 200
  ✓  [Group 2: Bonos Canje 2020 - Ley NY] structure and properties
  ✓  [Group 2: Bonos Canje 2020 - Ley NY] - Bond 1 (GE38) structure
  ✓  [Group 2: Bonos Canje 2020 - Ley NY] - Bond 2 (GE35) structure
  ✓  [Group 2: Bonos Canje 2020 - Ley NY] - Bond 3 (GD38) structure
  ✓  [Group 2: Bonos Canje 2020 - Ley NY] - Bond 4 (GE29) structure
  ✓  [Group 2: Bonos Canje 2020 - Ley NY] - Bond 5 (GE41) structure
  ✓  [Group 2: Bonos Canje 2020 - Ley NY] - Bond 6 (GD41) structure
  ✓  [Group 2: Bonos Canje 2020 - Ley NY] - Bond 7 (GD30) structure
  ✓  [Group 2: Bonos Canje 2020 - Ley NY] - Bond 8 (GD46) structure
  ✓  [Group 2: Bonos Canje 2020 - Ley NY] - Bond 9 (GE46) structure
  ✓  [Group 2: Bonos Canje 2020 - Ley NY] - Bond 10 (GD35) structure
  ✓  [Group 2: Bonos Canje 2020 - Ley NY] - Bond 11 (GE30) structure
  ✓  [Group 2: Bonos Canje 2020 - Ley NY] - Bond 12 (GD29) structure
  GET https://api.staging.mercap.com.ar/bond-groups/b008b23b-cf39-41ca-bce6-64bfe0ba258b   GET https://api.staging.mercap.com.ar/bonds/0adff71d-a978-43c8-9d66-c3062ee00a54   GET https://api.staging.mercap.com.ar/bonds/47517c75-1a97-47e2-b085-10b99c490edd   GET https://api.staging.mercap.com.ar/bonds/9a11f6b9-1cc3-4d89-b88d-c1accbdac6ee   GET https://api.staging.mercap.com.ar/bonds/8d8a220b-7054-4e29-aa69-d410231f8598   GET https://api.staging.mercap.com.ar/bonds/8e7d4748-f358-4a96-954c-70101f02816f   GET https://api.staging.mercap.com.ar/bonds/9a10266b-08cb-44d7-97f7-cc81a037aa90   GET https://api.staging.mercap.com.ar/bonds/a18d235c-06a3-4a05-a794-8d463a547dc3   GET https://api.staging.mercap.com.ar/bonds/1953200f-72bf-47dd-b440-07d198bd6a5a   GET https://api.staging.mercap.com.ar/bonds/d5ded37c-49e7-4d4c-895f-3e90cca74e29   GET https://api.staging.mercap.com.ar/bonds/914170da-9f70-42a0-9e3d-de4c1a87ca27   GET https://api.staging.mercap.com.ar/bonds/db5b8de7-a16f-4437-bfc3-5610776cbeb9   GET https://api.staging.mercap.com.ar/bonds/3d87aa62-0701-45fe-87ce-2b50ad378df9 [200 OK, 3.19kB, 173ms]
  ✓  [Group 2: Bonos Canje 2020 - Ley NY] self link returns 200
[200 OK, 7.89kB, 706ms]
  ✓  [Group 1: Bonos Canje 2020 - Ley Argentina] - Bond 7 (AL35) self link returns 200
[200 OK, 10.52kB, 726ms]
  ✓  [Group 1: Bonos Canje 2020 - Ley Argentina] - Bond 3 (AL41) self link returns 200
[200 OK, 7.56kB, 777ms]
  ✓  [Group 1: Bonos Canje 2020 - Ley Argentina] - Bond 6 (TX28) self link returns 200
[200 OK, 6.09kB, 809ms]
  ✓  [Group 1: Bonos Canje 2020 - Ley Argentina] - Bond 2 (TX26) self link returns 200
[200 OK, 8.94kB, 930ms]
  ✓  [Group 1: Bonos Canje 2020 - Ley Argentina] - Bond 4 (AE38) self link returns 200
[200 OK, 9.03kB, 1408ms]
  ✓  [Group 2: Bonos Canje 2020 - Ley NY] - Bond 1 (GE38) self link returns 200
[200 OK, 5.35kB, 1729ms]
  ✓  [Group 1: Bonos Canje 2020 - Ley Argentina] - Bond 1 (AL29) self link returns 200
[200 OK, 7.9kB, 1538ms]
  ✓  [Group 2: Bonos Canje 2020 - Ley NY] - Bond 2 (GE35) self link returns 200
[200 OK, 5.81kB, 1866ms]
  ✓  [Group 1: Bonos Canje 2020 - Ley Argentina] - Bond 5 (AL30) self link returns 200
[200 OK, 7.9kB, 1632ms]
  ✓  [Group 2: Bonos Canje 2020 - Ley NY] - Bond 10 (GD35) self link returns 200
[200 OK, 12.57kB, 1778ms]
  ✓  [Group 2: Bonos Canje 2020 - Ley NY] - Bond 8 (GD46) self link returns 200
[200 OK, 8.95kB, 1854ms]
  ✓  [Group 2: Bonos Canje 2020 - Ley NY] - Bond 3 (GD38) self link returns 200
[200 OK, 5.35kB, 1903ms]
  ✓  [Group 2: Bonos Canje 2020 - Ley NY] - Bond 12 (GD29) self link returns 200
[200 OK, 5.81kB, 1938ms]
  ✓  [Group 2: Bonos Canje 2020 - Ley NY] - Bond 7 (GD30) self link returns 200
[200 OK, 5.83kB, 1985ms]
  ✓  [Group 2: Bonos Canje 2020 - Ley NY] - Bond 11 (GE30) self link returns 200
[200 OK, 5.4kB, 2s]
  ✓  [Group 2: Bonos Canje 2020 - Ley NY] - Bond 4 (GE29) self link returns 200
[200 OK, 12.71kB, 2.1s]
  ✓  [Group 2: Bonos Canje 2020 - Ley NY] - Bond 9 (GE46) self link returns 200
[200 OK, 10.47kB, 2.8s]
  ✓  [Group 2: Bonos Canje 2020 - Ley NY] - Bond 5 (GE41) self link returns 200
[200 OK, 10.53kB, 2.9s]
  ✓  [Group 2: Bonos Canje 2020 - Ley NY] - Bond 6 (GD41) self link returns 200

↳ Get bond groups by UUID
  GET https://api.staging.mercap.com.ar/bond-groups/80de27c0-0ac0-4189-b4cf-e39757e1c6a6 [200 OK, 2.21kB, 277ms]
  ┌
  │ 'Response received successfully.'
  └
  ✓  Response is received
  ┌
  │ 'Status code is 200.'
  └
  ✓  Status code is 200
  ┌
  │ 'Content-Type header is correct.'
  └
  ✓  Media-Type is correct
  ┌
  │ 'Bond group has the expected properties and name is Bo
  │ nos Canje 2020 - Ley Argentina.'
  └
  ✓  Bond group has correct properties and name is Bonos Canje 2020 - Ley Argentina
  ┌
  │ 'Each bond has the expected properties.'
  └
  ✓  Each bond has correct properties
  ┌
  │ 'All links are valid URLs.'
  └
  ✓  All links are valid URLs
  ┌
  │ 'Each bond name includes its shortName.'
  └
  ✓  Each bond has a consistent name and shortName
  ┌
  │ 'All expected bonds are present and have the expected 
  │ values.'
  └
  ✓  All expected bonds are present
  ┌
  │ 'The link for the bond group is correct.'
  └
  ✓  Link of bond group is correct

Iteration 2/5

❏ Pepper-GS32 / Regression-Test / Appraiser
↳ Appraise market value
  ┌
  │ '▶ [undefined] Ejecutando con ticker: AL30'
  └
  GET https://api.staging.mercap.com.ar/tradable-securities?query=AL30&tradeDate=2026-09-16 [200 OK, 2.64kB, 85ms]
  ┌
  │ '📌 BOND_INSTRUMENT_URL seteado'
  └
  GET https://api.staging.mercap.com.ar/exchange-schemes [200 OK, 4.41kB, 134ms]
  ┌
  │ '💱 EXCHANGE_SCHEME_URL seteado'
  └
  GET https://api.staging.mercap.com.ar/valuation-schemes [200 OK, 5.25kB, 289ms]
  ┌
  │ '📊 VALUATION_SCHEME_URL seteado'
  └
  POST https://api.staging.mercap.com.ar/appraiser [200 OK, 1.21kB, 10.8s]
  ┌
  │ 'Response received successfully.'
  └
  ✓  Response is received
  ┌
  │ 'Status code is 200.'
  └
  ✓  Status code is 200
  ┌
  │ 'Content-Type header is correct.'
  └
  ✓  Media-Type is correct
  ┌
  │ 'Result is a non-empty array.'
  └
  ✓  Result is a non-empty array
  ┌
  │ 'Each result object has the expected properties.'
  └
  ✓  Each result object has expected properties
  ┌
  │ 'Value amount is positive.'
  └
  ✓  Value amount is positive
  ┌
  │ 'Instrument URL is correct.'
  └
  ✓  Instrument URL is correct
  ┌
  │ 'Unit URL in every is correct.'
  └
  ✓  Unit URL in every is correct
  ┌
  │ 'Validation completed for amounts: 100 or 1000.'
  └
  ✓  Validate that 'amount' is either 100 or 1000
  ┌
  │ "Validate that 'type' is instrument quote."
  └
  ✓  Validate that 'type' is instrument quote

❏ Pepper-GS32 / Regression-Test / Bonds
↳ All bonds - deault parameters
  ┌
  │ '▶ [undefined] Ejecutando con ticker: AL30'
  └
  GET https://api.staging.mercap.com.ar/tradable-securities?query=AL30&tradeDate=2026-09-16 [200 OK, 2.64kB, 258ms]
  ┌
  │ '🔎 SHORT_NAME: AL30'
  └
  GET https://api.staging.mercap.com.ar/bonds [200 OK, 7.37kB, 83ms]
  ┌
  │ 'Response received successfully.'
  └
  ✓  Response is received
  ┌
  │ 'Status code is 200.'
  └
  ✓  Status code is 200
  ┌
  │ 'Content-Type header is correct.'
  └
  ✓  Media-Type is correct
  ┌
  │ "'items' array is present and not empty."
  └
  ✓  Response contains 'items' array with elements
  ┌
  │ 'Bond 0 validated successfully.'
  │ 'Bond 1 validated successfully.'
  │ 'Bond 2 validated successfully.'
  │ 'Bond 3 validated successfully.'
  │ 'Bond 4 validated successfully.'
  │ 'Bond 5 validated successfully.'
  │ 'Bond 6 validated successfully.'
  │ 'Bond 7 validated successfully.'
  │ 'Bond 8 validated successfully.'
  │ 'Bond 9 validated successfully.'
  └
  ✓  Each bond has required properties
  ┌
  │ 'Bond 0: shortName is valid: GYC5O'
  │ 'Bond 0: name is valid: \t360 ENERGY 2027 U$S 8.75% (G
  │ YC5O)'
  │ 'Bond 0: debtType is valid: Obligación Negociable'
  │ 'Bond 0: links object is present.'
  │ 'Bond 0: coupons link is valid: https://api.staging.me
  │ rcap.com.ar/bonds/9f8d6a98-199c-41e7-ad56-d70f08d78628
  │ /coupons'
  │ 'Bond 0: identifiers link is valid: https://api.stagin
  │ g.mercap.com.ar/bonds/9f8d6a98-199c-41e7-ad56-d70f08d7
  │ 8628/identifiers'
  │ 'Bond 0: self link is valid: https://api.staging.merca
  │ p.com.ar/bonds/9f8d6a98-199c-41e7-ad56-d70f08d78628'
  │ 'Bond 0: issueConditions link is valid: https://api.st
  │ aging.mercap.com.ar/bonds/9f8d6a98-199c-41e7-ad56-d70f
  │ 08d78628/issue-conditions'
  │ 'Bond 0: paymentSummary link is valid: https://api.sta
  │ ging.mercap.com.ar/bonds/9f8d6a98-199c-41e7-ad56-d70f0
  │ 8d78628/payment-summary'
  │ 'Bond 1: shortName is valid: BVCPO'
  │ 'Bond 1: name is valid: \tBST 2026 U$S 8 % (BVCPO)'
  │ 'Bond 1: debtType is valid: Obligación Negociable'
  │ 'Bond 1: links object is present.'
  │ 'Bond 1: coupons link is valid: https://api.staging.me
  │ rcap.com.ar/bonds/5b5084c6-16b3-49f8-9bed-ee122ebeef11
  │ /coupons'
  │ 'Bond 1: identifiers link is valid: https://api.stagin
  │ g.mercap.com.ar/bonds/5b5084c6-16b3-49f8-9bed-ee122ebe
  │ ef11/identifiers'
  │ 'Bond 1: self link is valid: https://api.staging.merca
  │ p.com.ar/bonds/5b5084c6-16b3-49f8-9bed-ee122ebeef11'
  │ 'Bond 1: issueConditions link is valid: https://api.st
  │ aging.mercap.com.ar/bonds/5b5084c6-16b3-49f8-9bed-ee12
  │ 2ebeef11/issue-conditions'
  │ 'Bond 1: paymentSummary link is valid: https://api.sta
  │ ging.mercap.com.ar/bonds/5b5084c6-16b3-49f8-9bed-ee122
  │ ebeef11/payment-summary'
  │ 'Bond 2: shortName is valid: MR40O'
  │ 'Bond 2: name is valid: \tGEMSA 2031 u$s 11% (MR40O)'
  │ 'Bond 2: debtType is valid: Obligación Negociable'
  │ 'Bond 2: links object is present.'
  │ 'Bond 2: coupons link is valid: https://api.staging.me
  │ rcap.com.ar/bonds/aca1c2b2-0dda-4235-9f91-f61b2710a955
  │ /coupons'
  │ 'Bond 2: identifiers link is valid: https://api.stagin
  │ g.mercap.com.ar/bonds/aca1c2b2-0dda-4235-9f91-f61b2710
  │ a955/identifiers'
  │ 'Bond 2: self link is valid: https://api.staging.merca
  │ p.com.ar/bonds/aca1c2b2-0dda-4235-9f91-f61b2710a955'
  │ 'Bond 2: issueConditions link is valid: https://api.st
  │ aging.mercap.com.ar/bonds/aca1c2b2-0dda-4235-9f91-f61b
  │ 2710a955/issue-conditions'
  │ 'Bond 2: paymentSummary link is valid: https://api.sta
  │ ging.mercap.com.ar/bonds/aca1c2b2-0dda-4235-9f91-f61b2
  │ 710a955/payment-summary'
  │ 'Bond 3: shortName is valid: RES2P'
  │ 'Bond 3: name is valid: \tRECARD S.A 2028 $ Badlar+800
  │ bp (RES2P)'
  │ 'Bond 3: debtType is valid: Obligación Negociable'
  │ 'Bond 3: links object is present.'
  │ 'Bond 3: coupons link is valid: https://api.staging.me
  │ rcap.com.ar/bonds/467a0102-75f2-4b59-aa66-5d182e6c1d58
  │ /coupons'
  │ 'Bond 3: identifiers link is valid: https://api.stagin
  │ g.mercap.com.ar/bonds/467a0102-75f2-4b59-aa66-5d182e6c
  │ 1d58/identifiers'
  │ 'Bond 3: self link is valid: https://api.staging.merca
  │ p.com.ar/bonds/467a0102-75f2-4b59-aa66-5d182e6c1d58'
  │ 'Bond 3: issueConditions link is valid: https://api.st
  │ aging.mercap.com.ar/bonds/467a0102-75f2-4b59-aa66-5d18
  │ 2e6c1d58/issue-conditions'
  │ 'Bond 3: paymentSummary link is valid: https://api.sta
  │ ging.mercap.com.ar/bonds/467a0102-75f2-4b59-aa66-5d182
  │ e6c1d58/payment-summary'
  │ 'Bond 4: shortName is valid: TTCBO'
  │ 'Bond 4: name is valid: \tTecpetrol 2027 u$s 6.5% (TTC
  │ BO)'
  │ 'Bond 4: debtType is valid: Obligación Negociable'
  │ 'Bond 4: links object is present.'
  │ 'Bond 4: coupons link is valid: https://api.staging.me
  │ rcap.com.ar/bonds/ca619c61-beaf-4160-9bcc-b9df0e0e7938
  │ /coupons'
  │ 'Bond 4: identifiers link is valid: https://api.stagin
  │ g.mercap.com.ar/bonds/ca619c61-beaf-4160-9bcc-b9df0e0e
  │ 7938/identifiers'
  │ 'Bond 4: self link is valid: https://api.staging.merca
  │ p.com.ar/bonds/ca619c61-beaf-4160-9bcc-b9df0e0e7938'
  │ 'Bond 4: issueConditions link is valid: https://api.st
  │ aging.mercap.com.ar/bonds/ca619c61-beaf-4160-9bcc-b9df
  │ 0e0e7938/issue-conditions'
  │ 'Bond 4: paymentSummary link is valid: https://api.sta
  │ ging.mercap.com.ar/bonds/ca619c61-beaf-4160-9bcc-b9df0
  │ e0e7938/payment-summary'
  │ 'Bond 5: shortName is valid: GYC4O'
  │ 'Bond 5: name is valid: 360 ENERGY 2027 U$S 8% (GYC4O)
  │ '
  │ 'Bond 5: debtType is valid: Obligación Negociable'
  │ 'Bond 5: links object is present.'
  │ 'Bond 5: coupons link is valid: https://api.staging.me
  │ rcap.com.ar/bonds/935718fe-3140-424e-817d-3ba64bbc60a6
  │ /coupons'
  │ 'Bond 5: identifiers link is valid: https://api.stagin
  │ g.mercap.com.ar/bonds/935718fe-3140-424e-817d-3ba64bbc
  │ 60a6/identifiers'
  │ 'Bond 5: self link is valid: https://api.staging.merca
  │ p.com.ar/bonds/935718fe-3140-424e-817d-3ba64bbc60a6'
  │ 'Bond 5: issueConditions link is valid: https://api.st
  │ aging.mercap.com.ar/bonds/935718fe-3140-424e-817d-3ba6
  │ 4bbc60a6/issue-conditions'
  │ 'Bond 5: paymentSummary link is valid: https://api.sta
  │ ging.mercap.com.ar/bonds/935718fe-3140-424e-817d-3ba64
  │ bbc60a6/payment-summary'
  │ 'Bond 6: shortName is valid: GYC3O'
  │ 'Bond 6: name is valid: 360 Energy 2032 u$s-linked 5% 
  │ (GYC3O)'
  │ 'Bond 6: debtType is valid: Obligación Negociable'
  │ 'Bond 6: links object is present.'
  │ 'Bond 6: coupons link is valid: https://api.staging.me
  │ rcap.com.ar/bonds/c205e424-1203-475f-b83b-127bfcd77dc6
  │ /coupons'
  │ 'Bond 6: identifiers link is valid: https://api.stagin
  │ g.mercap.com.ar/bonds/c205e424-1203-475f-b83b-127bfcd7
  │ 7dc6/identifiers'
  │ 'Bond 6: self link is valid: https://api.staging.merca
  │ p.com.ar/bonds/c205e424-1203-475f-b83b-127bfcd77dc6'
  │ 'Bond 6: issueConditions link is valid: https://api.st
  │ aging.mercap.com.ar/bonds/c205e424-1203-475f-b83b-127b
  │ fcd77dc6/issue-conditions'
  │ 'Bond 6: paymentSummary link is valid: https://api.sta
  │ ging.mercap.com.ar/bonds/c205e424-1203-475f-b83b-127bf
  │ cd77dc6/payment-summary'
  │ 'Bond 7: shortName is valid: DDS1P'
  │ 'Bond 7: name is valid: 3D Latinoamerica 2027 TAMAR + 
  │ 800bp (DDS1P)'
  │ 'Bond 7: debtType is valid: Obligación Negociable'
  │ 'Bond 7: links object is present.'
  │ 'Bond 7: coupons link is valid: https://api.staging.me
  │ rcap.com.ar/bonds/098d7637-6d3f-46b9-a08b-601da300a433
  │ /coupons'
  │ 'Bond 7: identifiers link is valid: https://api.stagin
  │ g.mercap.com.ar/bonds/098d7637-6d3f-46b9-a08b-601da300
  │ a433/identifiers'
  │ 'Bond 7: self link is valid: https://api.staging.merca
  │ p.com.ar/bonds/098d7637-6d3f-46b9-a08b-601da300a433'
  │ 'Bond 7: issueConditions link is valid: https://api.st
  │ aging.mercap.com.ar/bonds/098d7637-6d3f-46b9-a08b-601d
  │ a300a433/issue-conditions'
  │ 'Bond 7: paymentSummary link is valid: https://api.sta
  │ ging.mercap.com.ar/bonds/098d7637-6d3f-46b9-a08b-601da
  │ 300a433/payment-summary'
  │ 'Bond 8: shortName is valid: ADCO27'
  │ 'Bond 8: name is valid: ADECOAGRO 2027 U$S 6% (ADCO27)
  │ '
  │ 'Bond 8: debtType is valid: Obligación Negociable'
  │ 'Bond 8: links object is present.'
  │ 'Bond 8: coupons link is valid: https://api.staging.me
  │ rcap.com.ar/bonds/b8e763aa-8edc-4117-8f39-953f55c26f8e
  │ /coupons'
  │ 'Bond 8: identifiers link is valid: https://api.stagin
  │ g.mercap.com.ar/bonds/b8e763aa-8edc-4117-8f39-953f55c2
  │ 6f8e/identifiers'
  │ 'Bond 8: self link is valid: https://api.staging.merca
  │ p.com.ar/bonds/b8e763aa-8edc-4117-8f39-953f55c26f8e'
  │ 'Bond 8: issueConditions link is valid: https://api.st
  │ aging.mercap.com.ar/bonds/b8e763aa-8edc-4117-8f39-953f
  │ 55c26f8e/issue-conditions'
  │ 'Bond 8: paymentSummary link is valid: https://api.sta
  │ ging.mercap.com.ar/bonds/b8e763aa-8edc-4117-8f39-953f5
  │ 5c26f8e/payment-summary'
  │ 'Bond 9: shortName is valid: AERAO'
  │ 'Bond 9: name is valid: AEROPUERTOS ARG. 2027 U$S 6.87
  │ 5% (AERAO)'
  │ 'Bond 9: debtType is valid: Obligación Negociable'
  │ 'Bond 9: links object is present.'
  │ 'Bond 9: coupons link is valid: https://api.staging.me
  │ rcap.com.ar/bonds/72b1e530-dd47-49e2-91f2-8f3602054bc3
  │ /coupons'
  │ 'Bond 9: identifiers link is valid: https://api.stagin
  │ g.mercap.com.ar/bonds/72b1e530-dd47-49e2-91f2-8f360205
  │ 4bc3/identifiers'
  │ 'Bond 9: self link is valid: https://api.staging.merca
  │ p.com.ar/bonds/72b1e530-dd47-49e2-91f2-8f3602054bc3'
  │ 'Bond 9: issueConditions link is valid: https://api.st
  │ aging.mercap.com.ar/bonds/72b1e530-dd47-49e2-91f2-8f36
  │ 02054bc3/issue-conditions'
  │ 'Bond 9: paymentSummary link is valid: https://api.sta
  │ ging.mercap.com.ar/bonds/72b1e530-dd47-49e2-91f2-8f360
  │ 2054bc3/payment-summary'
  └
  ✓  Each bond property has the correct format
  ┌
  │ "Link 'coupons' in bond 0 is valid:", 'https://api.sta
  │ ging.mercap.com.ar/bonds/9f8d6a98-199c-41e7-ad56-d70f0
  │ 8d78628/coupons'
  │ "Link 'identifiers' in bond 0 is valid:", 'https://api
  │ .staging.mercap.com.ar/bonds/9f8d6a98-199c-41e7-ad56-d
  │ 70f08d78628/identifiers'
  │ "Link 'self' in bond 0 is valid:", 'https://api.stagin
  │ g.mercap.com.ar/bonds/9f8d6a98-199c-41e7-ad56-d70f08d7
  │ 8628'
  │ "Link 'issueConditions' in bond 0 is valid:", 'https:/
  │ /api.staging.mercap.com.ar/bonds/9f8d6a98-199c-41e7-ad
  │ 56-d70f08d78628/issue-conditions'
  │ "Link 'paymentSummary' in bond 0 is valid:", 'https://
  │ api.staging.mercap.com.ar/bonds/9f8d6a98-199c-41e7-ad5
  │ 6-d70f08d78628/payment-summary'
  │ "Link 'coupons' in bond 1 is valid:", 'https://api.sta
  │ ging.mercap.com.ar/bonds/5b5084c6-16b3-49f8-9bed-ee122
  │ ebeef11/coupons'
  │ "Link 'identifiers' in bond 1 is valid:", 'https://api
  │ .staging.mercap.com.ar/bonds/5b5084c6-16b3-49f8-9bed-e
  │ e122ebeef11/identifiers'
  │ "Link 'self' in bond 1 is valid:", 'https://api.stagin
  │ g.mercap.com.ar/bonds/5b5084c6-16b3-49f8-9bed-ee122ebe
  │ ef11'
  │ "Link 'issueConditions' in bond 1 is valid:", 'https:/
  │ /api.staging.mercap.com.ar/bonds/5b5084c6-16b3-49f8-9b
  │ ed-ee122ebeef11/issue-conditions'
  │ "Link 'paymentSummary' in bond 1 is valid:", 'https://
  │ api.staging.mercap.com.ar/bonds/5b5084c6-16b3-49f8-9be
  │ d-ee122ebeef11/payment-summary'
  │ "Link 'coupons' in bond 2 is valid:", 'https://api.sta
  │ ging.mercap.com.ar/bonds/aca1c2b2-0dda-4235-9f91-f61b2
  │ 710a955/coupons'
  │ "Link 'identifiers' in bond 2 is valid:", 'https://api
  │ .staging.mercap.com.ar/bonds/aca1c2b2-0dda-4235-9f91-f
  │ 61b2710a955/identifiers'
  │ "Link 'self' in bond 2 is valid:", 'https://api.stagin
  │ g.mercap.com.ar/bonds/aca1c2b2-0dda-4235-9f91-f61b2710
  │ a955'
  │ "Link 'issueConditions' in bond 2 is valid:", 'https:/
  │ /api.staging.mercap.com.ar/bonds/aca1c2b2-0dda-4235-9f
  │ 91-f61b2710a955/issue-conditions'
  │ "Link 'paymentSummary' in bond 2 is valid:", 'https://
  │ api.staging.mercap.com.ar/bonds/aca1c2b2-0dda-4235-9f9
  │ 1-f61b2710a955/payment-summary'
  │ "Link 'coupons' in bond 3 is valid:", 'https://api.sta
  │ ging.mercap.com.ar/bonds/467a0102-75f2-4b59-aa66-5d182
  │ e6c1d58/coupons'
  │ "Link 'identifiers' in bond 3 is valid:", 'https://api
  │ .staging.mercap.com.ar/bonds/467a0102-75f2-4b59-aa66-5
  │ d182e6c1d58/identifiers'
  │ "Link 'self' in bond 3 is valid:", 'https://api.stagin
  │ g.mercap.com.ar/bonds/467a0102-75f2-4b59-aa66-5d182e6c
  │ 1d58'
  │ "Link 'issueConditions' in bond 3 is valid:", 'https:/
  │ /api.staging.mercap.com.ar/bonds/467a0102-75f2-4b59-aa
  │ 66-5d182e6c1d58/issue-conditions'
  │ "Link 'paymentSummary' in bond 3 is valid:", 'https://
  │ api.staging.mercap.com.ar/bonds/467a0102-75f2-4b59-aa6
  │ 6-5d182e6c1d58/payment-summary'
  │ "Link 'coupons' in bond 4 is valid:", 'https://api.sta
  │ ging.mercap.com.ar/bonds/ca619c61-beaf-4160-9bcc-b9df0
  │ e0e7938/coupons'
  │ "Link 'identifiers' in bond 4 is valid:", 'https://api
  │ .staging.mercap.com.ar/bonds/ca619c61-beaf-4160-9bcc-b
  │ 9df0e0e7938/identifiers'
  │ "Link 'self' in bond 4 is valid:", 'https://api.stagin
  │ g.mercap.com.ar/bonds/ca619c61-beaf-4160-9bcc-b9df0e0e
  │ 7938'
  │ "Link 'issueConditions' in bond 4 is valid:", 'https:/
  │ /api.staging.mercap.com.ar/bonds/ca619c61-beaf-4160-9b
  │ cc-b9df0e0e7938/issue-conditions'
  │ "Link 'paymentSummary' in bond 4 is valid:", 'https://
  │ api.staging.mercap.com.ar/bonds/ca619c61-beaf-4160-9bc
  │ c-b9df0e0e7938/payment-summary'
  │ "Link 'coupons' in bond 5 is valid:", 'https://api.sta
  │ ging.mercap.com.ar/bonds/935718fe-3140-424e-817d-3ba64
  │ bbc60a6/coupons'
  │ "Link 'identifiers' in bond 5 is valid:", 'https://api
  │ .staging.mercap.com.ar/bonds/935718fe-3140-424e-817d-3
  │ ba64bbc60a6/identifiers'
  │ "Link 'self' in bond 5 is valid:", 'https://api.stagin
  │ g.mercap.com.ar/bonds/935718fe-3140-424e-817d-3ba64bbc
  │ 60a6'
  │ "Link 'issueConditions' in bond 5 is valid:", 'https:/
  │ /api.staging.mercap.com.ar/bonds/935718fe-3140-424e-81
  │ 7d-3ba64bbc60a6/issue-conditions'
  │ "Link 'paymentSummary' in bond 5 is valid:", 'https://
  │ api.staging.mercap.com.ar/bonds/935718fe-3140-424e-817
  │ d-3ba64bbc60a6/payment-summary'
  │ "Link 'coupons' in bond 6 is valid:", 'https://api.sta
  │ ging.mercap.com.ar/bonds/c205e424-1203-475f-b83b-127bf
  │ cd77dc6/coupons'
  │ "Link 'identifiers' in bond 6 is valid:", 'https://api
  │ .staging.mercap.com.ar/bonds/c205e424-1203-475f-b83b-1
  │ 27bfcd77dc6/identifiers'
  │ "Link 'self' in bond 6 is valid:", 'https://api.stagin
  │ g.mercap.com.ar/bonds/c205e424-1203-475f-b83b-127bfcd7
  │ 7dc6'
  │ "Link 'issueConditions' in bond 6 is valid:", 'https:/
  │ /api.staging.mercap.com.ar/bonds/c205e424-1203-475f-b8
  │ 3b-127bfcd77dc6/issue-conditions'
  │ "Link 'paymentSummary' in bond 6 is valid:", 'https://
  │ api.staging.mercap.com.ar/bonds/c205e424-1203-475f-b83
  │ b-127bfcd77dc6/payment-summary'
  │ "Link 'coupons' in bond 7 is valid:", 'https://api.sta
  │ ging.mercap.com.ar/bonds/098d7637-6d3f-46b9-a08b-601da
  │ 300a433/coupons'
  │ "Link 'identifiers' in bond 7 is valid:", 'https://api
  │ .staging.mercap.com.ar/bonds/098d7637-6d3f-46b9-a08b-6
  │ 01da300a433/identifiers'
  │ "Link 'self' in bond 7 is valid:", 'https://api.stagin
  │ g.mercap.com.ar/bonds/098d7637-6d3f-46b9-a08b-601da300
  │ a433'
  │ "Link 'issueConditions' in bond 7 is valid:", 'https:/
  │ /api.staging.mercap.com.ar/bonds/098d7637-6d3f-46b9-a0
  │ 8b-601da300a433/issue-conditions'
  │ "Link 'paymentSummary' in bond 7 is valid:", 'https://
  │ api.staging.mercap.com.ar/bonds/098d7637-6d3f-46b9-a08
  │ b-601da300a433/payment-summary'
  │ "Link 'coupons' in bond 8 is valid:", 'https://api.sta
  │ ging.mercap.com.ar/bonds/b8e763aa-8edc-4117-8f39-953f5
  │ 5c26f8e/coupons'
  │ "Link 'identifiers' in bond 8 is valid:", 'https://api
  │ .staging.mercap.com.ar/bonds/b8e763aa-8edc-4117-8f39-9
  │ 53f55c26f8e/identifiers'
  │ "Link 'self' in bond 8 is valid:", 'https://api.stagin
  │ g.mercap.com.ar/bonds/b8e763aa-8edc-4117-8f39-953f55c2
  │ 6f8e'
  │ "Link 'issueConditions' in bond 8 is valid:", 'https:/
  │ /api.staging.mercap.com.ar/bonds/b8e763aa-8edc-4117-8f
  │ 39-953f55c26f8e/issue-conditions'
  │ "Link 'paymentSummary' in bond 8 is valid:", 'https://
  │ api.staging.mercap.com.ar/bonds/b8e763aa-8edc-4117-8f3
  │ 9-953f55c26f8e/payment-summary'
  │ "Link 'coupons' in bond 9 is valid:", 'https://api.sta
  │ ging.mercap.com.ar/bonds/72b1e530-dd47-49e2-91f2-8f360
  │ 2054bc3/coupons'
  │ "Link 'identifiers' in bond 9 is valid:", 'https://api
  │ .staging.mercap.com.ar/bonds/72b1e530-dd47-49e2-91f2-8
  │ f3602054bc3/identifiers'
  │ "Link 'self' in bond 9 is valid:", 'https://api.stagin
  │ g.mercap.com.ar/bonds/72b1e530-dd47-49e2-91f2-8f360205
  │ 4bc3'
  │ "Link 'issueConditions' in bond 9 is valid:", 'https:/
  │ /api.staging.mercap.com.ar/bonds/72b1e530-dd47-49e2-91
  │ f2-8f3602054bc3/issue-conditions'
  │ "Link 'paymentSummary' in bond 9 is valid:", 'https://
  │ api.staging.mercap.com.ar/bonds/72b1e530-dd47-49e2-91f
  │ 2-8f3602054bc3/payment-summary'
  └
  ✓  Links are valid URLs
  ┌
  │ "Global link 'next' is valid: https://api.staging.merc
  │ ap.com.ar/bonds?limit=10&start=11"
  │ "Global link 'self' is valid: https://api.staging.merc
  │ ap.com.ar/bonds"
  │ "Global link 'last' is valid: https://api.staging.merc
  │ ap.com.ar/bonds?limit=10&start=1091"
  └
  ✓  Global links are valid URLs
  ┌
  │ "No 'query' parameter provided in request."
  └
  ✓  Results match the query parameter
  ┌
  │ "No 'shortName' parameter provided in request."
  └
  ✓  Results match the shortName parameter
  ┌
  │ 'Results respect the limit parameter (max 10 items).'
  └
  ✓  Results respect the limit parameter
  ┌
  │ 'Validated that the first bond in response starts at i
  │ ndex 1.'
  └
  ✓  Start parameter skips the correct number of bonds
  ┌
  │ 'Response code is not 406, no validation necessary.'
  └
  ✓  Error 406 response structure
  ┌
  │ 'Limit is not 0, skipping error validation.'
  └
  ✓  Limit parameter is 0, response should be 400

↳ All bonds - deault parameters - bond+json
  ┌
  │ '▶ [undefined] Ejecutando con ticker: AL30'
  └
  GET https://api.staging.mercap.com.ar/tradable-securities?query=AL30&tradeDate=2026-09-16 [200 OK, 2.64kB, 125ms]
  ┌
  │ '🔎 SHORT_NAME: AL30'
  └
  GET https://api.staging.mercap.com.ar/bonds [200 OK, 44.09kB, 393ms]
  ┌
  │ 'Response received successfully.'
  └
  ✓  Response is received
  ┌
  │ 'Status code is 200.'
  └
  ✓  Status code is 200
  ┌
  │ 'Content-Type header is correct.'
  └
  ✓  Media-Type is correct
  ┌
  │ "'items' array is present and not empty."
  └
  ✓  Response contains 'items' array with elements
  ┌
  │ 'Bond 0 validated successfully.'
  │ 'Bond 1 validated successfully.'
  │ 'Bond 2 validated successfully.'
  │ 'Bond 3 validated successfully.'
  │ 'Bond 4 validated successfully.'
  │ 'Bond 5 validated successfully.'
  │ 'Bond 6 validated successfully.'
  │ 'Bond 7 validated successfully.'
  │ 'Bond 8 validated successfully.'
  │ 'Bond 9 validated successfully.'
  └
  ✓  Each bond has required properties
  ┌
  │ 'Bond 0: shortName is valid: GYC5O'
  │ 'Bond 0: name is valid: \t360 ENERGY 2027 U$S 8.75% (G
  │ YC5O)'
  │ 'Bond 0: debtType is valid: https://api.staging.mercap
  │ .com.ar/debt-types/a6af5129-7f88-46ce-879b-bfb0a4ee8a7
  │ b'
  │ 'Bond 0: links object is present.'
  │ 'Bond 0: self link is valid: https://api.staging.merca
  │ p.com.ar/bonds/9f8d6a98-199c-41e7-ad56-d70f08d78628'
  │ 'Bond 1: shortName is valid: BVCPO'
  │ 'Bond 1: name is valid: \tBST 2026 U$S 8 % (BVCPO)'
  │ 'Bond 1: debtType is valid: https://api.staging.mercap
  │ .com.ar/debt-types/a6af5129-7f88-46ce-879b-bfb0a4ee8a7
  │ b'
  │ 'Bond 1: links object is present.'
  │ 'Bond 1: self link is valid: https://api.staging.merca
  │ p.com.ar/bonds/5b5084c6-16b3-49f8-9bed-ee122ebeef11'
  │ 'Bond 2: shortName is valid: MR40O'
  │ 'Bond 2: name is valid: \tGEMSA 2031 u$s 11% (MR40O)'
  │ 'Bond 2: debtType is valid: https://api.staging.mercap
  │ .com.ar/debt-types/a6af5129-7f88-46ce-879b-bfb0a4ee8a7
  │ b'
  │ 'Bond 2: links object is present.'
  │ 'Bond 2: self link is valid: https://api.staging.merca
  │ p.com.ar/bonds/aca1c2b2-0dda-4235-9f91-f61b2710a955'
  │ 'Bond 3: shortName is valid: RES2P'
  │ 'Bond 3: name is valid: \tRECARD S.A 2028 $ Badlar+800
  │ bp (RES2P)'
  │ 'Bond 3: debtType is valid: https://api.staging.mercap
  │ .com.ar/debt-types/a6af5129-7f88-46ce-879b-bfb0a4ee8a7
  │ b'
  │ 'Bond 3: links object is present.'
  │ 'Bond 3: self link is valid: https://api.staging.merca
  │ p.com.ar/bonds/467a0102-75f2-4b59-aa66-5d182e6c1d58'
  │ 'Bond 4: shortName is valid: TTCBO'
  │ 'Bond 4: name is valid: \tTecpetrol 2027 u$s 6.5% (TTC
  │ BO)'
  │ 'Bond 4: debtType is valid: https://api.staging.mercap
  │ .com.ar/debt-types/a6af5129-7f88-46ce-879b-bfb0a4ee8a7
  │ b'
  │ 'Bond 4: links object is present.'
  │ 'Bond 4: self link is valid: https://api.staging.merca
  │ p.com.ar/bonds/ca619c61-beaf-4160-9bcc-b9df0e0e7938'
  │ 'Bond 5: shortName is valid: GYC4O'
  │ 'Bond 5: name is valid: 360 ENERGY 2027 U$S 8% (GYC4O)
  │ '
  │ 'Bond 5: debtType is valid: https://api.staging.mercap
  │ .com.ar/debt-types/a6af5129-7f88-46ce-879b-bfb0a4ee8a7
  │ b'
  │ 'Bond 5: links object is present.'
  │ 'Bond 5: self link is valid: https://api.staging.merca
  │ p.com.ar/bonds/935718fe-3140-424e-817d-3ba64bbc60a6'
  │ 'Bond 6: shortName is valid: GYC3O'
  │ 'Bond 6: name is valid: 360 Energy 2032 u$s-linked 5% 
  │ (GYC3O)'
  │ 'Bond 6: debtType is valid: https://api.staging.mercap
  │ .com.ar/debt-types/a6af5129-7f88-46ce-879b-bfb0a4ee8a7
  │ b'
  │ 'Bond 6: links object is present.'
  │ 'Bond 6: self link is valid: https://api.staging.merca
  │ p.com.ar/bonds/c205e424-1203-475f-b83b-127bfcd77dc6'
  │ 'Bond 7: shortName is valid: DDS1P'
  │ 'Bond 7: name is valid: 3D Latinoamerica 2027 TAMAR + 
  │ 800bp (DDS1P)'
  │ 'Bond 7: debtType is valid: https://api.staging.mercap
  │ .com.ar/debt-types/a6af5129-7f88-46ce-879b-bfb0a4ee8a7
  │ b'
  │ 'Bond 7: links object is present.'
  │ 'Bond 7: self link is valid: https://api.staging.merca
  │ p.com.ar/bonds/098d7637-6d3f-46b9-a08b-601da300a433'
  │ 'Bond 8: shortName is valid: ADCO27'
  │ 'Bond 8: name is valid: ADECOAGRO 2027 U$S 6% (ADCO27)
  │ '
  │ 'Bond 8: debtType is valid: https://api.staging.mercap
  │ .com.ar/debt-types/a6af5129-7f88-46ce-879b-bfb0a4ee8a7
  │ b'
  │ 'Bond 8: links object is present.'
  │ 'Bond 8: self link is valid: https://api.staging.merca
  │ p.com.ar/bonds/b8e763aa-8edc-4117-8f39-953f55c26f8e'
  │ 'Bond 9: shortName is valid: AERAO'
  │ 'Bond 9: name is valid: AEROPUERTOS ARG. 2027 U$S 6.87
  │ 5% (AERAO)'
  │ 'Bond 9: debtType is valid: https://api.staging.mercap
  │ .com.ar/debt-types/a6af5129-7f88-46ce-879b-bfb0a4ee8a7
  │ b'
  │ 'Bond 9: links object is present.'
  │ 'Bond 9: self link is valid: https://api.staging.merca
  │ p.com.ar/bonds/72b1e530-dd47-49e2-91f2-8f3602054bc3'
  └
  ✓  Each bond property has the correct format
  ┌
  │ "Link 'self' in bond 0 is valid:", 'https://api.stagin
  │ g.mercap.com.ar/bonds/9f8d6a98-199c-41e7-ad56-d70f08d7
  │ 8628'
  │ "Link 'self' in bond 1 is valid:", 'https://api.stagin
  │ g.mercap.com.ar/bonds/5b5084c6-16b3-49f8-9bed-ee122ebe
  │ ef11'
  │ "Link 'self' in bond 2 is valid:", 'https://api.stagin
  │ g.mercap.com.ar/bonds/aca1c2b2-0dda-4235-9f91-f61b2710
  │ a955'
  │ "Link 'self' in bond 3 is valid:", 'https://api.stagin
  │ g.mercap.com.ar/bonds/467a0102-75f2-4b59-aa66-5d182e6c
  │ 1d58'
  │ "Link 'self' in bond 4 is valid:", 'https://api.stagin
  │ g.mercap.com.ar/bonds/ca619c61-beaf-4160-9bcc-b9df0e0e
  │ 7938'
  │ "Link 'self' in bond 5 is valid:", 'https://api.stagin
  │ g.mercap.com.ar/bonds/935718fe-3140-424e-817d-3ba64bbc
  │ 60a6'
  │ "Link 'self' in bond 6 is valid:", 'https://api.stagin
  │ g.mercap.com.ar/bonds/c205e424-1203-475f-b83b-127bfcd7
  │ 7dc6'
  │ "Link 'self' in bond 7 is valid:", 'https://api.stagin
  │ g.mercap.com.ar/bonds/098d7637-6d3f-46b9-a08b-601da300
  │ a433'
  │ "Link 'self' in bond 8 is valid:", 'https://api.stagin
  │ g.mercap.com.ar/bonds/b8e763aa-8edc-4117-8f39-953f55c2
  │ 6f8e'
  │ "Link 'self' in bond 9 is valid:", 'https://api.stagin
  │ g.mercap.com.ar/bonds/72b1e530-dd47-49e2-91f2-8f360205
  │ 4bc3'
  └
  ✓  Links are valid URLs
  ┌
  │ "Global link 'next' is valid: https://api.staging.merc
  │ ap.com.ar/bonds?limit=10&start=11"
  │ "Global link 'self' is valid: https://api.staging.merc
  │ ap.com.ar/bonds"
  │ "Global link 'last' is valid: https://api.staging.merc
  │ ap.com.ar/bonds?limit=10&start=1091"
  └
  ✓  Global links are valid URLs
  ┌
  │ "No 'query' parameter provided in request."
  └
  ✓  Results match the query parameter
  ┌
  │ "No 'shortName' parameter provided in request."
  └
  ✓  Results match the shortName parameter
  ┌
  │ 'Results respect the limit parameter (max 10 items).'
  └
  ✓  Results respect the limit parameter
  ┌
  │ 'Validated that the first bond in response starts at i
  │ ndex 1.'
  └
  ✓  Start parameter skips the correct number of bonds
  ┌
  │ 'Response code is not 406, no validation necessary.'
  └
  ✓  Error 406 response structure
  ┌
  │ 'Limit is not 0, skipping error validation.'
  └
  ✓  Limit parameter is 0, response should be 400
  ✓  cashflowUnits: estructura válida por variante

↳ All bonds - for issuer
  ┌
  │ '▶ [undefined] Ejecutando con ticker: AL30'
  └
  GET https://api.staging.mercap.com.ar/tradable-securities?query=AL30&tradeDate=2026-09-16 [200 OK, 2.64kB, 89ms]
  ┌
  │ '🔎 SHORT_NAME: AL30'
  └
  GET https://api.staging.mercap.com.ar/instrument-issuers [200 OK, 135.59kB, 392ms]
  ┌
  │ 'https://api.staging.mercap.com.ar/instrument-issuers/
  │ 89874250-34f0-4358-a261-c13ce5bac46a'
  └
  GET https://api.staging.mercap.com.ar/bonds?issuer=https://api.staging.mercap.com.ar/instrument-issuers/89874250-34f0-4358-a261-c13ce5bac46a [200 OK, 3.3kB, 168ms]
  ┌
  │ 'Status code is 200.'
  └
  ✓  Status code is 200
  ┌
  │ 'Content-Type header is correct.'
  └
  ✓  Media-Type is correct
  ┌
  │ "'items' array is present and not empty."
  └
  ✓  Response contains 'items' array with elements
  ┌
  │ 'Bond 0 validated successfully.'
  │ 'Bond 1 validated successfully.'
  │ 'Bond 2 validated successfully.'
  │ 'Bond 3 validated successfully.'
  └
  ✓  Each bond has required properties
  ┌
  │ 'Bond 0: shortName is valid: US10YT'
  │ 'Bond 0: name is valid: U.S. 10 years 3,875% (US10YT)'
  │ 'Bond 0: debtType is valid: Título Público'
  │ 'Bond 0: links object is present.'
  │ 'Bond 0: coupons link is valid: https://api.staging.me
  │ rcap.com.ar/bonds/65214f51-5808-414b-a656-5eb993b318cf
  │ /coupons'
  │ 'Bond 0: identifiers link is valid: https://api.stagin
  │ g.mercap.com.ar/bonds/65214f51-5808-414b-a656-5eb993b3
  │ 18cf/identifiers'
  │ 'Bond 0: self link is valid: https://api.staging.merca
  │ p.com.ar/bonds/65214f51-5808-414b-a656-5eb993b318cf'
  │ 'Bond 0: issueConditions link is valid: https://api.st
  │ aging.mercap.com.ar/bonds/65214f51-5808-414b-a656-5eb9
  │ 93b318cf/issue-conditions'
  │ 'Bond 0: paymentSummary link is valid: https://api.sta
  │ ging.mercap.com.ar/bonds/65214f51-5808-414b-a656-5eb99
  │ 3b318cf/payment-summary'
  │ 'Bond 1: shortName is valid: US20YT'
  │ 'Bond 1: name is valid: U.S. 20 years 4,375% (US20YT)'
  │ 'Bond 1: debtType is valid: Título Público'
  │ 'Bond 1: links object is present.'
  │ 'Bond 1: coupons link is valid: https://api.staging.me
  │ rcap.com.ar/bonds/4c375038-3be1-462c-b6b0-a435cc6949a6
  │ /coupons'
  │ 'Bond 1: identifiers link is valid: https://api.stagin
  │ g.mercap.com.ar/bonds/4c375038-3be1-462c-b6b0-a435cc69
  │ 49a6/identifiers'
  │ 'Bond 1: self link is valid: https://api.staging.merca
  │ p.com.ar/bonds/4c375038-3be1-462c-b6b0-a435cc6949a6'
  │ 'Bond 1: issueConditions link is valid: https://api.st
  │ aging.mercap.com.ar/bonds/4c375038-3be1-462c-b6b0-a435
  │ cc6949a6/issue-conditions'
  │ 'Bond 1: paymentSummary link is valid: https://api.sta
  │ ging.mercap.com.ar/bonds/4c375038-3be1-462c-b6b0-a435c
  │ c6949a6/payment-summary'
  │ 'Bond 2: shortName is valid: US30YT'
  │ 'Bond 2: name is valid: U.S. 30 years 4,125% (US30YT)'
  │ 'Bond 2: debtType is valid: Título Público'
  │ 'Bond 2: links object is present.'
  │ 'Bond 2: coupons link is valid: https://api.staging.me
  │ rcap.com.ar/bonds/9249de31-2b61-433d-b1fb-5237d5ada837
  │ /coupons'
  │ 'Bond 2: identifiers link is valid: https://api.stagin
  │ g.mercap.com.ar/bonds/9249de31-2b61-433d-b1fb-5237d5ad
  │ a837/identifiers'
  │ 'Bond 2: self link is valid: https://api.staging.merca
  │ p.com.ar/bonds/9249de31-2b61-433d-b1fb-5237d5ada837'
  │ 'Bond 2: issueConditions link is valid: https://api.st
  │ aging.mercap.com.ar/bonds/9249de31-2b61-433d-b1fb-5237
  │ d5ada837/issue-conditions'
  │ 'Bond 2: paymentSummary link is valid: https://api.sta
  │ ging.mercap.com.ar/bonds/9249de31-2b61-433d-b1fb-5237d
  │ 5ada837/payment-summary'
  │ 'Bond 3: shortName is valid: US5YT'
  │ 'Bond 3: name is valid: U.S. 5 years 4,375% (US5YT)'
  │ 'Bond 3: debtType is valid: Título Público'
  │ 'Bond 3: links object is present.'
  │ 'Bond 3: coupons link is valid: https://api.staging.me
  │ rcap.com.ar/bonds/2169000a-980d-4935-a5ae-babf3d5a0420
  │ /coupons'
  │ 'Bond 3: identifiers link is valid: https://api.stagin
  │ g.mercap.com.ar/bonds/2169000a-980d-4935-a5ae-babf3d5a
  │ 0420/identifiers'
  │ 'Bond 3: self link is valid: https://api.staging.merca
  │ p.com.ar/bonds/2169000a-980d-4935-a5ae-babf3d5a0420'
  │ 'Bond 3: issueConditions link is valid: https://api.st
  │ aging.mercap.com.ar/bonds/2169000a-980d-4935-a5ae-babf
  │ 3d5a0420/issue-conditions'
  │ 'Bond 3: paymentSummary link is valid: https://api.sta
  │ ging.mercap.com.ar/bonds/2169000a-980d-4935-a5ae-babf3
  │ d5a0420/payment-summary'
  └
  ✓  Each bond property has the correct format
  ┌
  │ "Link 'coupons' in bond 0 is valid:", 'https://api.sta
  │ ging.mercap.com.ar/bonds/65214f51-5808-414b-a656-5eb99
  │ 3b318cf/coupons'
  │ "Link 'identifiers' in bond 0 is valid:", 'https://api
  │ .staging.mercap.com.ar/bonds/65214f51-5808-414b-a656-5
  │ eb993b318cf/identifiers'
  │ "Link 'self' in bond 0 is valid:", 'https://api.stagin
  │ g.mercap.com.ar/bonds/65214f51-5808-414b-a656-5eb993b3
  │ 18cf'
  │ "Link 'issueConditions' in bond 0 is valid:", 'https:/
  │ /api.staging.mercap.com.ar/bonds/65214f51-5808-414b-a6
  │ 56-5eb993b318cf/issue-conditions'
  │ "Link 'paymentSummary' in bond 0 is valid:", 'https://
  │ api.staging.mercap.com.ar/bonds/65214f51-5808-414b-a65
  │ 6-5eb993b318cf/payment-summary'
  │ "Link 'coupons' in bond 1 is valid:", 'https://api.sta
  │ ging.mercap.com.ar/bonds/4c375038-3be1-462c-b6b0-a435c
  │ c6949a6/coupons'
  │ "Link 'identifiers' in bond 1 is valid:", 'https://api
  │ .staging.mercap.com.ar/bonds/4c375038-3be1-462c-b6b0-a
  │ 435cc6949a6/identifiers'
  │ "Link 'self' in bond 1 is valid:", 'https://api.stagin
  │ g.mercap.com.ar/bonds/4c375038-3be1-462c-b6b0-a435cc69
  │ 49a6'
  │ "Link 'issueConditions' in bond 1 is valid:", 'https:/
  │ /api.staging.mercap.com.ar/bonds/4c375038-3be1-462c-b6
  │ b0-a435cc6949a6/issue-conditions'
  │ "Link 'paymentSummary' in bond 1 is valid:", 'https://
  │ api.staging.mercap.com.ar/bonds/4c375038-3be1-462c-b6b
  │ 0-a435cc6949a6/payment-summary'
  │ "Link 'coupons' in bond 2 is valid:", 'https://api.sta
  │ ging.mercap.com.ar/bonds/9249de31-2b61-433d-b1fb-5237d
  │ 5ada837/coupons'
  │ "Link 'identifiers' in bond 2 is valid:", 'https://api
  │ .staging.mercap.com.ar/bonds/9249de31-2b61-433d-b1fb-5
  │ 237d5ada837/identifiers'
  │ "Link 'self' in bond 2 is valid:", 'https://api.stagin
  │ g.mercap.com.ar/bonds/9249de31-2b61-433d-b1fb-5237d5ad
  │ a837'
  │ "Link 'issueConditions' in bond 2 is valid:", 'https:/
  │ /api.staging.mercap.com.ar/bonds/9249de31-2b61-433d-b1
  │ fb-5237d5ada837/issue-conditions'
  │ "Link 'paymentSummary' in bond 2 is valid:", 'https://
  │ api.staging.mercap.com.ar/bonds/9249de31-2b61-433d-b1f
  │ b-5237d5ada837/payment-summary'
  │ "Link 'coupons' in bond 3 is valid:", 'https://api.sta
  │ ging.mercap.com.ar/bonds/2169000a-980d-4935-a5ae-babf3
  │ d5a0420/coupons'
  │ "Link 'identifiers' in bond 3 is valid:", 'https://api
  │ .staging.mercap.com.ar/bonds/2169000a-980d-4935-a5ae-b
  │ abf3d5a0420/identifiers'
  │ "Link 'self' in bond 3 is valid:", 'https://api.stagin
  │ g.mercap.com.ar/bonds/2169000a-980d-4935-a5ae-babf3d5a
  │ 0420'
  │ "Link 'issueConditions' in bond 3 is valid:", 'https:/
  │ /api.staging.mercap.com.ar/bonds/2169000a-980d-4935-a5
  │ ae-babf3d5a0420/issue-conditions'
  │ "Link 'paymentSummary' in bond 3 is valid:", 'https://
  │ api.staging.mercap.com.ar/bonds/2169000a-980d-4935-a5a
  │ e-babf3d5a0420/payment-summary'
  └
  ✓  Links are valid URLs
  GET https://api.staging.mercap.com.ar/instrument-issuers/89874250-34f0-4358-a261-c13ce5bac46a [200 OK, 859B, 156ms]
  GET https://api.staging.mercap.com.ar/bonds/65214f51-5808-414b-a656-5eb993b318cf/issue-conditions   GET https://api.staging.mercap.com.ar/bonds/4c375038-3be1-462c-b6b0-a435cc6949a6/issue-conditions   GET https://api.staging.mercap.com.ar/bonds/9249de31-2b61-433d-b1fb-5237d5ada837/issue-conditions   GET https://api.staging.mercap.com.ar/bonds/2169000a-980d-4935-a5ae-babf3d5a0420/issue-conditions [200 OK, 1.34kB, 108ms]
[200 OK, 1.33kB, 117ms]
[200 OK, 1.34kB, 135ms]
[200 OK, 1.34kB, 150ms]
  ✓  validar que solo devuelva items asociados al issuer enviado por parametro

↳ All bonds - for issuer - bond+json
  ┌
  │ '▶ [undefined] Ejecutando con ticker: AL30'
  └
  GET https://api.staging.mercap.com.ar/tradable-securities?query=AL30&tradeDate=2026-09-16 [200 OK, 2.63kB, 54ms]
  ┌
  │ '🔎 SHORT_NAME: AL30'
  └
  GET https://api.staging.mercap.com.ar/instrument-issuers [200 OK, 135.59kB, 435ms]
  ┌
  │ 'https://api.staging.mercap.com.ar/instrument-issuers/
  │ 89874250-34f0-4358-a261-c13ce5bac46a'
  └
  GET https://api.staging.mercap.com.ar/bonds?issuer=https://api.staging.mercap.com.ar/instrument-issuers/89874250-34f0-4358-a261-c13ce5bac46a [200 OK, 32.64kB, 638ms]
  ✓  Status code is 200
  ✓  Media-Type is correct
  ✓  Response contains 'items' array with elements
  ✓  Each bond has required properties
  ✓  Each bond property has the correct format
  ✓  Links are valid URLs
  ✓  validar que solo devuelva items asociados al issuer enviado por parametro
  ✓  cashflowUnits: estructura válida por variante

↳ All bonds - start & limit parameters
  ┌
  │ '▶ [undefined] Ejecutando con ticker: AL30'
  └
  GET https://api.staging.mercap.com.ar/tradable-securities?query=AL30&tradeDate=2026-09-16 [200 OK, 2.64kB, 57ms]
  ┌
  │ '🔎 SHORT_NAME: AL30'
  └
  GET https://api.staging.mercap.com.ar/bonds?limit=5&start=2 [200 OK, 4.3kB, 91ms]
  ┌
  │ 'Response received successfully.'
  └
  ✓  Response is received
  ┌
  │ 'Status code is 200.'
  └
  ✓  Status code is 200
  ┌
  │ 'Content-Type header is correct.'
  └
  ✓  Media-Type is correct
  ┌
  │ "'items' array is present and not empty."
  └
  ✓  Response contains 'items' array with elements
  ┌
  │ 'Bond 0 validated successfully.'
  │ 'Bond 1 validated successfully.'
  │ 'Bond 2 validated successfully.'
  │ 'Bond 3 validated successfully.'
  │ 'Bond 4 validated successfully.'
  └
  ✓  Each bond has required properties
  ┌
  │ 'Bond 0: shortName is valid: BVCPO'
  │ 'Bond 0: name is valid: \tBST 2026 U$S 8 % (BVCPO)'
  │ 'Bond 0: debtType is valid: Obligación Negociable'
  │ 'Bond 0: links object is present.'
  │ 'Bond 0: coupons link is valid: https://api.staging.me
  │ rcap.com.ar/bonds/5b5084c6-16b3-49f8-9bed-ee122ebeef11
  │ /coupons'
  │ 'Bond 0: identifiers link is valid: https://api.stagin
  │ g.mercap.com.ar/bonds/5b5084c6-16b3-49f8-9bed-ee122ebe
  │ ef11/identifiers'
  │ 'Bond 0: self link is valid: https://api.staging.merca
  │ p.com.ar/bonds/5b5084c6-16b3-49f8-9bed-ee122ebeef11'
  │ 'Bond 0: issueConditions link is valid: https://api.st
  │ aging.mercap.com.ar/bonds/5b5084c6-16b3-49f8-9bed-ee12
  │ 2ebeef11/issue-conditions'
  │ 'Bond 0: paymentSummary link is valid: https://api.sta
  │ ging.mercap.com.ar/bonds/5b5084c6-16b3-49f8-9bed-ee122
  │ ebeef11/payment-summary'
  │ 'Bond 1: shortName is valid: MR40O'
  │ 'Bond 1: name is valid: \tGEMSA 2031 u$s 11% (MR40O)'
  │ 'Bond 1: debtType is valid: Obligación Negociable'
  │ 'Bond 1: links object is present.'
  │ 'Bond 1: coupons link is valid: https://api.staging.me
  │ rcap.com.ar/bonds/aca1c2b2-0dda-4235-9f91-f61b2710a955
  │ /coupons'
  │ 'Bond 1: identifiers link is valid: https://api.stagin
  │ g.mercap.com.ar/bonds/aca1c2b2-0dda-4235-9f91-f61b2710
  │ a955/identifiers'
  │ 'Bond 1: self link is valid: https://api.staging.merca
  │ p.com.ar/bonds/aca1c2b2-0dda-4235-9f91-f61b2710a955'
  │ 'Bond 1: issueConditions link is valid: https://api.st
  │ aging.mercap.com.ar/bonds/aca1c2b2-0dda-4235-9f91-f61b
  │ 2710a955/issue-conditions'
  │ 'Bond 1: paymentSummary link is valid: https://api.sta
  │ ging.mercap.com.ar/bonds/aca1c2b2-0dda-4235-9f91-f61b2
  │ 710a955/payment-summary'
  │ 'Bond 2: shortName is valid: RES2P'
  │ 'Bond 2: name is valid: \tRECARD S.A 2028 $ Badlar+800
  │ bp (RES2P)'
  │ 'Bond 2: debtType is valid: Obligación Negociable'
  │ 'Bond 2: links object is present.'
  │ 'Bond 2: coupons link is valid: https://api.staging.me
  │ rcap.com.ar/bonds/467a0102-75f2-4b59-aa66-5d182e6c1d58
  │ /coupons'
  │ 'Bond 2: identifiers link is valid: https://api.stagin
  │ g.mercap.com.ar/bonds/467a0102-75f2-4b59-aa66-5d182e6c
  │ 1d58/identifiers'
  │ 'Bond 2: self link is valid: https://api.staging.merca
  │ p.com.ar/bonds/467a0102-75f2-4b59-aa66-5d182e6c1d58'
  │ 'Bond 2: issueConditions link is valid: https://api.st
  │ aging.mercap.com.ar/bonds/467a0102-75f2-4b59-aa66-5d18
  │ 2e6c1d58/issue-conditions'
  │ 'Bond 2: paymentSummary link is valid: https://api.sta
  │ ging.mercap.com.ar/bonds/467a0102-75f2-4b59-aa66-5d182
  │ e6c1d58/payment-summary'
  │ 'Bond 3: shortName is valid: TTCBO'
  │ 'Bond 3: name is valid: \tTecpetrol 2027 u$s 6.5% (TTC
  │ BO)'
  │ 'Bond 3: debtType is valid: Obligación Negociable'
  │ 'Bond 3: links object is present.'
  │ 'Bond 3: coupons link is valid: https://api.staging.me
  │ rcap.com.ar/bonds/ca619c61-beaf-4160-9bcc-b9df0e0e7938
  │ /coupons'
  │ 'Bond 3: identifiers link is valid: https://api.stagin
  │ g.mercap.com.ar/bonds/ca619c61-beaf-4160-9bcc-b9df0e0e
  │ 7938/identifiers'
  │ 'Bond 3: self link is valid: https://api.staging.merca
  │ p.com.ar/bonds/ca619c61-beaf-4160-9bcc-b9df0e0e7938'
  │ 'Bond 3: issueConditions link is valid: https://api.st
  │ aging.mercap.com.ar/bonds/ca619c61-beaf-4160-9bcc-b9df
  │ 0e0e7938/issue-conditions'
  │ 'Bond 3: paymentSummary link is valid: https://api.sta
  │ ging.mercap.com.ar/bonds/ca619c61-beaf-4160-9bcc-b9df0
  │ e0e7938/payment-summary'
  │ 'Bond 4: shortName is valid: GYC4O'
  │ 'Bond 4: name is valid: 360 ENERGY 2027 U$S 8% (GYC4O)
  │ '
  │ 'Bond 4: debtType is valid: Obligación Negociable'
  │ 'Bond 4: links object is present.'
  │ 'Bond 4: coupons link is valid: https://api.staging.me
  │ rcap.com.ar/bonds/935718fe-3140-424e-817d-3ba64bbc60a6
  │ /coupons'
  │ 'Bond 4: identifiers link is valid: https://api.stagin
  │ g.mercap.com.ar/bonds/935718fe-3140-424e-817d-3ba64bbc
  │ 60a6/identifiers'
  │ 'Bond 4: self link is valid: https://api.staging.merca
  │ p.com.ar/bonds/935718fe-3140-424e-817d-3ba64bbc60a6'
  │ 'Bond 4: issueConditions link is valid: https://api.st
  │ aging.mercap.com.ar/bonds/935718fe-3140-424e-817d-3ba6
  │ 4bbc60a6/issue-conditions'
  │ 'Bond 4: paymentSummary link is valid: https://api.sta
  │ ging.mercap.com.ar/bonds/935718fe-3140-424e-817d-3ba64
  │ bbc60a6/payment-summary'
  └
  ✓  Each bond property has the correct format
  ┌
  │ "Link 'coupons' in bond 0 is valid:", 'https://api.sta
  │ ging.mercap.com.ar/bonds/5b5084c6-16b3-49f8-9bed-ee122
  │ ebeef11/coupons'
  │ "Link 'identifiers' in bond 0 is valid:", 'https://api
  │ .staging.mercap.com.ar/bonds/5b5084c6-16b3-49f8-9bed-e
  │ e122ebeef11/identifiers'
  │ "Link 'self' in bond 0 is valid:", 'https://api.stagin
  │ g.mercap.com.ar/bonds/5b5084c6-16b3-49f8-9bed-ee122ebe
  │ ef11'
  │ "Link 'issueConditions' in bond 0 is valid:", 'https:/
  │ /api.staging.mercap.com.ar/bonds/5b5084c6-16b3-49f8-9b
  │ ed-ee122ebeef11/issue-conditions'
  │ "Link 'paymentSummary' in bond 0 is valid:", 'https://
  │ api.staging.mercap.com.ar/bonds/5b5084c6-16b3-49f8-9be
  │ d-ee122ebeef11/payment-summary'
  │ "Link 'coupons' in bond 1 is valid:", 'https://api.sta
  │ ging.mercap.com.ar/bonds/aca1c2b2-0dda-4235-9f91-f61b2
  │ 710a955/coupons'
  │ "Link 'identifiers' in bond 1 is valid:", 'https://api
  │ .staging.mercap.com.ar/bonds/aca1c2b2-0dda-4235-9f91-f
  │ 61b2710a955/identifiers'
  │ "Link 'self' in bond 1 is valid:", 'https://api.stagin
  │ g.mercap.com.ar/bonds/aca1c2b2-0dda-4235-9f91-f61b2710
  │ a955'
  │ "Link 'issueConditions' in bond 1 is valid:", 'https:/
  │ /api.staging.mercap.com.ar/bonds/aca1c2b2-0dda-4235-9f
  │ 91-f61b2710a955/issue-conditions'
  │ "Link 'paymentSummary' in bond 1 is valid:", 'https://
  │ api.staging.mercap.com.ar/bonds/aca1c2b2-0dda-4235-9f9
  │ 1-f61b2710a955/payment-summary'
  │ "Link 'coupons' in bond 2 is valid:", 'https://api.sta
  │ ging.mercap.com.ar/bonds/467a0102-75f2-4b59-aa66-5d182
  │ e6c1d58/coupons'
  │ "Link 'identifiers' in bond 2 is valid:", 'https://api
  │ .staging.mercap.com.ar/bonds/467a0102-75f2-4b59-aa66-5
  │ d182e6c1d58/identifiers'
  │ "Link 'self' in bond 2 is valid:", 'https://api.stagin
  │ g.mercap.com.ar/bonds/467a0102-75f2-4b59-aa66-5d182e6c
  │ 1d58'
  │ "Link 'issueConditions' in bond 2 is valid:", 'https:/
  │ /api.staging.mercap.com.ar/bonds/467a0102-75f2-4b59-aa
  │ 66-5d182e6c1d58/issue-conditions'
  │ "Link 'paymentSummary' in bond 2 is valid:", 'https://
  │ api.staging.mercap.com.ar/bonds/467a0102-75f2-4b59-aa6
  │ 6-5d182e6c1d58/payment-summary'
  │ "Link 'coupons' in bond 3 is valid:", 'https://api.sta
  │ ging.mercap.com.ar/bonds/ca619c61-beaf-4160-9bcc-b9df0
  │ e0e7938/coupons'
  │ "Link 'identifiers' in bond 3 is valid:", 'https://api
  │ .staging.mercap.com.ar/bonds/ca619c61-beaf-4160-9bcc-b
  │ 9df0e0e7938/identifiers'
  │ "Link 'self' in bond 3 is valid:", 'https://api.stagin
  │ g.mercap.com.ar/bonds/ca619c61-beaf-4160-9bcc-b9df0e0e
  │ 7938'
  │ "Link 'issueConditions' in bond 3 is valid:", 'https:/
  │ /api.staging.mercap.com.ar/bonds/ca619c61-beaf-4160-9b
  │ cc-b9df0e0e7938/issue-conditions'
  │ "Link 'paymentSummary' in bond 3 is valid:", 'https://
  │ api.staging.mercap.com.ar/bonds/ca619c61-beaf-4160-9bc
  │ c-b9df0e0e7938/payment-summary'
  │ "Link 'coupons' in bond 4 is valid:", 'https://api.sta
  │ ging.mercap.com.ar/bonds/935718fe-3140-424e-817d-3ba64
  │ bbc60a6/coupons'
  │ "Link 'identifiers' in bond 4 is valid:", 'https://api
  │ .staging.mercap.com.ar/bonds/935718fe-3140-424e-817d-3
  │ ba64bbc60a6/identifiers'
  │ "Link 'self' in bond 4 is valid:", 'https://api.stagin
  │ g.mercap.com.ar/bonds/935718fe-3140-424e-817d-3ba64bbc
  │ 60a6'
  │ "Link 'issueConditions' in bond 4 is valid:", 'https:/
  │ /api.staging.mercap.com.ar/bonds/935718fe-3140-424e-81
  │ 7d-3ba64bbc60a6/issue-conditions'
  │ "Link 'paymentSummary' in bond 4 is valid:", 'https://
  │ api.staging.mercap.com.ar/bonds/935718fe-3140-424e-817
  │ d-3ba64bbc60a6/payment-summary'
  └
  ✓  Links are valid URLs
  ┌
  │ "Global link 'first' is valid: https://api.staging.mer
  │ cap.com.ar/bonds?limit=5&start=1"
  │ "Global link 'next' is valid: https://api.staging.merc
  │ ap.com.ar/bonds?limit=5&start=7"
  │ "Global link 'self' is valid: https://api.staging.merc
  │ ap.com.ar/bonds?limit=5&start=2"
  │ "Global link 'last' is valid: https://api.staging.merc
  │ ap.com.ar/bonds?limit=5&start=1096"
  └
  ✓  Global links are valid URLs
  ┌
  │ "No 'query' parameter provided in request."
  └
  ✓  Results match the query parameter
  ┌
  │ "No 'shortName' parameter provided in request."
  └
  ✓  Results match the shortName parameter
  ┌
  │ 'Results respect the limit parameter (max 5 items).'
  └
  ✓  Results respect the limit parameter
  ┌
  │ 'Validated that the first bond in response starts at i
  │ ndex 2.'
  └
  ✓  Start parameter skips the correct number of bonds
  ┌
  │ 'Response code is not 406, no validation necessary.'
  └
  ✓  Error 406 response structure
  ┌
  │ 'Limit is not 0, skipping error validation.'
  └
  ✓  Limit parameter is 0, response should be 400

↳ All bonds - start & limit parameters - bond+json
  ┌
  │ '▶ [undefined] Ejecutando con ticker: AL30'
  └
  GET https://api.staging.mercap.com.ar/tradable-securities?query=AL30&tradeDate=2026-09-16 [200 OK, 2.64kB, 77ms]
  ┌
  │ '🔎 SHORT_NAME: AL30'
  └
  GET https://api.staging.mercap.com.ar/bonds?limit=5&start=2 [200 OK, 16.3kB, 398ms]
  ┌
  │ 'Response received successfully.'
  └
  ✓  Response is received
  ┌
  │ 'Status code is 200.'
  └
  ✓  Status code is 200
  ┌
  │ 'Content-Type header is correct.'
  └
  ✓  Media-Type is correct
  ┌
  │ "'items' array is present and not empty."
  └
  ✓  Response contains 'items' array with elements
  ┌
  │ 'Bond 0 validated successfully.'
  │ 'Bond 1 validated successfully.'
  │ 'Bond 2 validated successfully.'
  │ 'Bond 3 validated successfully.'
  │ 'Bond 4 validated successfully.'
  └
  ✓  Each bond has required properties
  ┌
  │ 'Bond 0: shortName is valid: BVCPO'
  │ 'Bond 0: name is valid: \tBST 2026 U$S 8 % (BVCPO)'
  │ 'Bond 0: coupons array is present with 4 items.'
  │ 'Bond 0: maturityDate is valid: 2026-10-21'
  │ 'Bond 0: issue object is present.'
  │ 'Bond 0: debtType is valid: https://api.staging.mercap
  │ .com.ar/debt-types/a6af5129-7f88-46ce-879b-bfb0a4ee8a7
  │ b'
  │ 'Bond 0: links object is present.'
  │ 'Bond 0: self link is valid: https://api.staging.merca
  │ p.com.ar/bonds/5b5084c6-16b3-49f8-9bed-ee122ebeef11'
  │ 'Bond 1: shortName is valid: MR40O'
  │ 'Bond 1: name is valid: \tGEMSA 2031 u$s 11% (MR40O)'
  │ 'Bond 1: coupons array is present with 14 items.'
  │ 'Bond 1: maturityDate is valid: 2031-10-31'
  │ 'Bond 1: issue object is present.'
  │ 'Bond 1: debtType is valid: https://api.staging.mercap
  │ .com.ar/debt-types/a6af5129-7f88-46ce-879b-bfb0a4ee8a7
  │ b'
  │ 'Bond 1: links object is present.'
  │ 'Bond 1: self link is valid: https://api.staging.merca
  │ p.com.ar/bonds/aca1c2b2-0dda-4235-9f91-f61b2710a955'
  │ 'Bond 2: shortName is valid: RES2P'
  │ 'Bond 2: name is valid: \tRECARD S.A 2028 $ Badlar+800
  │ bp (RES2P)'
  │ 'Bond 2: coupons array is present with 8 items.'
  │ 'Bond 2: maturityDate is valid: 2026-09-30'
  │ 'Bond 2: issue object is present.'
  │ 'Bond 2: debtType is valid: https://api.staging.mercap
  │ .com.ar/debt-types/a6af5129-7f88-46ce-879b-bfb0a4ee8a7
  │ b'
  │ 'Bond 2: links object is present.'
  │ 'Bond 2: self link is valid: https://api.staging.merca
  │ p.com.ar/bonds/467a0102-75f2-4b59-aa66-5d182e6c1d58'
  │ 'Bond 3: shortName is valid: TTCBO'
  │ 'Bond 3: name is valid: \tTecpetrol 2027 u$s 6.5% (TTC
  │ BO)'
  │ 'Bond 3: coupons array is present with 4 items.'
  │ 'Bond 3: maturityDate is valid: 2027-10-16'
  │ 'Bond 3: issue object is present.'
  │ 'Bond 3: debtType is valid: https://api.staging.mercap
  │ .com.ar/debt-types/a6af5129-7f88-46ce-879b-bfb0a4ee8a7
  │ b'
  │ 'Bond 3: links object is present.'
  │ 'Bond 3: self link is valid: https://api.staging.merca
  │ p.com.ar/bonds/ca619c61-beaf-4160-9bcc-b9df0e0e7938'
  │ 'Bond 4: shortName is valid: GYC4O'
  │ 'Bond 4: name is valid: 360 ENERGY 2027 U$S 8% (GYC4O)
  │ '
  │ 'Bond 4: coupons array is present with 11 items.'
  │ 'Bond 4: maturityDate is valid: 2027-10-30'
  │ 'Bond 4: issue object is present.'
  │ 'Bond 4: debtType is valid: https://api.staging.mercap
  │ .com.ar/debt-types/a6af5129-7f88-46ce-879b-bfb0a4ee8a7
  │ b'
  │ 'Bond 4: links object is present.'
  │ 'Bond 4: self link is valid: https://api.staging.merca
  │ p.com.ar/bonds/935718fe-3140-424e-817d-3ba64bbc60a6'
  └
  ✓  Each bond property has the correct format
  ┌
  │ "Link 'self' in bond 0 is valid:", 'https://api.stagin
  │ g.mercap.com.ar/bonds/5b5084c6-16b3-49f8-9bed-ee122ebe
  │ ef11'
  │ "Link 'self' in bond 1 is valid:", 'https://api.stagin
  │ g.mercap.com.ar/bonds/aca1c2b2-0dda-4235-9f91-f61b2710
  │ a955'
  │ "Link 'self' in bond 2 is valid:", 'https://api.stagin
  │ g.mercap.com.ar/bonds/467a0102-75f2-4b59-aa66-5d182e6c
  │ 1d58'
  │ "Link 'self' in bond 3 is valid:", 'https://api.stagin
  │ g.mercap.com.ar/bonds/ca619c61-beaf-4160-9bcc-b9df0e0e
  │ 7938'
  │ "Link 'self' in bond 4 is valid:", 'https://api.stagin
  │ g.mercap.com.ar/bonds/935718fe-3140-424e-817d-3ba64bbc
  │ 60a6'
  └
  ✓  Links are valid URLs
  ┌
  │ "Global link 'first' is valid: https://api.staging.mer
  │ cap.com.ar/bonds?limit=5&start=1"
  │ "Global link 'next' is valid: https://api.staging.merc
  │ ap.com.ar/bonds?limit=5&start=7"
  │ "Global link 'self' is valid: https://api.staging.merc
  │ ap.com.ar/bonds?limit=5&start=2"
  │ "Global link 'last' is valid: https://api.staging.merc
  │ ap.com.ar/bonds?limit=5&start=1096"
  └
  ✓  Global links are valid URLs
  ┌
  │ "No 'query' parameter provided in request."
  └
  ✓  Results match the query parameter
  ┌
  │ "No 'shortName' parameter provided in request."
  └
  ✓  Results match the shortName parameter
  ┌
  │ 'Results respect the limit parameter (max 5 items).'
  └
  ✓  Results respect the limit parameter
  ┌
  │ 'Validated that the response self link starts at index
  │  2.'
  └
  ✓  Start parameter skips the correct number of bonds
  ┌
  │ 'Response code is not 406, no validation necessary.'
  └
  ✓  Error 406 response structure
  ┌
  │ 'Limit is not 0, skipping error validation.'
  └
  ✓  Limit parameter is 0, response should be 400
  ✓  cashflowUnits: estructura válida por variante

↳ Only shortName parameter
  ┌
  │ '▶ [undefined] Ejecutando con ticker: AL30'
  └
  GET https://api.staging.mercap.com.ar/tradable-securities?query=AL30&tradeDate=2026-09-16 [200 OK, 2.63kB, 57ms]
  ┌
  │ '🔎 SHORT_NAME: AL30'
  └
  GET https://api.staging.mercap.com.ar/bonds?shortName=AL30 [200 OK, 1.41kB, 97ms]
  ┌
  │ 'Response received successfully.'
  └
  ✓  Response is received
  ┌
  │ 'Status code is 200.'
  └
  ✓  Status code is 200
  ┌
  │ 'Content-Type header is correct.'
  └
  ✓  Media-Type is correct
  ┌
  │ "'items' array is present and not empty."
  └
  ✓  Response contains 'items' array with elements
  ┌
  │ 'Bond 0 validated successfully.'
  └
  ✓  Each bond has required properties
  ✓  Each bond property has the correct format
  ✓  Links are valid URLs
  ✓  Global links are valid URLs
  ✓  Results match the query parameter
  ✓  Results respect the limit parameter
  ✓  Start parameter skips the correct number of bonds
  ✓  Error 406 response structure
  ✓  Limit parameter is 0, response should be 400
  ┌
  │ '✔ Variables seteadas:'
  │ 'COUPONS:', 'https://api.staging.mercap.com.ar/bonds/e
  │ cfe885d-8163-4222-acb1-f7020cf05a4a/coupons'
  │ 'IDENTIFIERS:', 'https://api.staging.mercap.com.ar/bon
  │ ds/ecfe885d-8163-4222-acb1-f7020cf05a4a/identifiers'
  │ 'SELF:', 'https://api.staging.mercap.com.ar/bonds/ecfe
  │ 885d-8163-4222-acb1-f7020cf05a4a'
  │ 'ISSUE_CONDITIONS:', 'https://api.staging.mercap.com.a
  │ r/bonds/ecfe885d-8163-4222-acb1-f7020cf05a4a/issue-con
  │ ditions'
  │ 'PAYMENT_SUMMARY:', 'https://api.staging.mercap.com.ar
  │ /bonds/ecfe885d-8163-4222-acb1-f7020cf05a4a/payment-su
  │ mmary'
  └

↳ Only shortName parameter - bond+json
  ┌
  │ '▶ [undefined] Ejecutando con ticker: AL30'
  └
  GET https://api.staging.mercap.com.ar/tradable-securities?query=AL30&tradeDate=2026-09-16 [200 OK, 2.63kB, 57ms]
  ┌
  │ '🔎 SHORT_NAME: AL30'
  └
  GET https://api.staging.mercap.com.ar/bonds?shortName=AL30 [200 OK, 5.84kB, 608ms]
  ┌
  │ 'Response received successfully.'
  └
  ✓  Response is received
  ┌
  │ 'Status code is 200.'
  └
  ✓  Status code is 200
  ┌
  │ 'Content-Type header is correct.'
  └
  ✓  Media-Type is correct
  ┌
  │ "'items' array is present and not empty."
  └
  ✓  Response contains 'items' array with elements
  ┌
  │ 'Bond 0 validated successfully.'
  └
  ✓  Each bond has required properties
  ┌
  │ 'Bond 0 format validated.'
  └
  ✓  Each bond property has the correct format
  ✓  Links are valid URLs
  ✓  Global links are valid URLs
  ✓  Results match the query parameter
  ✓  Results match the shortName parameter
  ✓  Results respect the limit parameter
  ✓  Start parameter skips the correct number of bonds
  ✓  Error 406 response structure
  ✓  Limit parameter is 0, response should be 400
  ┌
  │ '✔ Variables seteadas:'
  │ 'BOND_SELF:', 'https://api.staging.mercap.com.ar/bonds
  │ /ecfe885d-8163-4222-acb1-f7020cf05a4a'
  │ 'DEBT_TYPE:', 'https://api.staging.mercap.com.ar/debt-
  │ types/e3da5be4-2107-4ca2-97d9-77b5cf8e8725'
  └
  ✓  cashflowUnits: estructura válida por variante

↳ Bond by UUID
  ┌
  │ '▶ [undefined] Ejecutando con ticker: AL30'
  └
  GET https://api.staging.mercap.com.ar/tradable-securities?query=AL30&tradeDate=2026-09-16 [200 OK, 2.63kB, 56ms]
  ┌
  │ '🔎 SHORT_NAME: AL30'
  └
  GET https://api.staging.mercap.com.ar/bonds/ecfe885d-8163-4222-acb1-f7020cf05a4a [200 OK, 1.37kB, 110ms]
  ┌
  │ 'Response received successfully.'
  └
  ✓  Response is received
  ┌
  │ 'Status code is 200.'
  └
  ✓  Status code is 200
  ┌
  │ 'Content-Type header is correct.'
  └
  ✓  Media-Type is correct
  ┌
  │ 'All required properties are present.'
  └
  ✓  Response has required properties
  ┌
  │ 'All properties have correct data types.'
  └
  ✓  Response properties have correct data types
  ┌
  │ 'All required link properties are present.'
  └
  ✓  Links object has required properties
  ┌
  │ 'All links are valid URLs.'
  └
  ✓  Links are valid URLs
  ┌
  │ 'shortName is the expected:', 'AL30'
  └
  ✓  ShortName and name are as expected

↳ Bond by UUID - bond+json
  ┌
  │ '▶ [undefined] Ejecutando con ticker: AL30'
  └
  GET https://api.staging.mercap.com.ar/tradable-securities?query=AL30&tradeDate=2026-09-16 [200 OK, 2.64kB, 56ms]
  ┌
  │ '🔎 SHORT_NAME: AL30'
  └
  GET https://api.staging.mercap.com.ar/bonds/ecfe885d-8163-4222-acb1-f7020cf05a4a [200 OK, 5.81kB, 614ms]
  ┌
  │ 'Response received successfully.'
  └
  ✓  Response is received
  ┌
  │ 'Status code is 200.'
  └
  ✓  Status code is 200
  ┌
  │ 'Content-Type header is correct.'
  └
  ✓  Media-Type is correct
  ┌
  │ 'All required properties are present.'
  └
  ✓  Response has required properties
  ┌
  │ 'All properties have correct data types.'
  └
  ✓  Response properties have correct data types
  ┌
  │ 'Required link property (self) is present.'
  └
  ✓  Links object has required properties
  ┌
  │ 'All links are valid URLs.'
  └
  ✓  Links are valid URLs
  ┌
  │ 'debtType is a valid URL:', 'https://api.staging.merca
  │ p.com.ar/debt-types/e3da5be4-2107-4ca2-97d9-77b5cf8e87
  │ 25'
  └
  ✓  debtType is a valid URL
  ┌
  │ 'shortName is the expected:', 'AL30'
  └
  ✓  ShortName is as expected
  ✓  cashflowUnits: estructura válida

↳ Bond payment summary by UUID
  ┌
  │ '▶ [undefined] Ejecutando con ticker: AL30'
  └
  GET https://api.staging.mercap.com.ar/tradable-securities?query=AL30&tradeDate=2026-09-16 [200 OK, 2.64kB, 141ms]
  ┌
  │ '🔎 SHORT_NAME: AL30'
  └
  GET https://api.staging.mercap.com.ar/bonds/ecfe885d-8163-4222-acb1-f7020cf05a4a/payment-summary [200 OK, 1.15kB, 126ms]
  ┌
  │ 'Response received successfully.'
  └
  ✓  Response is received
  ┌
  │ 'Status code is 200.'
  └
  ✓  Status code is 200
  ┌
  │ 'Content-Type header is correct.'
  └
  ✓  Media-Type is correct
  ✓  All main properties have the correct type
  ✓  Amortization has correct properties and should be bullet
  ✓  Links URLs are valid
  ✓  Interest has correct properties
  ✓  Accruement has correct properties

↳ Bond payment summary by UUID - json v1
  ┌
  │ '▶ [undefined] Ejecutando con ticker: AL30'
  └
  GET https://api.staging.mercap.com.ar/tradable-securities?query=AL30&tradeDate=2026-09-16 [200 OK, 2.63kB, 70ms]
  ┌
  │ '🔎 SHORT_NAME: AL30'
  └
  GET https://api.staging.mercap.com.ar/bonds/ecfe885d-8163-4222-acb1-f7020cf05a4a/payment-summary [200 OK, 1.16kB, 96ms]
  ┌
  │ 'Response received successfully.'
  └
  ✓  Response is received
  ┌
  │ 'Status code is 200.'
  └
  ✓  Status code is 200
  ┌
  │ 'Content-Type header is correct.'
  └
  ✓  Media-Type is correct
  ✓  All main properties have the correct type
  ✓  DueDateStrategy has correct properties
  ✓  Amortization has correct properties and should be bullet
  ✓  Links URLs are valid
  ✓  Interest has correct properties
  ✓  Accruement has correct properties

↳ Bond coupons by UUID
  ┌
  │ '▶ [undefined] Ejecutando con ticker: AL30'
  └
  GET https://api.staging.mercap.com.ar/tradable-securities?query=AL30&tradeDate=2026-09-16 [200 OK, 2.64kB, 67ms]
  ┌
  │ '🔎 SHORT_NAME: AL30'
  └
  GET https://api.staging.mercap.com.ar/bonds/ecfe885d-8163-4222-acb1-f7020cf05a4a/coupons [200 OK, 7.12kB, 107ms]
  ┌
  │ 'Response received successfully.'
  └
  ✓  Response is received
  ┌
  │ 'Status code is 200.'
  └
  ✓  Status code is 200
  ┌
  │ 'Content-Type header is correct.'
  └
  ✓  Media-Type is correct
  ┌
  │ "'items' array is present."
  └
  ✓  Response has 'items' array
  ┌
  │ 'All items have required properties.'
  └
  ✓  Each item has required properties
  ┌
  │ "All 'interestRate' objects have required properties."
  └
  ✓  Verify that 'interestRate' has required properties
  ┌
  │ "All 'links' objects have required properties."
  └
  ✓  All 'links' objects have required properties
  ┌
  │ 'All dates have correct format.'
  └
  ✓  Dates have correct format
  ┌
  │ 'All links are valid URLs.'
  └
  ✓  Links are valid URLs
  ┌
  │ "The 'self' link is correct."
  └
  ✓  Verify that 'self' has the correct link
  ┌
  │ 'Coupon numbers are consecutive.'
  └
  ✓  Coupon numbers are consecutive
  ┌
  │ "All 'type' values in 'interestRate' are 'fixed'."
  └
  ✓  Verify that 'type' in 'interestRate' is 'fixed' for each item

↳ Bond issue conditions by UUID
  ┌
  │ '▶ [undefined] Ejecutando con ticker: AL30'
  └
  GET https://api.staging.mercap.com.ar/tradable-securities?query=AL30&tradeDate=2026-09-16 [200 OK, 2.64kB, 66ms]
  ┌
  │ '🔎 SHORT_NAME: AL30'
  └
  GET https://api.staging.mercap.com.ar/bonds/ecfe885d-8163-4222-acb1-f7020cf05a4a/issue-conditions [200 OK, 1.37kB, 86ms]
  ┌
  │ 'Response received successfully.'
  └
  ✓  Response is received
  ┌
  │ 'Status code is 200.'
  └
  ✓  Status code is 200
  ┌
  │ 'Content-Type header is correct.'
  └
  ✓  Media-Type is correct
  ✓  All main properties have the correct type
  ✓  Dates have correct format
  ✓  SmallestDenomination has base and increment
  ✓  FaceValue is greater than zero
  ✓  Term has correct format
  ✓  IssueUnit and PaymentCurrency are valid URLs
  ✓  IssueCountry and Issuer are not empty

↳ Bond issue conditions by UUID - json v1
  ┌
  │ '▶ [undefined] Ejecutando con ticker: AL30'
  └
  GET https://api.staging.mercap.com.ar/tradable-securities?query=AL30&tradeDate=2026-09-16 [200 OK, 2.64kB, 77ms]
  ┌
  │ '🔎 SHORT_NAME: AL30'
  └
  GET https://api.staging.mercap.com.ar/bonds/ecfe885d-8163-4222-acb1-f7020cf05a4a/issue-conditions [200 OK, 1.37kB, 586ms]
  ┌
  │ 'Response received successfully.'
  └
  ✓  Response is received
  ┌
  │ 'Status code is 200.'
  └
  ✓  Status code is 200
  ┌
  │ 'Content-Type header is correct.'
  └
  ✓  Media-Type is correct
  ✓  All main properties have the correct type
  ✓  Dates have correct format
  ✓  SmallestDenomination has base and increment
  ✓  FaceValue is greater than zero
  ✓  Term has correct format
  ✓  IssueCurrency and PaymentCurrency are valid URLs
  ✓  IssueCountry and Issuer are not empty

↳ Bond identifiers by UUID
  ┌
  │ '▶ [undefined] Ejecutando con ticker: AL30'
  └
  GET https://api.staging.mercap.com.ar/tradable-securities?query=AL30&tradeDate=2026-09-16 [200 OK, 2.64kB, 58ms]
  ┌
  │ '🔎 SHORT_NAME: AL30'
  └
  GET https://api.staging.mercap.com.ar/bonds/ecfe885d-8163-4222-acb1-f7020cf05a4a/identifiers [200 OK, 738B, 107ms]
  ✓  Status code is 200
  ✓  Response is an array
  ┌
  │ 'Content-Type header is correct.'
  └
  ✓  Media-Type is correct
  ✓  Each item has type and value
  ✓  Type is a non-empty string
  ✓  Value is a non-empty string
  ✓  Identifiers contain expected types
  ✓  ISIN value format is correct

❏ Pepper-GS32 / Regression-Test / Bond IRRS
↳ Get irrs - one bond
  GET https://historical-data.mercapabbaco.com/irrs?short-names=AL30 [200 OK, 67.71kB, 79ms]
  ✓  Response is received
  ✓  Status code is 200
  ✓  Media-Type is correct
  ✓  Response body is not empty
  ✓  Response is valid JSON

❏ Pepper-GS32 / Regression-Test / Bond Payment Forecasts
↳ Get one bond cashflow - only dateInterval from
  ┌
  │ '▶ [undefined] Ejecutando con ticker: AL30'
  └
  GET https://api.staging.mercap.com.ar/tradable-securities?query=AL30&tradeDate=2026-09-16 [200 OK, 2.64kB, 72ms]
  ┌
  │ '📌 BOND_INSTRUMENT_URL: https://api.staging.mercap.co
  │ m.ar/bonds/ecfe885d-8163-4222-acb1-f7020cf05a4a'
  └
  POST https://api.staging.mercap.com.ar/bond-payment-forecast [200 OK, 5.37kB, 1751ms]
  ┌
  │ 'Response received successfully.'
  └
  ✓  Response is received
  ┌
  │ 'Status code is 200.'
  └
  ✓  Status code is 200
  ┌
  │ 'Content-Type header is correct.'
  └
  ✓  Media-Type is correct
  ┌
  │ 'Result is a non-empty array.'
  └
  ✓  Result is a non-empty array
  ┌
  │ 'Each cashflow has the expected properties.'
  └
  ✓  Each cashflow has correct properties
  ┌
  │ 'Coupon values are incremental by 1.'
  └
  ✓  Verify that coupon value is incremental by 1
  ┌
  │ 'Due dates are in ascending order for each cashflow.'
  └
  ✓  Due dates are in ascending order
  ┌
  │ 'The bond link is correct:', 'https://api.staging.merc
  │ ap.com.ar/bonds/ecfe885d-8163-4222-acb1-f7020cf05a4a'
  └
  ✓  Bond link is correct

↳ Get one bond cashflow - dateInterval from and to
  ┌
  │ '▶ [undefined] Ejecutando con ticker: AL30'
  └
  GET https://api.staging.mercap.com.ar/tradable-securities?query=AL30&tradeDate=2026-09-16 [200 OK, 2.64kB, 91ms]
  ┌
  │ '📌 BOND_INSTRUMENT_URL: https://api.staging.mercap.co
  │ m.ar/bonds/ecfe885d-8163-4222-acb1-f7020cf05a4a'
  └
  POST https://api.staging.mercap.com.ar/bond-payment-forecast [200 OK, 3.59kB, 1154ms]
  ┌
  │ 'Response received successfully.'
  └
  ✓  Response is received
  ┌
  │ 'Status code is 200.'
  └
  ✓  Status code is 200
  ┌
  │ 'Content-Type header is correct.'
  └
  ✓  Media-Type is correct
  ┌
  │ 'Result is a non-empty array.'
  └
  ✓  Result is a non-empty array
  ┌
  │ 'Each cashflow has the expected properties.'
  └
  ✓  Each cashflow has correct properties
  ┌
  │ 'Coupon values are incremental by 1.'
  └
  ✓  Verify that coupon value is incremental by 1
  ┌
  │ 'Due dates are in ascending order for each cashflow.'
  └
  ✓  Due dates are in ascending order
  ┌
  │ 'The bond link is correct:', 'https://api.staging.merc
  │ ap.com.ar/bonds/ecfe885d-8163-4222-acb1-f7020cf05a4a'
  └
  ✓  Bond link is correct

↳ Get payment forecasts
  ┌
  │ '▶ [undefined] Ejecutando con ticker: AL30'
  └
  GET https://api.staging.mercap.com.ar/tradable-securities?query=AL30&tradeDate=2026-09-16 [200 OK, 2.64kB, 46ms]
  ┌
  │ '📌 BOND_INSTRUMENT_URL: https://api.staging.mercap.co
  │ m.ar/bonds/ecfe885d-8163-4222-acb1-f7020cf05a4a'
  └
  POST https://api.staging.mercap.com.ar/bond-payment-forecast [200 OK, 1.22kB, 382ms]
  ┌
  │ 'Response received successfully.'
  └
  ✓  Response is received
  ┌
  │ 'Status code is 200.'
  └
  ✓  Status code is 200
  ┌
  │ 'Content-Type header is correct.'
  └
  ✓  Media-Type is correct
  ┌
  │ 'Result is a non-empty array.'
  └
  ✓  Result is a non-empty array
  ┌
  │ 'Each flow has the expected properties.'
  └
  ✓  Each flow has correct properties
  ┌
  │ 'Bond link is correct.'
  └
  ✓  Bond link is correct
  ┌
  │ 'Response has id and jsonrpc.'
  └
  ✓  Response has id and jsonrpc
  ┌
  │ "'concept' is 'Renta' when 'flowMessage' is 'interestT
  │ oPay'."
  └
  ✓  Validate that 'concept' is 'Renta' when 'flowMessage' is 'interestToPay'
  ┌
  │ "'concept' is 'Amortización' when 'flowMessage' is 'am
  │ ortizationToPay'."
  └
  ✓  Validate that 'concept' is 'Amortización' when 'flowMessage' is 'amortizationToPay'

↳ Post /bond-payment-forecast - bond-cashflow - only dateInterval from - Bond Fixed rate, no adjustment, European-30-360
  ┌
  │ '▶ [undefined] Ejecutando con ticker: AL30'
  └
  GET https://api.staging.mercap.com.ar/tradable-securities?query=AL30&tradeDate=2026-09-16 [200 OK, 2.64kB, 171ms]
  ┌
  │ '📌 BOND_INSTRUMENT_URL: https://api.staging.mercap.co
  │ m.ar/bonds/ecfe885d-8163-4222-acb1-f7020cf05a4a'
  └
  GET https://api.staging.mercap.com.ar/tradable-securities?query=US105756CN87&tradeDate=2026-09-16 [200 OK, 2.07kB, 107ms]
  ┌
  │ '📌 BOND_SECURITY_SELF: https://api.staging.mercap.com
  │ .ar/bonds/54fcd3a7-01b2-4136-81f8-b5924d9b14c4'
  └
  POST https://api.staging.mercap.com.ar/bond-payment-forecast [200 OK, 33.46kB, 10.2s]
  ┌
  │ 'Response received successfully.'
  └
  ✓  Response is received
  ┌
  │ 'Status code is 200.'
  └
  ✓  Status code is 200
  ┌
  │ 'Content-Type header is correct.'
  └
  ✓  Media-Type is correct
  ┌
  │ 'Result is a non-empty array.'
  └
  ✓  Result is a non-empty array
  ┌
  │ 'Each cashflow has the expected properties.'
  └
  ✓  Each cashflow has correct properties
  ┌
  │ 'Coupon values are incremental by 1.'
  └
  ✓  Verify that coupon value is incremental by 1
  ┌
  │ 'Due dates are in ascending order for each cashflow.'
  └
  ✓  Due dates are in ascending order
  ┌
  │ 'The bond link is correct:', 'https://api.staging.merc
  │ ap.com.ar/bonds/54fcd3a7-01b2-4136-81f8-b5924d9b14c4'
  └
  ✓  Bond link is correct

↳ Post /bond-payment-forecast - bond-cashflow - dateInterval from and to - Bond Fixed rate, no adjustment, European-30-360
  ┌
  │ '▶ [undefined] Ejecutando con ticker: AL30'
  └
  GET https://api.staging.mercap.com.ar/tradable-securities?query=AL30&tradeDate=2026-09-16 [200 OK, 2.64kB, 45ms]
  ┌
  │ '📌 BOND_INSTRUMENT_URL: https://api.staging.mercap.co
  │ m.ar/bonds/ecfe885d-8163-4222-acb1-f7020cf05a4a'
  └
  GET https://api.staging.mercap.com.ar/tradable-securities?query=US105756CN87&tradeDate=2026-09-16 [200 OK, 2.08kB, 55ms]
  ┌
  │ '📌 BOND_SECURITY_SELF: https://api.staging.mercap.com
  │ .ar/bonds/54fcd3a7-01b2-4136-81f8-b5924d9b14c4'
  └
  POST https://api.staging.mercap.com.ar/bond-payment-forecast [200 OK, 1.84kB, 639ms]
  ┌
  │ 'Response received successfully.'
  └
  ✓  Response is received
  ┌
  │ 'Status code is 200.'
  └
  ✓  Status code is 200
  ┌
  │ 'Content-Type header is correct.'
  └
  ✓  Media-Type is correct
  ┌
  │ 'Result is a non-empty array.'
  └
  ✓  Result is a non-empty array
  ┌
  │ 'Each cashflow has the expected properties.'
  └
  ✓  Each cashflow has correct properties
  ┌
  │ 'Coupon values are incremental by 1.'
  └
  ✓  Verify that coupon value is incremental by 1
  ┌
  │ 'Due dates are in ascending order for each cashflow.'
  └
  ✓  Due dates are in ascending order
  ┌
  │ 'The bond link is correct:', 'https://api.staging.merc
  │ ap.com.ar/bonds/54fcd3a7-01b2-4136-81f8-b5924d9b14c4'
  └
  ✓  Bond link is correct

↳ Post  /bond-payment-forecast - bond-payment-forecasts - Bond Fixed rate, no adjustment, European-30-360
  ┌
  │ '▶ [undefined] Ejecutando con ticker: AL30'
  └
  GET https://api.staging.mercap.com.ar/tradable-securities?query=AL30&tradeDate=2026-09-16 [200 OK, 2.64kB, 57ms]
  ┌
  │ '📌 BOND_INSTRUMENT_URL: https://api.staging.mercap.co
  │ m.ar/bonds/ecfe885d-8163-4222-acb1-f7020cf05a4a'
  └
  GET https://api.staging.mercap.com.ar/tradable-securities?query=US105756CN87&tradeDate=2026-09-16 [200 OK, 2.08kB, 51ms]
  ┌
  │ '📌 BOND_SECURITY_SELF: https://api.staging.mercap.com
  │ .ar/bonds/54fcd3a7-01b2-4136-81f8-b5924d9b14c4'
  └
  POST https://api.staging.mercap.com.ar/bond-payment-forecast [200 OK, 1.19kB, 410ms]
  ┌
  │ 'Response received successfully.'
  └
  ✓  Response is received
  ┌
  │ 'Status code is 200.'
  └
  ✓  Status code is 200
  ┌
  │ 'Content-Type header is correct.'
  └
  ✓  Media-Type is correct
  ┌
  │ 'Result is a non-empty array.'
  └
  ✓  Result is a non-empty array
  ┌
  │ 'Each flow has the expected properties.'
  └
  ✓  Each flow has correct properties
  ┌
  │ 'Bond link is correct.'
  └
  ✓  Bond link is correct
  ┌
  │ 'Response has id and jsonrpc.'
  └
  ✓  Response has id and jsonrpc
  ┌
  │ "'concept' is 'Renta' when 'flowMessage' is 'interestT
  │ oPay'."
  └
  ✓  Validate that 'concept' is 'Renta' when 'flowMessage' is 'interestToPay'
  ┌
  │ "'concept' is 'Amortización' when 'flowMessage' is 'am
  │ ortizationToPay'."
  └
  ✓  Validate that 'concept' is 'Amortización' when 'flowMessage' is 'amortizationToPay'

❏ Pepper-GS32 / Regression-Test / Bond laws
↳ Get all bond laws - validate each self link
  GET https://api.staging.mercap.com.ar/bond-laws [200 OK, 1.87kB, 175ms]
  ✓  Response is received
  ✓  Status code is 200
  ✓  Response contains 'items' array with at least one element
  ✓  Response contains 'links.self'
  ✓  No duplicate bond law names
  ┌
  │ '🔎 Testing Item 1 (Ley Argentina)'
  └
  ✓  Item 1 (Ley Argentina) contains expected properties
  ✓  Item 1 (Ley Argentina) 'name' is a non-empty string
  ✓  Item 1 (Ley Argentina) self link is a valid URL
  GET https://api.staging.mercap.com.ar/bond-laws/18bb25d4-8ab8-4837-b574-1754811dd222 [200 OK, 845B, 285ms]
  ✓  Item 1 (Ley Argentina) self link returns status 200
  ┌
  │ '🔎 Testing Item 2 (Ley N.Y.)'
  └
  ✓  Item 2 (Ley N.Y.) contains expected properties
  ✓  Item 2 (Ley N.Y.) 'name' is a non-empty string
  ✓  Item 2 (Ley N.Y.) self link is a valid URL
  GET https://api.staging.mercap.com.ar/bond-laws/828bc536-1bff-4d3d-bff2-8c98ec12c57b [200 OK, 846B, 97ms]
  ✓  Item 2 (Ley N.Y.) self link returns status 200
  ┌
  │ '🔎 Testing Item 3 (Ley Inglesa)'
  └
  ✓  Item 3 (Ley Inglesa) contains expected properties
  ✓  Item 3 (Ley Inglesa) 'name' is a non-empty string
  ✓  Item 3 (Ley Inglesa) self link is a valid URL
  GET https://api.staging.mercap.com.ar/bond-laws/f7f0b5a4-b1a8-4095-a1c6-dcccd2a42410 [200 OK, 851B, 100ms]
  ✓  Item 3 (Ley Inglesa) self link returns status 200
  ┌
  │ '🔎 Testing Item 4 (Ley Chilena)'
  └
  ✓  Item 4 (Ley Chilena) contains expected properties
  ✓  Item 4 (Ley Chilena) 'name' is a non-empty string
  ✓  Item 4 (Ley Chilena) self link is a valid URL
  GET https://api.staging.mercap.com.ar/bond-laws/b7a5d364-9a04-42a3-9605-921eb5b704a8 [200 OK, 847B, 97ms]
  ✓  Item 4 (Ley Chilena) self link returns status 200
  ┌
  │ '🔎 Testing Item 5 (Ley Paraguaya)'
  └
  ✓  Item 5 (Ley Paraguaya) contains expected properties
  ✓  Item 5 (Ley Paraguaya) 'name' is a non-empty string
  ✓  Item 5 (Ley Paraguaya) self link is a valid URL
  GET https://api.staging.mercap.com.ar/bond-laws/8c970aa1-9fa0-46a1-b355-4a8a79adbee6 [200 OK, 849B, 96ms]
  ✓  Item 5 (Ley Paraguaya) self link returns status 200
  ┌
  │ '🔎 Testing Item 6 (Ley Europea)'
  └
  ✓  Item 6 (Ley Europea) contains expected properties
  ✓  Item 6 (Ley Europea) 'name' is a non-empty string
  ✓  Item 6 (Ley Europea) self link is a valid URL
  GET https://api.staging.mercap.com.ar/bond-laws/2a2af6f8-8264-41c9-86e9-a9eb810c4deb [200 OK, 841B, 99ms]
  ✓  Item 6 (Ley Europea) self link returns status 200
  ┌
  │ '🔎 Testing Item 7 (Ley Brasilera)'
  └
  ✓  Item 7 (Ley Brasilera) contains expected properties
  ✓  Item 7 (Ley Brasilera) 'name' is a non-empty string
  ✓  Item 7 (Ley Brasilera) self link is a valid URL
  GET https://api.staging.mercap.com.ar/bond-laws/5ef6489e-1b5c-4864-8fd2-c57c11038319 [200 OK, 855B, 96ms]
  ✓  Item 7 (Ley Brasilera) self link returns status 200
  ┌
  │ '🔎 Testing Item 8 (Ley Mexicana)'
  └
  ✓  Item 8 (Ley Mexicana) contains expected properties
  ✓  Item 8 (Ley Mexicana) 'name' is a non-empty string
  ✓  Item 8 (Ley Mexicana) self link is a valid URL
  GET https://api.staging.mercap.com.ar/bond-laws/faaf8f43-b147-4c68-aaf9-ffbaf7d27695 [200 OK, 850B, 101ms]
  ✓  Item 8 (Ley Mexicana) self link returns status 200
  ┌
  │ '🔎 Testing Item 9 (Ley Federal (EEUU))'
  └
  ✓  Item 9 (Ley Federal (EEUU)) contains expected properties
  ✓  Item 9 (Ley Federal (EEUU)) 'name' is a non-empty string
  ✓  Item 9 (Ley Federal (EEUU)) self link is a valid URL
  GET https://api.staging.mercap.com.ar/bond-laws/88948c32-92b6-4394-8505-00acd0124a7f [200 OK, 848B, 94ms]
  ✓  Item 9 (Ley Federal (EEUU)) self link returns status 200

❏ Pepper-GS32 / Regression-Test / Bond Screener
↳ Filter by debt-type, issueCurrency, paymentCurrency, issuer & law

❏ Pepper-GS32 / Regression-Test / Currencies
↳ Get all curencies - validate each self link
  GET https://api.staging.mercap.com.ar/currencies [200 OK, 1.92kB, 55ms]
  ✓  Response is received
  ✓  Status code is 200
  ✓  Response contains 'items' array with at least one element
  ✓  Response contains 'links.self'
  ✓  No duplicate currency signs
  ✓  No duplicate singular names
  ┌
  │ '🔎 Testing Item 1 (ARS)'
  └
  ✓  Item 1 (ARS) contains expected properties
  ✓  Item 1 (ARS) text fields are non-empty strings
  ✓  Item 1 (ARS) self link is a valid URL
  GET https://api.staging.mercap.com.ar/currencies/1ab0ad33-7b34-4e64-8a52-a3d4f9cf8452 [200 OK, 881B, 99ms]
  ✓  Item 1 (ARS) self link returns status 200
  ┌
  │ '🔎 Testing Item 2 (USD)'
  └
  ✓  Item 2 (USD) contains expected properties
  ✓  Item 2 (USD) text fields are non-empty strings
  ✓  Item 2 (USD) self link is a valid URL
  GET https://api.staging.mercap.com.ar/currencies/e852e30f-42ad-4343-a7f6-3bc4ec840ed1 [200 OK, 871B, 97ms]
  ✓  Item 2 (USD) self link returns status 200
  ┌
  │ '🔎 Testing Item 3 (EUR)'
  └
  ✓  Item 3 (EUR) contains expected properties
  ✓  Item 3 (EUR) text fields are non-empty strings
  ✓  Item 3 (EUR) self link is a valid URL
  GET https://api.staging.mercap.com.ar/currencies/baeef6f0-0294-4ae5-bc16-dade743ae049 [200 OK, 877B, 94ms]
  ✓  Item 3 (EUR) self link returns status 200
  ┌
  │ '🔎 Testing Item 4 (GBP)'
  └
  ✓  Item 4 (GBP) contains expected properties
  ✓  Item 4 (GBP) text fields are non-empty strings
  ✓  Item 4 (GBP) self link is a valid URL
  GET https://api.staging.mercap.com.ar/currencies/695a7f24-199f-4bf6-984f-0ba08c803956 [200 OK, 879B, 98ms]
  ✓  Item 4 (GBP) self link returns status 200
  ┌
  │ '🔎 Testing Item 5 (CLP)'
  └
  ✓  Item 5 (CLP) contains expected properties
  ✓  Item 5 (CLP) text fields are non-empty strings
  ✓  Item 5 (CLP) self link is a valid URL
  GET https://api.staging.mercap.com.ar/currencies/076f26bd-f0ee-4ead-9f6b-e3881eec23d2 [200 OK, 881B, 96ms]
  ✓  Item 5 (CLP) self link returns status 200
  ┌
  │ '🔎 Testing Item 6 (PYG)'
  └
  ✓  Item 6 (PYG) contains expected properties
  ✓  Item 6 (PYG) text fields are non-empty strings
  ✓  Item 6 (PYG) self link is a valid URL
  GET https://api.staging.mercap.com.ar/currencies/fd3c2d5a-267d-4c93-aa8a-15a490e283e5 [200 OK, 877B, 95ms]
  ✓  Item 6 (PYG) self link returns status 200
  ┌
  │ '🔎 Testing Item 7 (MXN)'
  └
  ✓  Item 7 (MXN) contains expected properties
  ✓  Item 7 (MXN) text fields are non-empty strings
  ✓  Item 7 (MXN) self link is a valid URL
  GET https://api.staging.mercap.com.ar/currencies/6684ef14-e0cf-4096-a088-9071a409e8b8 [200 OK, 879B, 105ms]
  ✓  Item 7 (MXN) self link returns status 200

❏ Pepper-GS32 / Regression-Test / Debt types
↳ Get all debt types - validate each self link
  GET https://api.staging.mercap.com.ar/debt-types [200 OK, 1.16kB, 87ms]
  ✓  Response is received
  ✓  Status code is 200
  ✓  Response contains 'items' array with at least one element
  ✓  Response contains 'links.self'
  ✓  No duplicate debt type names
  ┌
  │ '🔎 Testing Item 1 (Título Público)'
  └
  ✓  Item 1 (Título Público) contains expected properties
  ✓  Item 1 (Título Público) 'singularName' is a non-empty string
  ✓  Item 1 (Título Público) self link is a valid URL
  GET https://api.staging.mercap.com.ar/debt-types/e3da5be4-2107-4ca2-97d9-77b5cf8e8725 [200 OK, 866B, 98ms]
  ✓  Item 1 (Título Público) self link returns status 200
  ┌
  │ '🔎 Testing Item 2 (Obligación Negociable)'
  └
  ✓  Item 2 (Obligación Negociable) contains expected properties
  ✓  Item 2 (Obligación Negociable) 'singularName' is a non-empty string
  ✓  Item 2 (Obligación Negociable) self link is a valid URL
  GET https://api.staging.mercap.com.ar/debt-types/a6af5129-7f88-46ce-879b-bfb0a4ee8a7b [200 OK, 866B, 180ms]
  ✓  Item 2 (Obligación Negociable) self link returns status 200
  ┌
  │ '🔎 Testing Item 3 (Fideicomiso)'
  └
  ✓  Item 3 (Fideicomiso) contains expected properties
  ✓  Item 3 (Fideicomiso) 'singularName' is a non-empty string
  ✓  Item 3 (Fideicomiso) self link is a valid URL
  GET https://api.staging.mercap.com.ar/debt-types/c2b8670a-dec7-4bfd-b5ba-5ce86c0d5eab [200 OK, 861B, 102ms]
  ✓  Item 3 (Fideicomiso) self link returns status 200

❏ Pepper-GS32 / Regression-Test / Exchange Schemes
↳ Get all exchange schemes
  GET https://api.staging.mercap.com.ar/exchange-schemes [200 OK, 4.4kB, 45ms]
  ✓  Response is received
  ✓  Status code is 200
  ✓  Media-Type is correct
  ✓  Items array is present and not empty
  ✓  No duplicate names in items
  ✓  Links are unique for each item
  ✓  Self link matches expected URL
  ┌
  │ '✔ EXCHANGE_SCHEMES_UUID seteado: https://api.staging.
  │ mercap.com.ar/exchange-schemes/150dd7f3-1420-4c76-8ed6
  │ -827667455276'
  └
  ✓  Item 1 (Esquema ARS - USD Oficial) contains expected properties
  ✓  Item 1 (Esquema ARS - USD Oficial) 'name' is non-empty
  ✓  Item 1 (Esquema ARS - USD Oficial) 'targetCurrency' is a valid URL
  ✓  Item 1 (Esquema ARS - USD Oficial) 'self' link is valid URL
  GET https://api.staging.mercap.com.ar/exchange-schemes/150dd7f3-1420-4c76-8ed6-827667455276 [200 OK, 1.01kB, 49ms]
  ✓  Item 1 (Esquema ARS - USD Oficial) self link returns status 200
  ✓  Item 2 (Esquema USD) contains expected properties
  ✓  Item 2 (Esquema USD) 'name' is non-empty
  ✓  Item 2 (Esquema USD) 'targetCurrency' is a valid URL
  ✓  Item 2 (Esquema USD) 'self' link is valid URL
  GET https://api.staging.mercap.com.ar/exchange-schemes/f8886784-c23d-4de1-a058-5b27fce14ffe [200 OK, 982B, 45ms]
  ✓  Item 2 (Esquema USD) self link returns status 200
  ✓  Item 3 (Esquema EUR) contains expected properties
  ✓  Item 3 (Esquema EUR) 'name' is non-empty
  ✓  Item 3 (Esquema EUR) 'targetCurrency' is a valid URL
  ✓  Item 3 (Esquema EUR) 'self' link is valid URL
  GET https://api.staging.mercap.com.ar/exchange-schemes/1bf50dde-4343-49e7-8a60-62997a6b5001 [200 OK, 992B, 49ms]
  ✓  Item 3 (Esquema EUR) self link returns status 200
  ✓  Item 4 (Esquema CLP) contains expected properties
  ✓  Item 4 (Esquema CLP) 'name' is non-empty
  ✓  Item 4 (Esquema CLP) 'targetCurrency' is a valid URL
  ✓  Item 4 (Esquema CLP) 'self' link is valid URL
  GET https://api.staging.mercap.com.ar/exchange-schemes/1cb8b99b-86b7-4036-9124-8f809066ed41 [200 OK, 990B, 77ms]
  ✓  Item 4 (Esquema CLP) self link returns status 200
  ✓  Item 5 (Esquema GBP) contains expected properties
  ✓  Item 5 (Esquema GBP) 'name' is non-empty
  ✓  Item 5 (Esquema GBP) 'targetCurrency' is a valid URL
  ✓  Item 5 (Esquema GBP) 'self' link is valid URL
  GET https://api.staging.mercap.com.ar/exchange-schemes/9bd90858-0402-49fc-9975-0a1daf381643 [200 OK, 984B, 69ms]
  ✓  Item 5 (Esquema GBP) self link returns status 200
  ✓  Item 6 (Esquema PYG) contains expected properties
  ✓  Item 6 (Esquema PYG) 'name' is non-empty
  ✓  Item 6 (Esquema PYG) 'targetCurrency' is a valid URL
  ✓  Item 6 (Esquema PYG) 'self' link is valid URL
  GET https://api.staging.mercap.com.ar/exchange-schemes/d85f0a6d-1a80-4f8d-b58b-b4818a47d8c6 [200 OK, 984B, 75ms]
  ✓  Item 6 (Esquema PYG) self link returns status 200
  ✓  Item 7 (USD MEP) contains expected properties
  ✓  Item 7 (USD MEP) 'name' is non-empty
  ✓  Item 7 (USD MEP) 'targetCurrency' is a valid URL
  ✓  Item 7 (USD MEP) 'self' link is valid URL
  GET https://api.staging.mercap.com.ar/exchange-schemes/cf410c0e-ab29-489f-96d3-db0c857240d2 [200 OK, 976B, 54ms]
  ✓  Item 7 (USD MEP) self link returns status 200
  ✓  Item 8 (Esquema ARS - USD MEP) contains expected properties
  ✓  Item 8 (Esquema ARS - USD MEP) 'name' is non-empty
  ✓  Item 8 (Esquema ARS - USD MEP) 'targetCurrency' is a valid URL
  ✓  Item 8 (Esquema ARS - USD MEP) 'self' link is valid URL
  GET https://api.staging.mercap.com.ar/exchange-schemes/b0692058-1c49-4ed8-b2ca-3fe84a8c2c49 [200 OK, 1kB, 44ms]
  ✓  Item 8 (Esquema ARS - USD MEP) self link returns status 200
  ✓  Item 9 (Esquema ARS - USD CCL) contains expected properties
  ✓  Item 9 (Esquema ARS - USD CCL) 'name' is non-empty
  ✓  Item 9 (Esquema ARS - USD CCL) 'targetCurrency' is a valid URL
  ✓  Item 9 (Esquema ARS - USD CCL) 'self' link is valid URL
  GET https://api.staging.mercap.com.ar/exchange-schemes/f512817f-1d31-4cea-b325-691c2c05c031 [200 OK, 1.01kB, 45ms]
  ✓  Item 9 (Esquema ARS - USD CCL) self link returns status 200
  ✓  Item 10 ((MPC) Esquema USD - Oficial) contains expected properties
  ✓  Item 10 ((MPC) Esquema USD - Oficial) 'name' is non-empty
  ✓  Item 10 ((MPC) Esquema USD - Oficial) 'targetCurrency' is a valid URL
  ✓  Item 10 ((MPC) Esquema USD - Oficial) 'self' link is valid URL
  GET https://api.staging.mercap.com.ar/exchange-schemes/c0f4f0d8-6db9-44b2-8679-019e8029e79a [200 OK, 1kB, 59ms]
  ✓  Item 10 ((MPC) Esquema USD - Oficial) self link returns status 200

↳ Get exchange scheme by UUID
  GET https://api.staging.mercap.com.ar/exchange-schemes/150dd7f3-1420-4c76-8ed6-827667455276 [200 OK, 1kB, 58ms]
  ✓  Response is received
  ✓  Status code is 200
  ✓  Media-Type is correct
  ┌
  │ 'Response has correct properties.'
  └
  ✓  Response has correct properties
  ┌
  │ 'targetCurrency belongs to the correct domain.'
  └
  ✓  TargetCurrency belongs to the correct domain
  ┌
  │ 'Self link is correct:', 'https://api.staging.mercap.c
  │ om.ar/exchange-schemes/150dd7f3-1420-4c76-8ed6-8276674
  │ 55276'
  └
  ✓  Self link is correct

❏ Pepper-GS32 / Regression-Test / Investments
↳ Create an investment
  ┌
  │ '▶ [undefined] Ejecutando con ticker: AL30'
  └
  GET https://api.staging.mercap.com.ar/tradable-securities?query=AL30&tradeDate=2026-09-16 [200 OK, 2.64kB, 52ms]
  ┌
  │ '📌 TRADABLE_SECURITY_URL: https://api.staging.mercap.
  │ com.ar/tradable-securities/6cfdf5ed-d8da-411a-8e86-b1b
  │ beef54f45'
  └
  POST https://api.staging.mercap.com.ar/investments [201 Created, 1.83kB, 191ms]
  ┌
  │ 'Response received successfully with status 201 Create
  │ d.'
  └
  ✓  Response is received
  ┌
  │ 'Content-Type header is correct.'
  └
  ✓  Media-Type is correct
  ┌
  │ 'Response body is not empty.'
  └
  ✓  Response body is not empty
  ┌
  │ 'Response contains all expected properties.'
  └
  ✓  Response contains expected properties
  ┌
  │ 'No fields are null.'
  └
  ✓  No fields are null
  ┌
  │ 'Optional property exchangeRateSensitivity is present.
  │ '
  └
  ✓  Links contain expected mandatory and optional properties
  ┌
  │ 'All links are valid URLs.'
  └
  ✓  All links are valid URLs
  ┌
  │ 'Security link is valid.'
  └
  ✓  Security is a valid URL
  ┌
  │ 'Security link is correct:', 'https://api.staging.merc
  │ ap.com.ar/tradable-securities/6cfdf5ed-d8da-411a-8e86-
  │ b1bbeef54f45'
  └
  ✓  Security link is correct
  ┌
  │ 'Investment contains all expected properties.'
  └
  ✓  Investment contains expected properties
  ┌
  │ 'Settlement Date is correct.'
  └
  ✓  Settlement Date is correct
  ┌
  │ 'Investment Settlement Date is correct.'
  └
  ✓  Investment Settlement Date is correct
  ┌
  │ 'Asset amount is correct.'
  └
  ✓  Asset amount is correct
  ┌
  │ 'Every amount is correct.'
  └
  ✓  Every amount is correct
  ┌
  │ 'Price type is correct.'
  └
  ✓  Price type is correct
  ┌
  │ 'Price isDirty is true.'
  └
  ✓  Price isDirty is true
  ┌
  │ '✔ SELF_INVESTMENT =', 'https://api.staging.mercap.com
  │ .ar/investments/2'
  │ '✔ INTERNAL_RATE_OF_RETURN_SENSITIVITY =', 'https://ap
  │ i.staging.mercap.com.ar/investments/2/irr-sensitivity'
  │ '✔ INVESTMENT_METRICS =', 'https://api.staging.mercap.
  │ com.ar/investments/2/metrics'
  │ '✔ PRICE_SENSITIVITY =', 'https://api.staging.mercap.c
  │ om.ar/investments/2/price-sensitivity'
  │ '✔ EXCHANGE_RATE_SENSITIVITY =', 'https://api.staging.
  │ mercap.com.ar/investments/2/exchange-rate-sensitivity'
  └

↳ Get investment by ID
  ┌
  │ '▶ [undefined] Ejecutando con ticker: AL30'
  └
  GET https://api.staging.mercap.com.ar/tradable-securities?query=AL30&tradeDate=2026-09-16 [200 OK, 2.64kB, 127ms]
  ┌
  │ '📌 TRADABLE_SECURITY_URL: https://api.staging.mercap.
  │ com.ar/tradable-securities/6cfdf5ed-d8da-411a-8e86-b1b
  │ beef54f45'
  └
  GET https://api.staging.mercap.com.ar/investments/2 [200 OK, 1.84kB, 214ms]
  ┌
  │ 'Response received successfully with status 200 OK.'
  └
  ✓  Response is received
  ┌
  │ 'Content-Type header is correct.'
  └
  ✓  Media-Type is correct
  ┌
  │ 'Response body is not empty.'
  └
  ✓  Response body is not empty
  ┌
  │ 'Response contains all expected properties.'
  └
  ✓  Response contains expected properties
  ┌
  │ 'No fields are null.'
  └
  ✓  No fields are null
  ┌
  │ 'Optional property exchangeRateSensitivity is present.
  │ '
  └
  ✓  Links contain expected mandatory and optional properties
  ┌
  │ 'All links are valid URLs.'
  └
  ✓  All links are valid URLs
  ┌
  │ 'Security link is valid.'
  └
  ✓  Security is a valid URL
  ┌
  │ 'Security link is correct:', 'https://api.staging.merc
  │ ap.com.ar/tradable-securities/6cfdf5ed-d8da-411a-8e86-
  │ b1bbeef54f45'
  └
  ✓  Security link is correct
  ┌
  │ 'Investment contains all expected properties.'
  └
  ✓  Investment contains expected properties
  ┌
  │ 'Settlement Date is correct.'
  └
  ✓  Settlement Date is correct
  ┌
  │ 'Investment Settlement Date is correct.'
  └
  ✓  Investment Settlement Date is correct
  ┌
  │ 'Asset amount is correct.'
  └
  ✓  Asset amount is correct
  ┌
  │ 'Every amount is correct.'
  └
  ✓  Every amount is correct
  ┌
  │ 'Price type is correct.'
  └
  ✓  Price type is correct
  ┌
  │ 'Price isDirty is true.'
  └
  ✓  Price isDirty is true
  ┌
  │ '✔ SELF_INVESTMENT =', 'https://api.staging.mercap.com
  │ .ar/investments/2'
  │ '✔ INTERNAL_RATE_OF_RETURN_SENSITIVITY =', 'https://ap
  │ i.staging.mercap.com.ar/investments/2/irr-sensitivity'
  │ '✔ INVESTMENT_METRICS =', 'https://api.staging.mercap.
  │ com.ar/investments/2/metrics'
  │ '✔ PRICE_SENSITIVITY =', 'https://api.staging.mercap.c
  │ om.ar/investments/2/price-sensitivity'
  │ '✔ EXCHANGE_RATE_SENSITIVITY =', 'https://api.staging.
  │ mercap.com.ar/investments/2/exchange-rate-sensitivity'
  └

↳ Get investment metrics by ID
  ┌
  │ '▶ [undefined] Ejecutando con ticker: AL30'
  └
  GET https://api.staging.mercap.com.ar/tradable-securities?query=AL30&tradeDate=2026-09-16 [200 OK, 2.64kB, 62ms]
  ┌
  │ '📌 TRADABLE_SECURITY_URL: https://api.staging.mercap.
  │ com.ar/tradable-securities/6cfdf5ed-d8da-411a-8e86-b1b
  │ beef54f45'
  └
  GET https://api.staging.mercap.com.ar/investments/2/metrics [200 OK, 2.19kB, 1827ms]
  ✓  Response is received
  ✓  Status code is 200
  ✓  Media-Type is correct
  ✓  Response contains required properties
  ✓  Mandatory numeric fields have correct type
  ✓  lastQuote structure is valid when present
  ✓  lastIntradayQuote structure is valid
  ✓  Cost and residualAmount structure is valid
  ✓  Optional fields are valid when present
  ✓  Links object exists

↳ Get investment irr sensitivity by ID
  ┌
  │ '▶ [undefined] Ejecutando con ticker: AL30'
  └
  GET https://api.staging.mercap.com.ar/tradable-securities?query=AL30&tradeDate=2026-09-16 [200 OK, 2.63kB, 62ms]
  ┌
  │ '📌 TRADABLE_SECURITY_URL: https://api.staging.mercap.
  │ com.ar/tradable-securities/6cfdf5ed-d8da-411a-8e86-b1b
  │ beef54f45'
  └
  GET https://api.staging.mercap.com.ar/investments/2/irr-sensitivity [200 OK, 2.46kB, 272ms]
  ✓  Response is received
  ✓  Status code is 200
  ✓  Media-Type is correct
  ✓  Response body is not empty
  ✓  No main fields are null
  ✓  Results array is valid
  ┌
  │ 'Baseline contains all mandatory properties.'
  └
  ✓  Baseline mandatory properties are present
  ✓  Baseline optional properties are valid when present
  ┌
  │ 'Result 1 contains all mandatory fields.'
  │ 'Result 2 contains all mandatory fields.'
  │ 'Result 3 contains all mandatory fields.'
  │ 'Result 4 contains all mandatory fields.'
  │ 'Result 5 contains all mandatory fields.'
  │ 'Result 6 contains all mandatory fields.'
  │ 'Result 7 contains all mandatory fields.'
  │ 'Result 8 contains all mandatory fields.'
  │ 'Result 9 contains all mandatory fields.'
  │ 'Result 10 contains all mandatory fields.'
  │ 'Result 11 contains all mandatory fields.'
  └
  ✓  Each result contains mandatory properties

↳ Get investment price sensitivity by ID
  ┌
  │ '▶ [undefined] Ejecutando con ticker: AL30'
  └
  GET https://api.staging.mercap.com.ar/tradable-securities?query=AL30&tradeDate=2026-09-16 [200 OK, 2.64kB, 50ms]
  ┌
  │ '📌 TRADABLE_SECURITY_URL: https://api.staging.mercap.
  │ com.ar/tradable-securities/6cfdf5ed-d8da-411a-8e86-b1b
  │ beef54f45'
  └
  GET https://api.staging.mercap.com.ar/investments/2/price-sensitivity [200 OK, 2.31kB, 227ms]
  ✓  Response is received
  ✓  Status code is 200
  ✓  Media-Type is correct
  ✓  Response body is not empty
  ✓  No main fields are null
  ✓  Results array is valid
  ┌
  │ 'Step contains numberOfBasisPoint: 500'
  └
  ✓  Step contains expected properties
  ┌
  │ 'Baseline contains all expected properties.'
  └
  ✓  Baseline contains expected properties
  ┌
  │ 'Result 1 contains all expected properties.'
  │ 'Result 2 contains all expected properties.'
  │ 'Result 3 contains all expected properties.'
  │ 'Result 4 contains all expected properties.'
  │ 'Result 5 contains all expected properties.'
  │ 'Result 6 contains all expected properties.'
  │ 'Result 7 contains all expected properties.'
  │ 'Result 8 contains all expected properties.'
  │ 'Result 9 contains all expected properties.'
  │ 'Result 10 contains all expected properties.'
  │ 'Result 11 contains all expected properties.'
  └
  ✓  Each result contains expected properties
  ✓  Check that properties in each 'results' have the expected format

↳ Get investment exchange rate sensitivity by ID
  ┌
  │ '▶ [undefined] Ejecutando con ticker: AL30'
  └
  GET https://api.staging.mercap.com.ar/tradable-securities?query=AL30&tradeDate=2026-09-16 [200 OK, 2.63kB, 45ms]
  ┌
  │ '📌 TRADABLE_SECURITY_URL: https://api.staging.mercap.
  │ com.ar/tradable-securities/6cfdf5ed-d8da-411a-8e86-b1b
  │ beef54f45'
  └
  GET https://api.staging.mercap.com.ar/investments/2/exchange-rate-sensitivity [200 OK, 2.52kB, 420ms]
  ✓  Response is received
  ✓  Status code is 200
  ✓  Media-Type is correct
  ✓  Response body is not empty
  ✓  No main fields are null
  ✓  Results array is valid
  ┌
  │ 'Step is correct: 0.01'
  └
  ✓  Step contains expected value
  ┌
  │ 'NumberOfScenarios is 10 and step is 0.01'
  └
  ✓  NumberOfScenarios and step have the expected values

❏ Pepper-GS32 / Regression-Test / Instrument Issuers
↳ Get all instrument issuers
  GET https://api.staging.mercap.com.ar/instrument-issuers [200 OK, 135.59kB, 573ms]
  ✓  Response is received
  ✓  Status code is 200
  ✓  Media-Type is correct
  ✓  Items array is present and not empty
  ✓  No duplicate names in items
  ✓  Links are unique for each item
  ✓  Self link matches expected URL
  ┌
  │ '✔ INSTRUMENT_ISSUERS_UUID seteado: https://api.stagin
  │ g.mercap.com.ar/instrument-issuers/6f5616c7-d1f0-4cd2-
  │ b4b3-bb99184712cf'
  └
  ✓  Item 1 (BCRA) contains expected properties
  ✓  Item 1 (BCRA) 'name' is a non-empty string
  ✓  Item 1 (BCRA) 'self' link is a valid URL
  ✓  Item 2 (Federal Reserve) contains expected properties
  ✓  Item 2 (Federal Reserve) 'name' is a non-empty string
  ✓  Item 2 (Federal Reserve) 'self' link is a valid URL
  ✓  Item 3 (Republica Argentina) contains expected properties
  ✓  Item 3 (Republica Argentina) 'name' is a non-empty string
  ✓  Item 3 (Republica Argentina) 'self' link is a valid URL
  ✓  Item 4 (BCE) contains expected properties
  ✓  Item 4 (BCE) 'name' is a non-empty string
  ✓  Item 4 (BCE) 'self' link is a valid URL
  ✓  Item 5 (Pcia. de Buenos Aires) contains expected properties
  ✓  Item 5 (Pcia. de Buenos Aires) 'name' is a non-empty string
  ✓  Item 5 (Pcia. de Buenos Aires) 'self' link is a valid URL
  ✓  Item 6 (Cdad. de Buenos Aires) contains expected properties
  ✓  Item 6 (Cdad. de Buenos Aires) 'name' is a non-empty string
  ✓  Item 6 (Cdad. de Buenos Aires) 'self' link is a valid URL
  ✓  Item 7 (Tesorería General de la Nación (Argentina)) contains expected properties
  ✓  Item 7 (Tesorería General de la Nación (Argentina)) 'name' is a non-empty string
  ✓  Item 7 (Tesorería General de la Nación (Argentina)) 'self' link is a valid URL
  ✓  Item 8 (Pcia. de Chaco) contains expected properties
  ✓  Item 8 (Pcia. de Chaco) 'name' is a non-empty string
  ✓  Item 8 (Pcia. de Chaco) 'self' link is a valid URL
  ✓  Item 9 (Pcia. de Chubut) contains expected properties
  ✓  Item 9 (Pcia. de Chubut) 'name' is a non-empty string
  ✓  Item 9 (Pcia. de Chubut) 'self' link is a valid URL
  ✓  Item 10 (Pcia. de Entre Ríos) contains expected properties
  ✓  Item 10 (Pcia. de Entre Ríos) 'name' is a non-empty string
  ✓  Item 10 (Pcia. de Entre Ríos) 'self' link is a valid URL
  GET https://api.staging.mercap.com.ar/instrument-issuers/6f5616c7-d1f0-4cd2-b4b3-bb99184712cf   GET https://api.staging.mercap.com.ar/instrument-issuers/89874250-34f0-4358-a261-c13ce5bac46a   GET https://api.staging.mercap.com.ar/instrument-issuers/6dbaafee-d41d-4262-a53e-9df48c0de55a   GET https://api.staging.mercap.com.ar/instrument-issuers/383ff553-5419-4d7a-888d-48c68b1abcd4   GET https://api.staging.mercap.com.ar/instrument-issuers/0cf0cba4-9ccc-4904-9a26-68666dba6568   GET https://api.staging.mercap.com.ar/instrument-issuers/26e53912-2587-4855-9c61-d5e4915b3e49   GET https://api.staging.mercap.com.ar/instrument-issuers/b11a569e-610e-4519-b775-c6cd35dc72fc   GET https://api.staging.mercap.com.ar/instrument-issuers/8d1ba67d-5751-4ccc-8f59-242234628a68   GET https://api.staging.mercap.com.ar/instrument-issuers/88400bd6-f8f5-4da4-91d2-ad6fea90a273   GET https://api.staging.mercap.com.ar/instrument-issuers/66da8712-1d05-4180-b17f-27df7c13b8e2 [200 OK, 867B, 179ms]
  ✓  Item 2 (Federal Reserve) self link returns status 200
[200 OK, 856B, 188ms]
  ✓  Item 1 (BCRA) self link returns status 200
[200 OK, 845B, 188ms]
  ✓  Item 4 (BCE) self link returns status 200
[200 OK, 869B, 205ms]
  ✓  Item 5 (Pcia. de Buenos Aires) self link returns status 200
[200 OK, 866B, 205ms]
  ✓  Item 8 (Pcia. de Chaco) self link returns status 200
[200 OK, 869B, 208ms]
  ✓  Item 3 (Republica Argentina) self link returns status 200
[200 OK, 894B, 213ms]
  ✓  Item 7 (Tesorería General de la Nación (Argentina)) self link returns status 200
[200 OK, 872B, 214ms]
  ✓  Item 10 (Pcia. de Entre Ríos) self link returns status 200
[200 OK, 871B, 219ms]
  ✓  Item 6 (Cdad. de Buenos Aires) self link returns status 200
[200 OK, 857B, 221ms]
  ✓  Item 9 (Pcia. de Chubut) self link returns status 200

↳ Get instrument issuers by UUID
  GET https://api.staging.mercap.com.ar/instrument-issuers/6f5616c7-d1f0-4cd2-b4b3-bb99184712cf [200 OK, 858B, 144ms]
  ✓  Response is received
  ✓  Status code is 200
  ✓  Media-Type is correct
  ┌
  │ 'Response has correct properties (including optional l
  │ inks).'
  └
  ✓  Response has correct properties
  ┌
  │ 'Self link is correct:', 'https://api.staging.mercap.c
  │ om.ar/instrument-issuers/6f5616c7-d1f0-4cd2-b4b3-bb991
  │ 84712cf'
  └
  ✓  Self link is correct

❏ Pepper-GS32 / Regression-Test / Markets
↳ Get all markets
  GET https://api.staging.mercap.com.ar/markets [200 OK, 1.54kB, 60ms]
  ✓  Response is received
  ✓  Status code is 200
  ✓  Media-Type is correct
  ✓  Items array is present and not empty
  ✓  No duplicate names in items
  ✓  Links are unique for each item
  ✓  Self link matches expected URL
  ┌
  │ '✔ MARKETS_UUID seteado: https://api.staging.mercap.co
  │ m.ar/markets/4caa715b-06cb-428f-ac4c-f40a872a1064'
  └
  ✓  Item 1 (BYMA) contains expected properties
  ✓  Item 1 (BYMA) 'name' is a non-empty string
  ✓  Item 1 (BYMA) 'self' link is a valid URL
  ✓  Item 2 (Mercado Internacional) contains expected properties
  ✓  Item 2 (Mercado Internacional) 'name' is a non-empty string
  ✓  Item 2 (Mercado Internacional) 'self' link is a valid URL
  ✓  Item 3 (Mercado de Fondos) contains expected properties
  ✓  Item 3 (Mercado de Fondos) 'name' is a non-empty string
  ✓  Item 3 (Mercado de Fondos) 'self' link is a valid URL
  ✓  Item 4 (VALMERCAP) contains expected properties
  ✓  Item 4 (VALMERCAP) 'name' is a non-empty string
  ✓  Item 4 (VALMERCAP) 'self' link is a valid URL
  ✓  Item 5 (OTC) contains expected properties
  ✓  Item 5 (OTC) 'name' is a non-empty string
  ✓  Item 5 (OTC) 'self' link is a valid URL
  ✓  Item 6 (CBONDS) contains expected properties
  ✓  Item 6 (CBONDS) 'name' is a non-empty string
  ✓  Item 6 (CBONDS) 'self' link is a valid URL
  GET https://api.staging.mercap.com.ar/markets/4caa715b-06cb-428f-ac4c-f40a872a1064   GET https://api.staging.mercap.com.ar/markets/48ad8a13-23a9-4a7d-81bb-32d0f7135f83   GET https://api.staging.mercap.com.ar/markets/400215b2-e24b-45a2-b0bc-ba3fee932ba2   GET https://api.staging.mercap.com.ar/markets/09f99b78-0440-48d1-a438-44d1e798d774   GET https://api.staging.mercap.com.ar/markets/8d92b182-30ea-4bc0-9d84-d221a606bc91   GET https://api.staging.mercap.com.ar/markets/384d384f-5c45-4d90-9ead-f022c6b970f6 [200 OK, 855B, 46ms]
  ✓  Item 1 (BYMA) self link returns status 200
[200 OK, 865B, 51ms]
  ✓  Item 6 (CBONDS) self link returns status 200
[200 OK, 876B, 53ms]
  ✓  Item 2 (Mercado Internacional) self link returns status 200
[200 OK, 870B, 64ms]
  ✓  Item 4 (VALMERCAP) self link returns status 200
[200 OK, 864B, 66ms]
  ✓  Item 5 (OTC) self link returns status 200
[200 OK, 870B, 69ms]
  ✓  Item 3 (Mercado de Fondos) self link returns status 200

↳ Get markets by UUID
  GET https://api.staging.mercap.com.ar/markets/4caa715b-06cb-428f-ac4c-f40a872a1064 [200 OK, 861B, 80ms]
  ✓  Response is received
  ✓  Status code is 200
  ✓  Media-Type is correct
  ┌
  │ 'Response has correct properties.'
  └
  ✓  Response has correct properties
  ┌
  │ 'Self link is correct:', 'https://api.staging.mercap.c
  │ om.ar/markets/4caa715b-06cb-428f-ac4c-f40a872a1064'
  └
  ✓  Self link is correct

❏ Pepper-GS32 / Regression-Test / Mutual Fund Types
↳ Get all mutual fund types
  GET https://api.staging.mercap.com.ar/mutual-fund-types [200 OK, 1.54kB, 117ms]
  ✓  Response is received
  ✓  Status code is 200
  ✓  Media-Type is correct
  ✓  Items array is present and not empty
  ✓  No duplicate names in items
  ✓  Links are unique for each item
  ✓  Self link matches expected URL
  ┌
  │ '✔ MUTUAL_FUND_TYPES_UUID seteado: https://api.staging
  │ .mercap.com.ar/mutual-fund-types/01d9b1af-d6e9-43a8-a1
  │ 0a-6675bdf9992c'
  └
  ✓  Item 1 (Renta Fija) contains expected properties
  ✓  Item 1 (Renta Fija) 'name' is a non-empty string
  ✓  Item 1 (Renta Fija) 'self' link is a valid URL
  ✓  Item 2 (Renta Variable) contains expected properties
  ✓  Item 2 (Renta Variable) 'name' is a non-empty string
  ✓  Item 2 (Renta Variable) 'self' link is a valid URL
  ✓  Item 3 (Mixto) contains expected properties
  ✓  Item 3 (Mixto) 'name' is a non-empty string
  ✓  Item 3 (Mixto) 'self' link is a valid URL
  ✓  Item 4 (Money Market) contains expected properties
  ✓  Item 4 (Money Market) 'name' is a non-empty string
  ✓  Item 4 (Money Market) 'self' link is a valid URL
  ✓  Item 5 (Infraestructura) contains expected properties
  ✓  Item 5 (Infraestructura) 'name' is a non-empty string
  ✓  Item 5 (Infraestructura) 'self' link is a valid URL
  ✓  Item 6 (Otros) contains expected properties
  ✓  Item 6 (Otros) 'name' is a non-empty string
  ✓  Item 6 (Otros) 'self' link is a valid URL
  ┌
  │ "At least one item has 'Renta Variable' as name."
  └
  ✓  At least one item has 'Renta Variable' as name
  GET https://api.staging.mercap.com.ar/mutual-fund-types/01d9b1af-d6e9-43a8-a10a-6675bdf9992c   GET https://api.staging.mercap.com.ar/mutual-fund-types/5b136c50-48ff-4147-ba18-458b6915bb08   GET https://api.staging.mercap.com.ar/mutual-fund-types/8ad01c33-186b-4ca7-8b05-37afe197fa52   GET https://api.staging.mercap.com.ar/mutual-fund-types/fe2a9cf8-c614-4815-89fa-60892afad14e   GET https://api.staging.mercap.com.ar/mutual-fund-types/ebf42d78-8395-4bd0-8dbb-048976b7a2f5   GET https://api.staging.mercap.com.ar/mutual-fund-types/c53586fa-4327-459b-b059-1e75dc824816 [200 OK, 855B, 82ms]
  ✓  Item 6 (Otros) self link returns status 200
[200 OK, 858B, 98ms]
  ✓  Item 1 (Renta Fija) self link returns status 200
[200 OK, 864B, 100ms]
  ✓  Item 2 (Renta Variable) self link returns status 200
[200 OK, 869B, 182ms]
  ✓  Item 5 (Infraestructura) self link returns status 200
[200 OK, 854B, 184ms]
  ✓  Item 4 (Money Market) self link returns status 200
[200 OK, 851B, 190ms]
  ✓  Item 3 (Mixto) self link returns status 200

↳ Get mutual fund type by UUID
  GET https://api.staging.mercap.com.ar/mutual-fund-types/01d9b1af-d6e9-43a8-a10a-6675bdf9992c [200 OK, 864B, 191ms]
  ✓  Response is received
  ✓  Status code is 200
  ✓  Media-Type is correct
  ┌
  │ 'Response has the correct properties.'
  └
  ✓  Response has correct properties
  ┌
  │ 'Self link is correct:', 'https://api.staging.mercap.c
  │ om.ar/mutual-fund-types/01d9b1af-d6e9-43a8-a10a-6675bd
  │ f9992c'
  └
  ✓  Self link is correct

❏ Pepper-GS32 / Regression-Test / Mutual Fund Shares
↳ Get all mutual fund shares
  GET https://api.staging.mercap.com.ar/mutual-fund-shares [200 OK, 5.16kB, 69ms]
  ✓  Response is received
  ✓  Status code is 200
  ✓  Media-Type is correct
  ✓  Items array is present
  ✓  No duplicate names in items
  ✓  Links are unique for each item
  ✓  Self link matches expected URL
  ┌
  │ '✔ MUTUAL_FUND_SHARE_UUID seteado: https://api.staging
  │ .mercap.com.ar/mutual-fund-shares/b45091ea-b613-47c1-8
  │ 1b5-955f6e689f4d'
  │ '▶ Testing Item 1 (Gainvest Renta Variable - Clase A)'
  └
  ✓  Item 1 (Gainvest Renta Variable - Clase A) contains expected properties
  ✓  Item 1 (Gainvest Renta Variable - Clase A) 'name' is a non-empty string
  ✓  Item 1 (Gainvest Renta Variable - Clase A) 'issueCurrency' is a valid URL
  ✓  Item 1 (Gainvest Renta Variable - Clase A) 'smallestDenomination' has valid values
  ┌
  │ '▶ Testing Item 2 (Gainvest Renta Variable - Clase B)'
  └
  ✓  Item 2 (Gainvest Renta Variable - Clase B) contains expected properties
  ✓  Item 2 (Gainvest Renta Variable - Clase B) 'name' is a non-empty string
  ✓  Item 2 (Gainvest Renta Variable - Clase B) 'issueCurrency' is a valid URL
  ✓  Item 2 (Gainvest Renta Variable - Clase B) 'smallestDenomination' has valid values
  ┌
  │ '▶ Testing Item 3 (Pellegrini Renta Fija - Clase A)'
  └
  ✓  Item 3 (Pellegrini Renta Fija - Clase A) contains expected properties
  ✓  Item 3 (Pellegrini Renta Fija - Clase A) 'name' is a non-empty string
  ✓  Item 3 (Pellegrini Renta Fija - Clase A) 'issueCurrency' is a valid URL
  ✓  Item 3 (Pellegrini Renta Fija - Clase A) 'smallestDenomination' has valid values
  ┌
  │ '▶ Testing Item 4 (Pellegrini Renta Fija - Clase B)'
  └
  ✓  Item 4 (Pellegrini Renta Fija - Clase B) contains expected properties
  ✓  Item 4 (Pellegrini Renta Fija - Clase B) 'name' is a non-empty string
  ✓  Item 4 (Pellegrini Renta Fija - Clase B) 'issueCurrency' is a valid URL
  ✓  Item 4 (Pellegrini Renta Fija - Clase B) 'smallestDenomination' has valid values
  ┌
  │ '▶ Testing Item 5 (Pellegrini Renta Publica Federal - 
  │ Clase A)'
  └
  ✓  Item 5 (Pellegrini Renta Publica Federal - Clase A) contains expected properties
  ✓  Item 5 (Pellegrini Renta Publica Federal - Clase A) 'name' is a non-empty string
  ✓  Item 5 (Pellegrini Renta Publica Federal - Clase A) 'issueCurrency' is a valid URL
  ✓  Item 5 (Pellegrini Renta Publica Federal - Clase A) 'smallestDenomination' has valid values
  ┌
  │ '▶ Testing Item 6 (Pellegrini Renta Publica Federal - 
  │ Clase B)'
  └
  ✓  Item 6 (Pellegrini Renta Publica Federal - Clase B) contains expected properties
  ✓  Item 6 (Pellegrini Renta Publica Federal - Clase B) 'name' is a non-empty string
  ✓  Item 6 (Pellegrini Renta Publica Federal - Clase B) 'issueCurrency' is a valid URL
  ✓  Item 6 (Pellegrini Renta Publica Federal - Clase B) 'smallestDenomination' has valid values
  ┌
  │ '▶ Testing Item 7 (Alpha Renta Fija Serie 4 - Clase A)
  │ '
  └
  ✓  Item 7 (Alpha Renta Fija Serie 4 - Clase A) contains expected properties
  ✓  Item 7 (Alpha Renta Fija Serie 4 - Clase A) 'name' is a non-empty string
  ✓  Item 7 (Alpha Renta Fija Serie 4 - Clase A) 'issueCurrency' is a valid URL
  ✓  Item 7 (Alpha Renta Fija Serie 4 - Clase A) 'smallestDenomination' has valid values
  ┌
  │ '▶ Testing Item 8 (Alpha Renta Fija Serie 4 - Clase B)
  │ '
  └
  ✓  Item 8 (Alpha Renta Fija Serie 4 - Clase B) contains expected properties
  ✓  Item 8 (Alpha Renta Fija Serie 4 - Clase B) 'name' is a non-empty string
  ✓  Item 8 (Alpha Renta Fija Serie 4 - Clase B) 'issueCurrency' is a valid URL
  ✓  Item 8 (Alpha Renta Fija Serie 4 - Clase B) 'smallestDenomination' has valid values
  ┌
  │ '▶ Testing Item 9 (Alpha Pesos - Clase A)'
  └
  ✓  Item 9 (Alpha Pesos - Clase A) contains expected properties
  ✓  Item 9 (Alpha Pesos - Clase A) 'name' is a non-empty string
  ✓  Item 9 (Alpha Pesos - Clase A) 'issueCurrency' is a valid URL
  ✓  Item 9 (Alpha Pesos - Clase A) 'smallestDenomination' has valid values
  ┌
  │ '▶ Testing Item 10 (Alpha Pesos - Clase B)'
  └
  ✓  Item 10 (Alpha Pesos - Clase B) contains expected properties
  ✓  Item 10 (Alpha Pesos - Clase B) 'name' is a non-empty string
  ✓  Item 10 (Alpha Pesos - Clase B) 'issueCurrency' is a valid URL
  ✓  Item 10 (Alpha Pesos - Clase B) 'smallestDenomination' has valid values
  GET https://api.staging.mercap.com.ar/mutual-fund-shares/b45091ea-b613-47c1-81b5-955f6e689f4d   GET https://api.staging.mercap.com.ar/mutual-fund-shares/e6dd7274-3da3-4fa9-8058-cb4cf0bfa2c5   GET https://api.staging.mercap.com.ar/mutual-fund-shares/2943749b-fd71-483c-8bc2-d0f88763254f   GET https://api.staging.mercap.com.ar/mutual-fund-shares/506c915b-6e58-4a0d-96c2-a1be22065424   GET https://api.staging.mercap.com.ar/mutual-fund-shares/13854960-b51d-4b8c-a67e-4dccc3495fff   GET https://api.staging.mercap.com.ar/mutual-fund-shares/bfe687a7-17f7-41c6-89ab-5ec793d05b88   GET https://api.staging.mercap.com.ar/mutual-fund-shares/6e5ddd18-7bb6-4ee5-8fae-143a7780f92d   GET https://api.staging.mercap.com.ar/mutual-fund-shares/d9221c2a-4e98-424b-993e-174ac44e02dd   GET https://api.staging.mercap.com.ar/mutual-fund-shares/86836316-069d-4c49-9a7f-2bb1b3290380   GET https://api.staging.mercap.com.ar/mutual-fund-shares/63e912ff-869b-4cf4-8eb8-7dec0a9736de [200 OK, 1.15kB, 46ms]
  ✓  Item 9 (Alpha Pesos - Clase A) self link returns status 200
[200 OK, 1.15kB, 56ms]
  ✓  Item 10 (Alpha Pesos - Clase B) self link returns status 200
[200 OK, 1.16kB, 59ms]
  ✓  Item 3 (Pellegrini Renta Fija - Clase A) self link returns status 200
[200 OK, 1.17kB, 60ms]
  ✓  Item 4 (Pellegrini Renta Fija - Clase B) self link returns status 200
[200 OK, 1.14kB, 61ms]
  ✓  Item 2 (Gainvest Renta Variable - Clase B) self link returns status 200
[200 OK, 1.19kB, 61ms]
  ✓  Item 5 (Pellegrini Renta Publica Federal - Clase A) self link returns status 200
[200 OK, 1.19kB, 63ms]
  ✓  Item 6 (Pellegrini Renta Publica Federal - Clase B) self link returns status 200
[200 OK, 1.14kB, 68ms]
  ✓  Item 1 (Gainvest Renta Variable - Clase A) self link returns status 200
[200 OK, 1.16kB, 70ms]
  ✓  Item 7 (Alpha Renta Fija Serie 4 - Clase A) self link returns status 200
[200 OK, 1.16kB, 95ms]
  ✓  Item 8 (Alpha Renta Fija Serie 4 - Clase B) self link returns status 200

↳ Get mutual fund share by UUID
  ┌
  │ '🚀 Ejecutando request para UUID: https://api.staging.
  │ mercap.com.ar/mutual-fund-shares/b45091ea-b613-47c1-81
  │ b5-955f6e689f4d'
  └
  GET https://api.staging.mercap.com.ar/mutual-fund-shares/b45091ea-b613-47c1-81b5-955f6e689f4d [200 OK, 1.14kB, 111ms]
  ✓  Response is received
  ✓  Status code is 200
  ✓  Media-Type is correct
  ┌
  │ 'Response has correct properties.'
  └
  ✓  Response has correct properties
  ┌
  │ 'Self link is correct:', 'https://api.staging.mercap.c
  │ om.ar/mutual-fund-shares/b45091ea-b613-47c1-81b5-955f6
  │ e689f4d'
  └
  ✓  Self link is correct
  ┌
  │ "smallestDenomination base is '1'."
  └
  ✓  smallestDenomination base is '1'
  ┌
  │ "smallestDenomination increment is '1'."
  └
  ✓  smallestDenomination increment is '1'

❏ Pepper-GS32 / Regression-Test / Stocks
↳ Get all stocks
  GET https://api.staging.mercap.com.ar/stocks [200 OK, 4.32kB, 105ms]
  ✓  Response is received
  ✓  Status code is 200
  ✓  Media-Type is correct
  ✓  Items array is present
  ✓  No duplicate names in items
  ✓  Links are unique for each item
  ✓  Self link matches expected URL
  ┌
  │ '✔ STOCKS_UUID seteado: https://api.staging.mercap.com
  │ .ar/stocks/6ff2eccb-d13f-49d1-9f6e-afda6e43ab96'
  │ '\n▶ Testing Item 1 (A3.BA)'
  └
  ✓  Item 1 (A3.BA) contains expected properties
  ✓  Item 1 (A3.BA) 'name' is a non-empty string
  ✓  Item 1 (A3.BA) 'issuer' is a non-empty string
  ✓  Item 1 (A3.BA) 'issueCurrency' is a valid URL
  ✓  Item 1 (A3.BA) 'self' link is a valid URL
  GET https://api.staging.mercap.com.ar/stocks/6ff2eccb-d13f-49d1-9f6e-afda6e43ab96 [200 OK, 1.07kB, 103ms]
  ✓  Item 1 (A3.BA) self link returns status 200
  ┌
  │ '\n▶ Testing Item 2 (AAL.BA)'
  └
  ✓  Item 2 (AAL.BA) contains expected properties
  ✓  Item 2 (AAL.BA) 'name' is a non-empty string
  ✓  Item 2 (AAL.BA) 'issuer' is a non-empty string
  ✓  Item 2 (AAL.BA) 'issueCurrency' is a valid URL
  ✓  Item 2 (AAL.BA) 'self' link is a valid URL
  GET https://api.staging.mercap.com.ar/stocks/7480a764-16d4-48fb-965f-ff92f84ed477 [200 OK, 1.08kB, 64ms]
  ✓  Item 2 (AAL.BA) self link returns status 200
  ┌
  │ '\n▶ Testing Item 3 (AAP.BA)'
  └
  ✓  Item 3 (AAP.BA) contains expected properties
  ✓  Item 3 (AAP.BA) 'name' is a non-empty string
  ✓  Item 3 (AAP.BA) 'issuer' is a non-empty string
  ✓  Item 3 (AAP.BA) 'issueCurrency' is a valid URL
  ✓  Item 3 (AAP.BA) 'self' link is a valid URL
  GET https://api.staging.mercap.com.ar/stocks/b36e04ad-6d91-47a4-8eaa-1d831dad62d3 [200 OK, 1.07kB, 76ms]
  ✓  Item 3 (AAP.BA) self link returns status 200
  ┌
  │ '\n▶ Testing Item 4 (AAPL.BA)'
  └
  ✓  Item 4 (AAPL.BA) contains expected properties
  ✓  Item 4 (AAPL.BA) 'name' is a non-empty string
  ✓  Item 4 (AAPL.BA) 'issuer' is a non-empty string
  ✓  Item 4 (AAPL.BA) 'issueCurrency' is a valid URL
  ✓  Item 4 (AAPL.BA) 'self' link is a valid URL
  GET https://api.staging.mercap.com.ar/stocks/2d21bb48-4e8c-498d-b0a2-f30db68511ea [200 OK, 1.07kB, 85ms]
  ✓  Item 4 (AAPL.BA) self link returns status 200
  ┌
  │ '\n▶ Testing Item 5 (ABBV.BA)'
  └
  ✓  Item 5 (ABBV.BA) contains expected properties
  ✓  Item 5 (ABBV.BA) 'name' is a non-empty string
  ✓  Item 5 (ABBV.BA) 'issuer' is a non-empty string
  ✓  Item 5 (ABBV.BA) 'issueCurrency' is a valid URL
  ✓  Item 5 (ABBV.BA) 'self' link is a valid URL
  GET https://api.staging.mercap.com.ar/stocks/14dafd91-1407-4e04-a0a6-c91c04faf5fe [200 OK, 1.07kB, 120ms]
  ✓  Item 5 (ABBV.BA) self link returns status 200
  ┌
  │ '\n▶ Testing Item 6 (ABEV.BA)'
  └
  ✓  Item 6 (ABEV.BA) contains expected properties
  ✓  Item 6 (ABEV.BA) 'name' is a non-empty string
  ✓  Item 6 (ABEV.BA) 'issuer' is a non-empty string
  ✓  Item 6 (ABEV.BA) 'issueCurrency' is a valid URL
  ✓  Item 6 (ABEV.BA) 'self' link is a valid URL
  GET https://api.staging.mercap.com.ar/stocks/41590ed6-55a6-4c2f-a318-7d21c131216e [200 OK, 1.07kB, 129ms]
  ✓  Item 6 (ABEV.BA) self link returns status 200
  ┌
  │ '\n▶ Testing Item 7 (ABNB.BA)'
  └
  ✓  Item 7 (ABNB.BA) contains expected properties
  ✓  Item 7 (ABNB.BA) 'name' is a non-empty string
  ✓  Item 7 (ABNB.BA) 'issuer' is a non-empty string
  ✓  Item 7 (ABNB.BA) 'issueCurrency' is a valid URL
  ✓  Item 7 (ABNB.BA) 'self' link is a valid URL
  GET https://api.staging.mercap.com.ar/stocks/e3684bf6-56f5-4c13-97e7-16a34173a060 [200 OK, 1.07kB, 92ms]
  ✓  Item 7 (ABNB.BA) self link returns status 200
  ┌
  │ '\n▶ Testing Item 8 (ABT.BA)'
  └
  ✓  Item 8 (ABT.BA) contains expected properties
  ✓  Item 8 (ABT.BA) 'name' is a non-empty string
  ✓  Item 8 (ABT.BA) 'issuer' is a non-empty string
  ✓  Item 8 (ABT.BA) 'issueCurrency' is a valid URL
  ✓  Item 8 (ABT.BA) 'self' link is a valid URL
  GET https://api.staging.mercap.com.ar/stocks/e901db1d-386b-4c80-b6ee-252367b8fe07 [200 OK, 1.07kB, 105ms]
  ✓  Item 8 (ABT.BA) self link returns status 200
  ┌
  │ '\n▶ Testing Item 9 (ACN.BA)'
  └
  ✓  Item 9 (ACN.BA) contains expected properties
  ✓  Item 9 (ACN.BA) 'name' is a non-empty string
  ✓  Item 9 (ACN.BA) 'issuer' is a non-empty string
  ✓  Item 9 (ACN.BA) 'issueCurrency' is a valid URL
  ✓  Item 9 (ACN.BA) 'self' link is a valid URL
  GET https://api.staging.mercap.com.ar/stocks/d7cc9c4a-da99-458d-b18b-08ec11ac9540 [200 OK, 1.06kB, 104ms]
  ✓  Item 9 (ACN.BA) self link returns status 200
  ┌
  │ '\n▶ Testing Item 10 (ACWI.BA)'
  └
  ✓  Item 10 (ACWI.BA) contains expected properties
  ✓  Item 10 (ACWI.BA) 'name' is a non-empty string
  ✓  Item 10 (ACWI.BA) 'issuer' is a non-empty string
  ✓  Item 10 (ACWI.BA) 'issueCurrency' is a valid URL
  ✓  Item 10 (ACWI.BA) 'self' link is a valid URL
  GET https://api.staging.mercap.com.ar/stocks/54692919-4306-4c23-8323-4f26f6a08af6 [200 OK, 1.08kB, 94ms]
  ✓  Item 10 (ACWI.BA) self link returns status 200
  ┌
  │ '✔ Finished testing stocks (or no stocks to test)'
  └

↳ Get stocks by UUID
  ┌
  │ '🚀 Ejecutando request para Stock UUID: https://api.st
  │ aging.mercap.com.ar/stocks/6ff2eccb-d13f-49d1-9f6e-afd
  │ a6e43ab96'
  └
  GET https://api.staging.mercap.com.ar/stocks/6ff2eccb-d13f-49d1-9f6e-afda6e43ab96 [200 OK, 1.06kB, 185ms]
  ✓  Response is received
  ✓  Status code is 200
  ✓  Media-Type is correct
  ┌
  │ 'Response has correct properties.'
  └
  ✓  Response has correct properties
  ┌
  │ 'Self link is correct:', 'https://api.staging.mercap.c
  │ om.ar/stocks/6ff2eccb-d13f-49d1-9f6e-afda6e43ab96'
  └
  ✓  Self link is correct
  ┌
  │ "smallestDenomination base is '1'."
  └
  ✓  smallestDenomination base is '1'
  ┌
  │ "smallestDenomination increment is '1'."
  └
  ✓  smallestDenomination increment is '1'

❏ Pepper-GS32 / Regression-Test / Tradable Securities
↳ Get tradable securities using only mandatory filters
  ┌
  │ '▶ [undefined] Ejecutando con ticker: AL30'
  │ '📅 VALUATION_DATE seteado a: 2026-09-16'
  └
  GET https://api.staging.mercap.com.ar/tradable-securities?tradeDate=2026-09-16 [200 OK, 13.14kB, 116ms]
  ✓  Response is received
  ✓  Status code is 200
  ✓  Media-Type is correct
  ✓  Items array is present and not empty
  ✓  Each item has correct properties
  ✓  No duplicate tickers in items
  ✓  Links are unique for each tradable security
  ✓  TradingEvery has value 100 or 1000 for each item
  ✓  Security.type has value Bond for each item
  ✓  Self link is present and has correct structure

↳ Get tradable securities using optional filters - only query
  ┌
  │ '▶ [undefined] Ejecutando con ticker: AL30'
  │ '📅 VALUATION_DATE seteado a: 2026-09-16'
  └
  GET https://api.staging.mercap.com.ar/tradable-securities?tradeDate=2026-09-16&query=AL30 [200 OK, 2.64kB, 114ms]
  ✓  Response is received
  ✓  Status code is 200
  ✓  Media-Type is correct
  ✓  Items array is present and not empty
  ✓  Each item has correct properties
  ✓  No duplicate tickers in items
  ✓  Links are unique for each tradable security
  ✓  TradingEvery has value 100 or 1000 for each item
  ✓  Security.type has value Bond for each item
  ┌
  │ '✔ TS_SELF: https://api.staging.mercap.com.ar/tradable
  │ -securities/6cfdf5ed-d8da-411a-8e86-b1bbeef54f45'
  │ '✔ TS_METRICS: https://api.staging.mercap.com.ar/trada
  │ ble-securities/6cfdf5ed-d8da-411a-8e86-b1bbeef54f45/me
  │ trics'
  └

↳ Get tradable securities using optional filters - only type
  ┌
  │ '▶ [undefined] Ejecutando con ticker: AL30'
  │ '📅 VALUATION_DATE seteado a: 2026-09-16'
  └
  GET https://api.staging.mercap.com.ar/tradable-securities?tradeDate=2026-09-16&type=Bond [200 OK, 13.19kB, 85ms]
  ✓  Response is received
  ✓  Status code is 200
  ✓  Media-Type is correct
  ✓  Items array is present and not empty
  ✓  Each item has correct properties
  ✓  No duplicate tickers in items
  ✓  Links are unique for each tradable security
  ✓  TradingEvery has value 100 or 1000 for each item
  ✓  Security.type has value Bond for each item
  ✓  Self link is present and has correct structure

↳ Get tradable securities using optional filters - only market
  ┌
  │ '▶ [undefined] Ejecutando con ticker: AL30'
  │ '📅 VALUATION_DATE seteado a: 2026-09-16'
  │ '🌍 Ubicación: Argentina | 📈 Market asignado: BYMA'
  └
  GET https://api.staging.mercap.com.ar/tradable-securities?tradeDate=2026-09-16&market=BYMA [200 OK, 13.1kB, 106ms]
  ✓  Response is received
  ✓  Status code is 200
  ✓  Media-Type is correct
  ✓  Items array is present and not empty
  ✓  Each item has correct properties
  ✓  No duplicate tickers in items
  ✓  Links are unique for each tradable security
  ✓  TradingEvery has value 100 or 1000 for each item
  ✓  Security.type has value Bond for each item
  ✓  Self link is present and has correct structure

↳ Get tradable security by UUID
  ┌
  │ '▶ [undefined] Ejecutando con ticker: AL30'
  └
  GET https://api.staging.mercap.com.ar/tradable-securities/6cfdf5ed-d8da-411a-8e86-b1bbeef54f45 [200 OK, 1.36kB, 84ms]
  ┌
  │ 'Response received successfully.'
  └
  ✓  Response is received
  ┌
  │ 'Status code is 200.'
  └
  ✓  Status code is 200
  ┌
  │ 'Content-Type header is correct.'
  └
  ✓  Media-Type is correct
  ┌
  │ 'Each item has the correct properties (Validated as si
  │ ngle object)'
  └
  ✓  Each item has correct properties
  ┌
  │ 'Type is Bond.'
  └
  ✓  Type is Bond
  ┌
  │ 'tradingEvery validated correctly.'
  └
  ✓  TradingEvery has value 100 or 1000 for each item
  ✓  Ticker on response is the expected

↳ Get tradable security metrics
  ┌
  │ '▶ [undefined] Ejecutando con ticker: AL30'
  └
  GET https://api.staging.mercap.com.ar/tradable-securities/6cfdf5ed-d8da-411a-8e86-b1bbeef54f45/metrics [200 OK, 2.42kB, 226ms]
  ✓  Response is received
  ✓  Status code is 200
  ✓  Media-Type is correct
  ✓  Response contains expected properties
  ✓  Numeric values are valid
  ✓  All dates are valid (YYYY-MM-DD)
  ✓  Last quote contains expected properties
  ✓  Last intraday quote contains expected properties
  ┌
  │ 'Verified every.amount is 100 for Argentina'
  └
  ✓  Every.amount logic is correct based on location
  ✓  Links are valid URLs
  ✓  Cost and ResidualAmount are valid objects
  ✓  Coupon yearly rate is valid
  ✓  Links match environment variables

↳ Get tradable securities using optional filters - ticker & tradeDate
  ┌
  │ '▶ [undefined] Ejecutando con ticker: AL30'
  └
  GET https://api.staging.mercap.com.ar/bonds?shortName=AL30 [200 OK, 5.85kB, 723ms]
  GET https://api.staging.mercap.com.ar/tradable-securities?security=https://api.staging.mercap.com.ar/bonds/ecfe885d-8163-4222-acb1-f7020cf05a4a&tradeDate=2026-09-16 [200 OK, 1.95kB, 3.2s]
  ✓  items es un array no vacío
  ✓  ticker es string no vacío
  ✓  quoteInformation existe y no esta vacio
  ✓  quotedType es valor permitido 
  ✓  quotedAmount es número positivo
  ✓  quoted es string no vacío
  ✓  currency es valor permitido (ARS, USD, BRL)
  ✓  settlementLocation es valor permitido (Local, Extranjero)
  ✓  links existe y es objeto
  ✓  links.self es URL válida con UUID
  ✓  links.metrics es URL válida terminada en /metrics
  ✓  links.self y links.metrics comparten el mismo UUID
  ✓  ticker es string no vacío
  ✓  quoteInformation existe y no esta vacio
  ✓  quotedType es valor permitido 
  ✓  quotedAmount es número positivo
  ✓  quoted es string no vacío
  ✓  currency es valor permitido (ARS, USD, BRL)
  ✓  settlementLocation es valor permitido (Local, Extranjero)
  ✓  links existe y es objeto
  ✓  links.self es URL válida con UUID
  ✓  links.metrics es URL válida terminada en /metrics
  ✓  links.self y links.metrics comparten el mismo UUID
  ✓  ticker es string no vacío
  ✓  quoteInformation existe y no esta vacio
  ✓  quotedType es valor permitido 
  ✓  quotedAmount es número positivo
  ✓  quoted es string no vacío
  ✓  currency es valor permitido (ARS, USD, BRL)
  ✓  settlementLocation es valor permitido (Local, Extranjero)
  ✓  links existe y es objeto
  ✓  links.self es URL válida con UUID
  ✓  links.metrics es URL válida terminada en /metrics
  ✓  links.self y links.metrics comparten el mismo UUID

❏ Pepper-GS32 / Regression-Test / Valuation Schemes
↳ Get all valuation schemes
  GET https://api.staging.mercap.com.ar/valuation-schemes [200 OK, 5.24kB, 114ms]
  ✓  Response is received
  ✓  Status code is 200
  ✓  Media-Type is correct
  ✓  Items array is present and not empty
  ✓  No duplicate names in items
  ✓  Links are unique for each item
  ✓  Self link matches expected URL
  ┌
  │ '✔ VALUATION_SCHEMES_UUID seteado: https://api.staging
  │ .mercap.com.ar/valuation-schemes/3082e254-40ce-4d06-b2
  │ df-58b5f14f97ef'
  │ '\n' +
  │   '▶ Testing Item 1 (Esquema Mercado Default Nuevo)'
  └
  ✓  Item 1 (Esquema Mercado Default Nuevo) contains expected properties
  ✓  Item 1 (Esquema Mercado Default Nuevo) 'name' is a non-empty string
  ✓  Item 1 (Esquema Mercado Default Nuevo) 'self' link is a valid URL
  GET https://api.staging.mercap.com.ar/valuation-schemes/3082e254-40ce-4d06-b2df-58b5f14f97ef [200 OK, 905B, 80ms]
  ✓  Item 1 (Esquema Mercado Default Nuevo) self link returns status 200
  ┌
  │ '\n▶ Testing Item 2 (Valuacion BYMA ARS)'
  └
  ✓  Item 2 (Valuacion BYMA ARS) contains expected properties
  ✓  Item 2 (Valuacion BYMA ARS) 'name' is a non-empty string
  ✓  Item 2 (Valuacion BYMA ARS) 'self' link is a valid URL
  GET https://api.staging.mercap.com.ar/valuation-schemes/f1552208-5cb2-40aa-9ebf-489a11678bf7 [200 OK, 902B, 110ms]
  ✓  Item 2 (Valuacion BYMA ARS) self link returns status 200
  ┌
  │ '\n' +
  │   '▶ Testing Item 3 (Valuacion BYMA USD Bolsa)'
  └
  ✓  Item 3 (Valuacion BYMA USD Bolsa) contains expected properties
  ✓  Item 3 (Valuacion BYMA USD Bolsa) 'name' is a non-empty string
  ✓  Item 3 (Valuacion BYMA USD Bolsa) 'self' link is a valid URL
  GET https://api.staging.mercap.com.ar/valuation-schemes/f9eec1df-b8de-4454-bae4-8a1ebf54bb11 [200 OK, 894B, 160ms]
  ✓  Item 3 (Valuacion BYMA USD Bolsa) self link returns status 200
  ┌
  │ '\n' +
  │   '▶ Testing Item 4 (Valuacion BYMA USD Cable)'
  └
  ✓  Item 4 (Valuacion BYMA USD Cable) contains expected properties
  ✓  Item 4 (Valuacion BYMA USD Cable) 'name' is a non-empty string
  ✓  Item 4 (Valuacion BYMA USD Cable) 'self' link is a valid URL
  GET https://api.staging.mercap.com.ar/valuation-schemes/5072d341-e66f-439b-b759-9140f80ccd8c [200 OK, 896B, 107ms]
  ✓  Item 4 (Valuacion BYMA USD Cable) self link returns status 200
  ┌
  │ '\n▶ Testing Item 5 (Valuación ISIN - CLP)'
  └
  ✓  Item 5 (Valuación ISIN - CLP) contains expected properties
  ✓  Item 5 (Valuación ISIN - CLP) 'name' is a non-empty string
  ✓  Item 5 (Valuación ISIN - CLP) 'self' link is a valid URL
  GET https://api.staging.mercap.com.ar/valuation-schemes/8baf19d7-b1be-4fbd-aef8-bc857f604e46 [200 OK, 891B, 63ms]
  ✓  Item 5 (Valuación ISIN - CLP) self link returns status 200
  ┌
  │ '\n▶ Testing Item 6 (Valuación ISIN - EUR)'
  └
  ✓  Item 6 (Valuación ISIN - EUR) contains expected properties
  ✓  Item 6 (Valuación ISIN - EUR) 'name' is a non-empty string
  ✓  Item 6 (Valuación ISIN - EUR) 'self' link is a valid URL
  GET https://api.staging.mercap.com.ar/valuation-schemes/b79d71ac-1319-42b9-a6a9-b58456e41699 [200 OK, 897B, 83ms]
  ✓  Item 6 (Valuación ISIN - EUR) self link returns status 200
  ┌
  │ '\n▶ Testing Item 7 (Valuación ISIN - GBP)'
  └
  ✓  Item 7 (Valuación ISIN - GBP) contains expected properties
  ✓  Item 7 (Valuación ISIN - GBP) 'name' is a non-empty string
  ✓  Item 7 (Valuación ISIN - GBP) 'self' link is a valid URL
  GET https://api.staging.mercap.com.ar/valuation-schemes/e56546cd-f85f-4ae4-9ddd-c37c08cf9c33 [200 OK, 893B, 105ms]
  ✓  Item 7 (Valuación ISIN - GBP) self link returns status 200
  ┌
  │ '\n▶ Testing Item 8 (Valuación ISIN - PYG)'
  └
  ✓  Item 8 (Valuación ISIN - PYG) contains expected properties
  ✓  Item 8 (Valuación ISIN - PYG) 'name' is a non-empty string
  ✓  Item 8 (Valuación ISIN - PYG) 'self' link is a valid URL
  GET https://api.staging.mercap.com.ar/valuation-schemes/989d7d2e-0e19-4147-8079-eb58f0992789 [200 OK, 901B, 62ms]
  ✓  Item 8 (Valuación ISIN - PYG) self link returns status 200
  ┌
  │ '\n▶ Testing Item 9 (Valuacion ISIN - USD)'
  └
  ✓  Item 9 (Valuacion ISIN - USD) contains expected properties
  ✓  Item 9 (Valuacion ISIN - USD) 'name' is a non-empty string
  ✓  Item 9 (Valuacion ISIN - USD) 'self' link is a valid URL
  GET https://api.staging.mercap.com.ar/valuation-schemes/d88805b9-4869-4672-a367-52d5a3e92dba [200 OK, 900B, 108ms]
  ✓  Item 9 (Valuacion ISIN - USD) self link returns status 200
  ┌
  │ '\n' +
  │   '▶ Testing Item 10 (Valuacion BYMA ARS + Instrumento
  │ s No Liquidos - USD MEP)'
  └
  ✓  Item 10 (Valuacion BYMA ARS + Instrumentos No Liquidos - USD MEP) contains expected properties
  ✓  Item 10 (Valuacion BYMA ARS + Instrumentos No Liquidos - USD MEP) 'name' is a non-empty string
  ✓  Item 10 (Valuacion BYMA ARS + Instrumentos No Liquidos - USD MEP) 'self' link is a valid URL
  GET https://api.staging.mercap.com.ar/valuation-schemes/0c023c86-2bba-4784-906e-ba295da322c0 [200 OK, 929B, 95ms]
  ✓  Item 10 (Valuacion BYMA ARS + Instrumentos No Liquidos - USD MEP) self link returns status 200
  ┌
  │ '\n' +
  │   '▶ Testing Item 11 (Valucion Tecnica Instrumentos No
  │  Liquidos)'
  └
  ✓  Item 11 (Valucion Tecnica Instrumentos No Liquidos) contains expected properties
  ✓  Item 11 (Valucion Tecnica Instrumentos No Liquidos) 'name' is a non-empty string
  ✓  Item 11 (Valucion Tecnica Instrumentos No Liquidos) 'self' link is a valid URL
  GET https://api.staging.mercap.com.ar/valuation-schemes/5e97d0ac-ff92-41b4-adc9-607e24798066 [200 OK, 919B, 68ms]
  ✓  Item 11 (Valucion Tecnica Instrumentos No Liquidos) self link returns status 200
  ┌
  │ '\n' +
  │   '▶ Testing Item 12 (Valuacion BYMA ARS + Instrumento
  │ s No Liquidos - USD Oficial)'
  └
  ✓  Item 12 (Valuacion BYMA ARS + Instrumentos No Liquidos - USD Oficial) contains expected properties
  ✓  Item 12 (Valuacion BYMA ARS + Instrumentos No Liquidos - USD Oficial) 'name' is a non-empty string
  ✓  Item 12 (Valuacion BYMA ARS + Instrumentos No Liquidos - USD Oficial) 'self' link is a valid URL
  GET https://api.staging.mercap.com.ar/valuation-schemes/5792abb7-7d88-4533-afeb-de2137b6e553 [200 OK, 935B, 91ms]
  ✓  Item 12 (Valuacion BYMA ARS + Instrumentos No Liquidos - USD Oficial) self link returns status 200
  ┌
  │ '\n▶ Testing Item 13 (Brasil)'
  └
  ✓  Item 13 (Brasil) contains expected properties
  ✓  Item 13 (Brasil) 'name' is a non-empty string
  ✓  Item 13 (Brasil) 'self' link is a valid URL
  GET https://api.staging.mercap.com.ar/valuation-schemes/defd88c7-32a9-4765-a945-41c0e7d74fd8 [200 OK, 888B, 103ms]
  ✓  Item 13 (Brasil) self link returns status 200
  ┌
  │ '\n' +
  │   '▶ Testing Item 14 (Valuacion BYMA ARS + Instrumento
  │ s No Liquidos - USD CCL)'
  └
  ✓  Item 14 (Valuacion BYMA ARS + Instrumentos No Liquidos - USD CCL) contains expected properties
  ✓  Item 14 (Valuacion BYMA ARS + Instrumentos No Liquidos - USD CCL) 'name' is a non-empty string
  ✓  Item 14 (Valuacion BYMA ARS + Instrumentos No Liquidos - USD CCL) 'self' link is a valid URL
  GET https://api.staging.mercap.com.ar/valuation-schemes/d6358214-68de-479c-bddb-edb7cf5a0bec [200 OK, 939B, 110ms]
  ✓  Item 14 (Valuacion BYMA ARS + Instrumentos No Liquidos - USD CCL) self link returns status 200
  ┌
  │ '\n' +
  │   '▶ Testing Item 15 (Valuacion Tecnica Bonos CER)'
  └
  ✓  Item 15 (Valuacion Tecnica Bonos CER) contains expected properties
  ✓  Item 15 (Valuacion Tecnica Bonos CER) 'name' is a non-empty string
  ✓  Item 15 (Valuacion Tecnica Bonos CER) 'self' link is a valid URL
  GET https://api.staging.mercap.com.ar/valuation-schemes/9093cb69-0fef-4e29-a53e-a597aef4f115 [200 OK, 899B, 64ms]
  ✓  Item 15 (Valuacion Tecnica Bonos CER) self link returns status 200
  ┌
  │ '\n' +
  │   '▶ Testing Item 16 ((AV) Valuacion BYMA ARS + Instru
  │ mentos No Liquidos VT - USD MEP)'
  └
  ✓  Item 16 ((AV) Valuacion BYMA ARS + Instrumentos No Liquidos VT - USD MEP) contains expected properties
  ✓  Item 16 ((AV) Valuacion BYMA ARS + Instrumentos No Liquidos VT - USD MEP) 'name' is a non-empty string
  ✓  Item 16 ((AV) Valuacion BYMA ARS + Instrumentos No Liquidos VT - USD MEP) 'self' link is a valid URL
  GET https://api.staging.mercap.com.ar/valuation-schemes/66b74cee-6431-4f80-a282-f536276d9516 [200 OK, 947B, 120ms]
  ✓  Item 16 ((AV) Valuacion BYMA ARS + Instrumentos No Liquidos VT - USD MEP) self link returns status 200
  ┌
  │ '\n' +
  │   '▶ Testing Item 17 ((AV) Valuacion BYMA ARS + Instru
  │ mentos No Liquidos VT - USD CCL)'
  └
  ✓  Item 17 ((AV) Valuacion BYMA ARS + Instrumentos No Liquidos VT - USD CCL) contains expected properties
  ✓  Item 17 ((AV) Valuacion BYMA ARS + Instrumentos No Liquidos VT - USD CCL) 'name' is a non-empty string
  ✓  Item 17 ((AV) Valuacion BYMA ARS + Instrumentos No Liquidos VT - USD CCL) 'self' link is a valid URL
  GET https://api.staging.mercap.com.ar/valuation-schemes/434fb1df-45ec-483b-b786-058f0cb829e3 [200 OK, 937B, 194ms]
  ✓  Item 17 ((AV) Valuacion BYMA ARS + Instrumentos No Liquidos VT - USD CCL) self link returns status 200
  ┌
  │ '\n' +
  │   '▶ Testing Item 18 ((AV) Valuacion BYMA ARS + Instru
  │ mentos No Liquidos VT - USD Oficial)'
  └
  ✓  Item 18 ((AV) Valuacion BYMA ARS + Instrumentos No Liquidos VT - USD Oficial) contains expected properties
  ✓  Item 18 ((AV) Valuacion BYMA ARS + Instrumentos No Liquidos VT - USD Oficial) 'name' is a non-empty string
  ✓  Item 18 ((AV) Valuacion BYMA ARS + Instrumentos No Liquidos VT - USD Oficial) 'self' link is a valid URL
  GET https://api.staging.mercap.com.ar/valuation-schemes/bfa1c297-5f18-404c-873c-eb6a952994a4 [200 OK, 943B, 59ms]
  ✓  Item 18 ((AV) Valuacion BYMA ARS + Instrumentos No Liquidos VT - USD Oficial) self link returns status 200
  ┌
  │ '\n' +
  │   '▶ Testing Item 19 (Valuacion BYMA USD + Instrumento
  │ s No Liquidos - USD MEP)'
  └
  ✓  Item 19 (Valuacion BYMA USD + Instrumentos No Liquidos - USD MEP) contains expected properties
  ✓  Item 19 (Valuacion BYMA USD + Instrumentos No Liquidos - USD MEP) 'name' is a non-empty string
  ✓  Item 19 (Valuacion BYMA USD + Instrumentos No Liquidos - USD MEP) 'self' link is a valid URL
  GET https://api.staging.mercap.com.ar/valuation-schemes/5c659860-3ecf-4574-9c64-cf6e08ede086 [200 OK, 929B, 80ms]
  ✓  Item 19 (Valuacion BYMA USD + Instrumentos No Liquidos - USD MEP) self link returns status 200
  ┌
  │ '\n' +
  │   '▶ Testing Item 20 (Valuacion BYMA USD + Instrumento
  │ s No Liquidos - USD Oficial)'
  └
  ✓  Item 20 (Valuacion BYMA USD + Instrumentos No Liquidos - USD Oficial) contains expected properties
  ✓  Item 20 (Valuacion BYMA USD + Instrumentos No Liquidos - USD Oficial) 'name' is a non-empty string
  ✓  Item 20 (Valuacion BYMA USD + Instrumentos No Liquidos - USD Oficial) 'self' link is a valid URL
  GET https://api.staging.mercap.com.ar/valuation-schemes/c45389ee-a34c-4c7b-a427-ef0d9d184297 [200 OK, 937B, 151ms]
  ✓  Item 20 (Valuacion BYMA USD + Instrumentos No Liquidos - USD Oficial) self link returns status 200
  ┌
  │ '\n' +
  │   '▶ Testing Item 21 (Valuacion BYMA USD + Instrumento
  │ s No Liquidos - USD CCL)'
  └
  ✓  Item 21 (Valuacion BYMA USD + Instrumentos No Liquidos - USD CCL) contains expected properties
  ✓  Item 21 (Valuacion BYMA USD + Instrumentos No Liquidos - USD CCL) 'name' is a non-empty string
  ✓  Item 21 (Valuacion BYMA USD + Instrumentos No Liquidos - USD CCL) 'self' link is a valid URL
  GET https://api.staging.mercap.com.ar/valuation-schemes/73f92601-22f0-4ced-bac1-dc149c5db36e [200 OK, 935B, 88ms]
  ✓  Item 21 (Valuacion BYMA USD + Instrumentos No Liquidos - USD CCL) self link returns status 200
  ┌
  │ '\n' +
  │   '▶ Testing Item 22 (Valuacion Tenica Bonos)'
  └
  ✓  Item 22 (Valuacion Tenica Bonos) contains expected properties
  ✓  Item 22 (Valuacion Tenica Bonos) 'name' is a non-empty string
  ✓  Item 22 (Valuacion Tenica Bonos) 'self' link is a valid URL
  GET https://api.staging.mercap.com.ar/valuation-schemes/161e4468-60b8-4f75-aae7-c9f4637a6258 [200 OK, 898B, 99ms]
  ✓  Item 22 (Valuacion Tenica Bonos) self link returns status 200
  ┌
  │ '\n▶ Testing Item 23 (Valuacion CBONDS)'
  └
  ✓  Item 23 (Valuacion CBONDS) contains expected properties
  ✓  Item 23 (Valuacion CBONDS) 'name' is a non-empty string
  ✓  Item 23 (Valuacion CBONDS) 'self' link is a valid URL
  GET https://api.staging.mercap.com.ar/valuation-schemes/cd9c07ec-a9ec-4469-a0b9-efd63f8c771c [200 OK, 898B, 115ms]
  ✓  Item 23 (Valuacion CBONDS) self link returns status 200
  ┌
  │ '\n' +
  │   '▶ Testing Item 24 ((LH) Valuacion BYMA ARS - USD BN
  │ A Compra)'
  └
  ✓  Item 24 ((LH) Valuacion BYMA ARS - USD BNA Compra) contains expected properties
  ✓  Item 24 ((LH) Valuacion BYMA ARS - USD BNA Compra) 'name' is a non-empty string
  ✓  Item 24 ((LH) Valuacion BYMA ARS - USD BNA Compra) 'self' link is a valid URL
  GET https://api.staging.mercap.com.ar/valuation-schemes/f4c7aca1-f8f3-4dfc-8189-f54414e038e2 [200 OK, 920B, 101ms]
  ✓  Item 24 ((LH) Valuacion BYMA ARS - USD BNA Compra) self link returns status 200
  ┌
  │ '\n' +
  │   '▶ Testing Item 25 ((LH) Valuacion BYMA ARS - USD ME
  │ P)'
  └
  ✓  Item 25 ((LH) Valuacion BYMA ARS - USD MEP) contains expected properties
  ✓  Item 25 ((LH) Valuacion BYMA ARS - USD MEP) 'name' is a non-empty string
  ✓  Item 25 ((LH) Valuacion BYMA ARS - USD MEP) 'self' link is a valid URL
  GET https://api.staging.mercap.com.ar/valuation-schemes/915dfd79-e2a9-44f1-a33f-b4b6a4276d20 [200 OK, 907B, 64ms]
  ✓  Item 25 ((LH) Valuacion BYMA ARS - USD MEP) self link returns status 200
  ┌
  │ '\n' +
  │   '▶ Testing Item 26 (Valuacion BYMA ARS + Instrumento
  │ s No Liquidos - USD BNA)'
  └
  ✓  Item 26 (Valuacion BYMA ARS + Instrumentos No Liquidos - USD BNA) contains expected properties
  ✓  Item 26 (Valuacion BYMA ARS + Instrumentos No Liquidos - USD BNA) 'name' is a non-empty string
  ✓  Item 26 (Valuacion BYMA ARS + Instrumentos No Liquidos - USD BNA) 'self' link is a valid URL
  GET https://api.staging.mercap.com.ar/valuation-schemes/54ab04bb-99f2-4cb6-b2b1-7926a9403be7 [200 OK, 937B, 96ms]
  ✓  Item 26 (Valuacion BYMA ARS + Instrumentos No Liquidos - USD BNA) self link returns status 200
  ┌
  │ '\n' +
  │   '▶ Testing Item 27 ((OL) Valuacion BYMA  ARS - USD B
  │ NA Venta)'
  └
  ✓  Item 27 ((OL) Valuacion BYMA  ARS - USD BNA Venta) contains expected properties
  ✓  Item 27 ((OL) Valuacion BYMA  ARS - USD BNA Venta) 'name' is a non-empty string
  ✓  Item 27 ((OL) Valuacion BYMA  ARS - USD BNA Venta) 'self' link is a valid URL
  GET https://api.staging.mercap.com.ar/valuation-schemes/add50e16-acf7-4e05-b6da-878bb2a2213e [200 OK, 920B, 85ms]
  ✓  Item 27 ((OL) Valuacion BYMA  ARS - USD BNA Venta) self link returns status 200
  ┌
  │ '\n' +
  │   '▶ Testing Item 28 ((OL) Valuacion BYMA USD - USD BN
  │ A Venta)'
  └
  ✓  Item 28 ((OL) Valuacion BYMA USD - USD BNA Venta) contains expected properties
  ✓  Item 28 ((OL) Valuacion BYMA USD - USD BNA Venta) 'name' is a non-empty string
  ✓  Item 28 ((OL) Valuacion BYMA USD - USD BNA Venta) 'self' link is a valid URL
  GET https://api.staging.mercap.com.ar/valuation-schemes/be635bcc-8f01-49df-971c-45b50fe8089c [200 OK, 913B, 138ms]
  ✓  Item 28 ((OL) Valuacion BYMA USD - USD BNA Venta) self link returns status 200
  ┌
  │ '✔ Finished testing valuation schemes'
  └

↳ Get valuation schemes by UUID
  GET https://api.staging.mercap.com.ar/valuation-schemes/3082e254-40ce-4d06-b2df-58b5f14f97ef [200 OK, 907B, 63ms]
  ✓  Response is received
  ✓  Status code is 200
  ✓  Media-Type is correct
  ┌
  │ 'Response has correct properties.'
  └
  ✓  Response has correct properties
  ┌
  │ 'Self link is correct:', 'https://api.staging.mercap.c
  │ om.ar/valuation-schemes/3082e254-40ce-4d06-b2df-58b5f1
  │ 4f97ef'
  └
  ✓  Self link is correct

❏ Pepper-GS32 / Regression-Test / Yield Curves
↳ Get all yield curves - validate each self link
  GET https://api.staging.mercap.com.ar/yield-curves [200 OK, 20.91kB, 316ms]
  ✓  Response is received
  ✓  Status code is 200
  ✓  Response contains 'items' array with at least one element
  ✓  No fields are null
  ┌
  │ '🔎 Testing Item 1 (Argentina - BCRA - BOPREALs - USD)
  │ '
  └
  ✓  Item 1 (Argentina - BCRA - BOPREALs - USD) contains expected properties
  ✓  Item 1 (Argentina - BCRA - BOPREALs - USD) 'name' is a non-empty string
  ✓  Item 1 (Argentina - BCRA - BOPREALs - USD) links contain valid URLs
  GET https://api.staging.mercap.com.ar/yield-curves/c7955d2f-7731-43c4-80ec-fd70662ec57f [200 OK, 1.24kB, 166ms]
  ✓  Item 1 (Argentina - BCRA - BOPREALs - USD) self link returns 200
  ┌
  │ '🔎 Testing Item 2 (Argentina - Corporativos - Aliment
  │ os - USD\t)'
  └
  ✓  Item 2 (Argentina - Corporativos - Alimentos - USD	) contains expected properties
  ✓  Item 2 (Argentina - Corporativos - Alimentos - USD	) 'name' is a non-empty string
  ✓  Item 2 (Argentina - Corporativos - Alimentos - USD	) links contain valid URLs
  GET https://api.staging.mercap.com.ar/yield-curves/fefe3e07-ef73-491d-836e-6295a611487e [200 OK, 1.25kB, 206ms]
  ✓  Item 2 (Argentina - Corporativos - Alimentos - USD	) self link returns 200
  ┌
  │ '🔎 Testing Item 3 (Argentina - Corporativos - Bancos 
  │ Comerciales - Tasa TAMAR\t)'
  └
  ✓  Item 3 (Argentina - Corporativos - Bancos Comerciales - Tasa TAMAR	) contains expected properties
  ✓  Item 3 (Argentina - Corporativos - Bancos Comerciales - Tasa TAMAR	) 'name' is a non-empty string
  ✓  Item 3 (Argentina - Corporativos - Bancos Comerciales - Tasa TAMAR	) links contain valid URLs
  GET https://api.staging.mercap.com.ar/yield-curves/b14671bb-771e-43be-a110-e22fa5f1181b [200 OK, 1.27kB, 191ms]
  ✓  Item 3 (Argentina - Corporativos - Bancos Comerciales - Tasa TAMAR	) self link returns 200
  ┌
  │ '🔎 Testing Item 4 (Argentina - Corporativos - Bancos 
  │ Comerciales - USD\t)'
  └
  ✓  Item 4 (Argentina - Corporativos - Bancos Comerciales - USD	) contains expected properties
  ✓  Item 4 (Argentina - Corporativos - Bancos Comerciales - USD	) 'name' is a non-empty string
  ✓  Item 4 (Argentina - Corporativos - Bancos Comerciales - USD	) links contain valid URLs
  GET https://api.staging.mercap.com.ar/yield-curves/3eb6de95-31e7-4e1f-9f72-e59a49e7a246 [200 OK, 1.26kB, 261ms]
  ✓  Item 4 (Argentina - Corporativos - Bancos Comerciales - USD	) self link returns 200
  ┌
  │ '🔎 Testing Item 5 (Argentina - Corporativos - Desarro
  │ llo y Admin. de Bienes Inmobiliarios - USD\t)'
  └
  ✓  Item 5 (Argentina - Corporativos - Desarrollo y Admin. de Bienes Inmobiliarios - USD	) contains expected properties
  ✓  Item 5 (Argentina - Corporativos - Desarrollo y Admin. de Bienes Inmobiliarios - USD	) 'name' is a non-empty string
  ✓  Item 5 (Argentina - Corporativos - Desarrollo y Admin. de Bienes Inmobiliarios - USD	) links contain valid URLs
  GET https://api.staging.mercap.com.ar/yield-curves/9c5949e1-fc58-4755-bbd1-149b880df9f3 [200 OK, 1.29kB, 142ms]
  ✓  Item 5 (Argentina - Corporativos - Desarrollo y Admin. de Bienes Inmobiliarios - USD	) self link returns 200
  ┌
  │ '🔎 Testing Item 6 (Argentina - Corporativos - Metales
  │  y Mineria - USD\t)'
  └
  ✓  Item 6 (Argentina - Corporativos - Metales y Mineria - USD	) contains expected properties
  ✓  Item 6 (Argentina - Corporativos - Metales y Mineria - USD	) 'name' is a non-empty string
  ✓  Item 6 (Argentina - Corporativos - Metales y Mineria - USD	) links contain valid URLs
  GET https://api.staging.mercap.com.ar/yield-curves/9a0416e2-c4b3-4010-9480-41100aa00612 [200 OK, 1.26kB, 181ms]
  ✓  Item 6 (Argentina - Corporativos - Metales y Mineria - USD	) self link returns 200
  ┌
  │ '🔎 Testing Item 7 (Argentina - Corporativos - ONs Dol
  │ lar Linked cero cupon - ARS)'
  └
  ✓  Item 7 (Argentina - Corporativos - ONs Dollar Linked cero cupon - ARS) contains expected properties
  ✓  Item 7 (Argentina - Corporativos - ONs Dollar Linked cero cupon - ARS) 'name' is a non-empty string
  ✓  Item 7 (Argentina - Corporativos - ONs Dollar Linked cero cupon - ARS) links contain valid URLs
  GET https://api.staging.mercap.com.ar/yield-curves/067f21ab-6ee5-480a-8983-eae81a9905f9 [200 OK, 1.26kB, 196ms]
  ✓  Item 7 (Argentina - Corporativos - ONs Dollar Linked cero cupon - ARS) self link returns 200
  ┌
  │ '🔎 Testing Item 8 (Argentina - Corporativos - ONs Dol
  │ lar Linked con cupones - ARS)'
  └
  ✓  Item 8 (Argentina - Corporativos - ONs Dollar Linked con cupones - ARS) contains expected properties
  ✓  Item 8 (Argentina - Corporativos - ONs Dollar Linked con cupones - ARS) 'name' is a non-empty string
  ✓  Item 8 (Argentina - Corporativos - ONs Dollar Linked con cupones - ARS) links contain valid URLs
  GET https://api.staging.mercap.com.ar/yield-curves/827b8d5e-06ae-43cb-ad7e-bfda0f85c1ba [200 OK, 1.27kB, 258ms]
  ✓  Item 8 (Argentina - Corporativos - ONs Dollar Linked con cupones - ARS) self link returns 200
  ┌
  │ '🔎 Testing Item 9 (Argentina - Corporativos - ONs en 
  │ UVA - ARS)'
  └
  ✓  Item 9 (Argentina - Corporativos - ONs en UVA - ARS) contains expected properties
  ✓  Item 9 (Argentina - Corporativos - ONs en UVA - ARS) 'name' is a non-empty string
  ✓  Item 9 (Argentina - Corporativos - ONs en UVA - ARS) links contain valid URLs
  GET https://api.staging.mercap.com.ar/yield-curves/c93100f0-4113-4e99-a8f4-26bb00a60562 [200 OK, 1.26kB, 140ms]
  ✓  Item 9 (Argentina - Corporativos - ONs en UVA - ARS) self link returns 200
  ┌
  │ '🔎 Testing Item 10 (Argentina - Corporativos - ONs Le
  │ y Argentina - USD en Argentina)'
  └
  ✓  Item 10 (Argentina - Corporativos - ONs Ley Argentina - USD en Argentina) contains expected properties
  ✓  Item 10 (Argentina - Corporativos - ONs Ley Argentina - USD en Argentina) 'name' is a non-empty string
  ✓  Item 10 (Argentina - Corporativos - ONs Ley Argentina - USD en Argentina) links contain valid URLs
  GET https://api.staging.mercap.com.ar/yield-curves/592b2907-1322-490b-88e9-b4b8f9eb3560 [200 OK, 1.27kB, 686ms]
  ✓  Item 10 (Argentina - Corporativos - ONs Ley Argentina - USD en Argentina) self link returns 200
  ┌
  │ '🔎 Testing Item 11 (Argentina - Corporativos - ONs Le
  │ y Argentina - USD en el Exterior)'
  └
  ✓  Item 11 (Argentina - Corporativos - ONs Ley Argentina - USD en el Exterior) contains expected properties
  ✓  Item 11 (Argentina - Corporativos - ONs Ley Argentina - USD en el Exterior) 'name' is a non-empty string
  ✓  Item 11 (Argentina - Corporativos - ONs Ley Argentina - USD en el Exterior) links contain valid URLs
  GET https://api.staging.mercap.com.ar/yield-curves/0817836d-c512-4b66-a048-0aa6346020f3 [200 OK, 1.28kB, 219ms]
  ✓  Item 11 (Argentina - Corporativos - ONs Ley Argentina - USD en el Exterior) self link returns 200
  ┌
  │ '🔎 Testing Item 12 (Argentina - Corporativos - ONs Le
  │ y Extranjera - USD)'
  └
  ✓  Item 12 (Argentina - Corporativos - ONs Ley Extranjera - USD) contains expected properties
  ✓  Item 12 (Argentina - Corporativos - ONs Ley Extranjera - USD) 'name' is a non-empty string
  ✓  Item 12 (Argentina - Corporativos - ONs Ley Extranjera - USD) links contain valid URLs
  GET https://api.staging.mercap.com.ar/yield-curves/45ef3a43-28cc-4878-9329-cbed2dacc258 [200 OK, 1.27kB, 297ms]
  ✓  Item 12 (Argentina - Corporativos - ONs Ley Extranjera - USD) self link returns 200
  ┌
  │ '🔎 Testing Item 13 (Argentina - Corporativos - ONs TA
  │ MAR - ARS)'
  └
  ✓  Item 13 (Argentina - Corporativos - ONs TAMAR - ARS) contains expected properties
  ✓  Item 13 (Argentina - Corporativos - ONs TAMAR - ARS) 'name' is a non-empty string
  ✓  Item 13 (Argentina - Corporativos - ONs TAMAR - ARS) links contain valid URLs
  GET https://api.staging.mercap.com.ar/yield-curves/d35422e9-f639-4ee8-8654-1d489e0af78e [200 OK, 1.25kB, 216ms]
  ✓  Item 13 (Argentina - Corporativos - ONs TAMAR - ARS) self link returns 200
  ┌
  │ '🔎 Testing Item 14 (Argentina - Corporativos - Petrol
  │ eo, Gas y Combustibles - USD\t)'
  └
  ✓  Item 14 (Argentina - Corporativos - Petroleo, Gas y Combustibles - USD	) contains expected properties
  ✓  Item 14 (Argentina - Corporativos - Petroleo, Gas y Combustibles - USD	) 'name' is a non-empty string
  ✓  Item 14 (Argentina - Corporativos - Petroleo, Gas y Combustibles - USD	) links contain valid URLs
  GET https://api.staging.mercap.com.ar/yield-curves/562ff5d6-a30e-4e18-a181-985dc783e842 [200 OK, 1.28kB, 312ms]
  ✓  Item 14 (Argentina - Corporativos - Petroleo, Gas y Combustibles - USD	) self link returns 200
  ┌
  │ '🔎 Testing Item 15 (Argentina - Corporativos - Produc
  │ tos Quimicos - USD\t)'
  └
  ✓  Item 15 (Argentina - Corporativos - Productos Quimicos - USD	) contains expected properties
  ✓  Item 15 (Argentina - Corporativos - Productos Quimicos - USD	) 'name' is a non-empty string
  ✓  Item 15 (Argentina - Corporativos - Productos Quimicos - USD	) links contain valid URLs
  GET https://api.staging.mercap.com.ar/yield-curves/a46c78e3-71d2-483b-ab4d-497c18be5378 [200 OK, 1.26kB, 162ms]
  ✓  Item 15 (Argentina - Corporativos - Productos Quimicos - USD	) self link returns 200
  ┌
  │ '🔎 Testing Item 16 (Argentina - Corporativos - Servic
  │ ios de Telecomunicaciones Diversos - USD\t)'
  └
  ✓  Item 16 (Argentina - Corporativos - Servicios de Telecomunicaciones Diversos - USD	) contains expected properties
  ✓  Item 16 (Argentina - Corporativos - Servicios de Telecomunicaciones Diversos - USD	) 'name' is a non-empty string
  ✓  Item 16 (Argentina - Corporativos - Servicios de Telecomunicaciones Diversos - USD	) links contain valid URLs
  GET https://api.staging.mercap.com.ar/yield-curves/65f4c86f-5f55-4a03-a3db-d223ec88acf1 [200 OK, 1.28kB, 192ms]
  ✓  Item 16 (Argentina - Corporativos - Servicios de Telecomunicaciones Diversos - USD	) self link returns 200
  ┌
  │ '🔎 Testing Item 17 (Argentina - Corporativos - Servic
  │ ios Financieros Personales - USD\t)'
  └
  ✓  Item 17 (Argentina - Corporativos - Servicios Financieros Personales - USD	) contains expected properties
  ✓  Item 17 (Argentina - Corporativos - Servicios Financieros Personales - USD	) 'name' is a non-empty string
  ✓  Item 17 (Argentina - Corporativos - Servicios Financieros Personales - USD	) links contain valid URLs
  GET https://api.staging.mercap.com.ar/yield-curves/89e1fa10-5fe8-4b2d-9e42-70767154759c [200 OK, 1.28kB, 199ms]
  ✓  Item 17 (Argentina - Corporativos - Servicios Financieros Personales - USD	) self link returns 200
  ┌
  │ '🔎 Testing Item 18 (Argentina - Corporativos - Sumini
  │ stro Electrico - USD\t)'
  └
  ✓  Item 18 (Argentina - Corporativos - Suministro Electrico - USD	) contains expected properties
  ✓  Item 18 (Argentina - Corporativos - Suministro Electrico - USD	) 'name' is a non-empty string
  ✓  Item 18 (Argentina - Corporativos - Suministro Electrico - USD	) links contain valid URLs
  GET https://api.staging.mercap.com.ar/yield-curves/590a70ce-0175-4679-8409-d8be1dce306d [200 OK, 1.27kB, 351ms]
  ✓  Item 18 (Argentina - Corporativos - Suministro Electrico - USD	) self link returns 200
  ┌
  │ '🔎 Testing Item 19 (Argentina - Corporativos - Transp
  │ ortes - USD\t)'
  └
  ✓  Item 19 (Argentina - Corporativos - Transportes - USD	) contains expected properties
  ✓  Item 19 (Argentina - Corporativos - Transportes - USD	) 'name' is a non-empty string
  ✓  Item 19 (Argentina - Corporativos - Transportes - USD	) links contain valid URLs
  GET https://api.staging.mercap.com.ar/yield-curves/0d88324d-d0bc-4c44-9ff9-fb406dbd880a [200 OK, 1.25kB, 142ms]
  ✓  Item 19 (Argentina - Corporativos - Transportes - USD	) self link returns 200
  ┌
  │ '🔎 Testing Item 20 (Argentina - Soberanos - Bonos del
  │  Tesoro Capitalizables BONCAP - ARS)'
  └
  ✓  Item 20 (Argentina - Soberanos - Bonos del Tesoro Capitalizables BONCAP - ARS) contains expected properties
  ✓  Item 20 (Argentina - Soberanos - Bonos del Tesoro Capitalizables BONCAP - ARS) 'name' is a non-empty string
  ✓  Item 20 (Argentina - Soberanos - Bonos del Tesoro Capitalizables BONCAP - ARS) links contain valid URLs
  GET https://api.staging.mercap.com.ar/yield-curves/7654381b-b94b-44dd-97d2-d6c846ef1046 [200 OK, 1.27kB, 193ms]
  ✓  Item 20 (Argentina - Soberanos - Bonos del Tesoro Capitalizables BONCAP - ARS) self link returns 200
  ┌
  │ '🔎 Testing Item 21 (Argentina - Soberanos - Dollar Li
  │ nked - USD)'
  └
  ✓  Item 21 (Argentina - Soberanos - Dollar Linked - USD) contains expected properties
  ✓  Item 21 (Argentina - Soberanos - Dollar Linked - USD) 'name' is a non-empty string
  ✓  Item 21 (Argentina - Soberanos - Dollar Linked - USD) links contain valid URLs
  GET https://api.staging.mercap.com.ar/yield-curves/f2488f82-4e37-4326-aec7-b7d268d58f3e [200 OK, 1.25kB, 197ms]
  ✓  Item 21 (Argentina - Soberanos - Dollar Linked - USD) self link returns 200
  ┌
  │ '🔎 Testing Item 22 (Argentina - Soberanos - Letras de
  │ l Tesoro (LECER) - ARS )'
  └
  ✓  Item 22 (Argentina - Soberanos - Letras del Tesoro (LECER) - ARS ) contains expected properties
  ✓  Item 22 (Argentina - Soberanos - Letras del Tesoro (LECER) - ARS ) 'name' is a non-empty string
  ✓  Item 22 (Argentina - Soberanos - Letras del Tesoro (LECER) - ARS ) links contain valid URLs
  GET https://api.staging.mercap.com.ar/yield-curves/583f592b-ff37-47ed-a796-698767d4114c [200 OK, 1.26kB, 92ms]
  ✓  Item 22 (Argentina - Soberanos - Letras del Tesoro (LECER) - ARS ) self link returns 200
  ┌
  │ '🔎 Testing Item 23 (Argentina - Soberanos - Letras de
  │ l Tesoro Capitalizables (LECAP) - ARS)'
  └
  ✓  Item 23 (Argentina - Soberanos - Letras del Tesoro Capitalizables (LECAP) - ARS) contains expected properties
  ✓  Item 23 (Argentina - Soberanos - Letras del Tesoro Capitalizables (LECAP) - ARS) 'name' is a non-empty string
  ✓  Item 23 (Argentina - Soberanos - Letras del Tesoro Capitalizables (LECAP) - ARS) links contain valid URLs
  GET https://api.staging.mercap.com.ar/yield-curves/dafe5d79-334c-4861-a28b-8ffeb595abad [200 OK, 1.28kB, 112ms]
  ✓  Item 23 (Argentina - Soberanos - Letras del Tesoro Capitalizables (LECAP) - ARS) self link returns 200
  ┌
  │ '🔎 Testing Item 24 (Argentina - Soberanos - Letras de
  │ l Tesoro vinculadas al u$s (LELINK) - ARS)'
  └
  ✓  Item 24 (Argentina - Soberanos - Letras del Tesoro vinculadas al u$s (LELINK) - ARS) contains expected properties
  ✓  Item 24 (Argentina - Soberanos - Letras del Tesoro vinculadas al u$s (LELINK) - ARS) 'name' is a non-empty string
  ✓  Item 24 (Argentina - Soberanos - Letras del Tesoro vinculadas al u$s (LELINK) - ARS) links contain valid URLs
  GET https://api.staging.mercap.com.ar/yield-curves/3edb7ca4-ff54-496b-bae0-4e1c367b07c6 [200 OK, 1.28kB, 192ms]
  ✓  Item 24 (Argentina - Soberanos - Letras del Tesoro vinculadas al u$s (LELINK) - ARS) self link returns 200
  ┌
  │ '🔎 Testing Item 25 (Argentina - Soberanos - Ley Argen
  │ tina - USD )'
  └
  ✓  Item 25 (Argentina - Soberanos - Ley Argentina - USD ) contains expected properties
  ✓  Item 25 (Argentina - Soberanos - Ley Argentina - USD ) 'name' is a non-empty string
  ✓  Item 25 (Argentina - Soberanos - Ley Argentina - USD ) links contain valid URLs
  GET https://api.staging.mercap.com.ar/yield-curves/1eb1c353-c294-4fee-a932-297f3b11448f [200 OK, 1.26kB, 204ms]
  ✓  Item 25 (Argentina - Soberanos - Ley Argentina - USD ) self link returns 200
  ┌
  │ '🔎 Testing Item 26 (Argentina - Soberanos - Ley Extra
  │ njera - USD)'
  └
  ✓  Item 26 (Argentina - Soberanos - Ley Extranjera - USD) contains expected properties
  ✓  Item 26 (Argentina - Soberanos - Ley Extranjera - USD) 'name' is a non-empty string
  ✓  Item 26 (Argentina - Soberanos - Ley Extranjera - USD) links contain valid URLs
  GET https://api.staging.mercap.com.ar/yield-curves/9d234b34-d635-4ace-bd37-a2a4f2e86faf [200 OK, 1.25kB, 192ms]
  ✓  Item 26 (Argentina - Soberanos - Ley Extranjera - USD) self link returns 200
  ┌
  │ '🔎 Testing Item 27 (Argentina - Soberanos - Tasa Fija
  │  + CER - ARS)'
  └
  ✓  Item 27 (Argentina - Soberanos - Tasa Fija + CER - ARS) contains expected properties
  ✓  Item 27 (Argentina - Soberanos - Tasa Fija + CER - ARS) 'name' is a non-empty string
  ✓  Item 27 (Argentina - Soberanos - Tasa Fija + CER - ARS) links contain valid URLs
  GET https://api.staging.mercap.com.ar/yield-curves/f9c0db3d-9190-4692-9c70-0d7b0eb9e9ee [200 OK, 1.25kB, 238ms]
  ✓  Item 27 (Argentina - Soberanos - Tasa Fija + CER - ARS) self link returns 200
  ┌
  │ '🔎 Testing Item 28 (Argentina - Soberanos - Tasa Fija
  │  - ARS)'
  └
  ✓  Item 28 (Argentina - Soberanos - Tasa Fija - ARS) contains expected properties
  ✓  Item 28 (Argentina - Soberanos - Tasa Fija - ARS) 'name' is a non-empty string
  ✓  Item 28 (Argentina - Soberanos - Tasa Fija - ARS) links contain valid URLs
  GET https://api.staging.mercap.com.ar/yield-curves/8e165b0c-69f7-4ddb-b346-a73b47aeef0e [200 OK, 1.26kB, 239ms]
  ✓  Item 28 (Argentina - Soberanos - Tasa Fija - ARS) self link returns 200
  ┌
  │ '🔎 Testing Item 29 (Argentina - Soberanos - Tasa Flot
  │ ante - ARS)'
  └
  ✓  Item 29 (Argentina - Soberanos - Tasa Flotante - ARS) contains expected properties
  ✓  Item 29 (Argentina - Soberanos - Tasa Flotante - ARS) 'name' is a non-empty string
  ✓  Item 29 (Argentina - Soberanos - Tasa Flotante - ARS) links contain valid URLs
  GET https://api.staging.mercap.com.ar/yield-curves/9bdc4ab6-b86b-43c0-bb1e-f78e4c11ca55 [200 OK, 1.26kB, 225ms]
  ✓  Item 29 (Argentina - Soberanos - Tasa Flotante - ARS) self link returns 200
  ┌
  │ '🔎 Testing Item 30 (Argentina - SubSoberanos - Tasa f
  │ ija + CER - ARS)'
  └
  ✓  Item 30 (Argentina - SubSoberanos - Tasa fija + CER - ARS) contains expected properties
  ✓  Item 30 (Argentina - SubSoberanos - Tasa fija + CER - ARS) 'name' is a non-empty string
  ✓  Item 30 (Argentina - SubSoberanos - Tasa fija + CER - ARS) links contain valid URLs
  GET https://api.staging.mercap.com.ar/yield-curves/74f305c2-b3bc-4f0c-b917-89ae597c3be1 [200 OK, 1.26kB, 181ms]
  ✓  Item 30 (Argentina - SubSoberanos - Tasa fija + CER - ARS) self link returns 200
  ┌
  │ '🔎 Testing Item 31 (Argentina - SubSoberanos - Tasa F
  │ ija - USD)'
  └
  ✓  Item 31 (Argentina - SubSoberanos - Tasa Fija - USD) contains expected properties
  ✓  Item 31 (Argentina - SubSoberanos - Tasa Fija - USD) 'name' is a non-empty string
  ✓  Item 31 (Argentina - SubSoberanos - Tasa Fija - USD) links contain valid URLs
  GET https://api.staging.mercap.com.ar/yield-curves/faba1cba-97a1-4f56-83c5-9ca4e9a5909c [200 OK, 1.26kB, 231ms]
  ✓  Item 31 (Argentina - SubSoberanos - Tasa Fija - USD) self link returns 200
  ┌
  │ '🔎 Testing Item 32 (Argentina - SubSoberanos - Tasa F
  │ lotante - ARS)'
  └
  ✓  Item 32 (Argentina - SubSoberanos - Tasa Flotante - ARS) contains expected properties
  ✓  Item 32 (Argentina - SubSoberanos - Tasa Flotante - ARS) 'name' is a non-empty string
  ✓  Item 32 (Argentina - SubSoberanos - Tasa Flotante - ARS) links contain valid URLs
  GET https://api.staging.mercap.com.ar/yield-curves/9193993e-4b18-4889-94e6-4cefc7485e4a [200 OK, 1.26kB, 189ms]
  ✓  Item 32 (Argentina - SubSoberanos - Tasa Flotante - ARS) self link returns 200
  ┌
  │ '🔎 Testing Item 33 (Brasil - Soberanos - Bonos Global
  │ es - USD)'
  └
  ✓  Item 33 (Brasil - Soberanos - Bonos Globales - USD) contains expected properties
  ✓  Item 33 (Brasil - Soberanos - Bonos Globales - USD) 'name' is a non-empty string
  ✓  Item 33 (Brasil - Soberanos - Bonos Globales - USD) links contain valid URLs
  GET https://api.staging.mercap.com.ar/yield-curves/8217e3c3-7a60-4dc5-a772-856732650b8a [200 OK, 1.26kB, 219ms]
  ✓  Item 33 (Brasil - Soberanos - Bonos Globales - USD) self link returns 200
  ┌
  │ '🔎 Testing Item 34 (Chile - Soberanos - Bonos Globale
  │ s - USD)'
  └
  ✓  Item 34 (Chile - Soberanos - Bonos Globales - USD) contains expected properties
  ✓  Item 34 (Chile - Soberanos - Bonos Globales - USD) 'name' is a non-empty string
  ✓  Item 34 (Chile - Soberanos - Bonos Globales - USD) links contain valid URLs
  GET https://api.staging.mercap.com.ar/yield-curves/577aa710-749c-412f-9cab-7f1ce6379673 [200 OK, 1.25kB, 186ms]
  ✓  Item 34 (Chile - Soberanos - Bonos Globales - USD) self link returns 200
  ┌
  │ '🔎 Testing Item 35 (Colombia - Soberanos - Bonos Glob
  │ ales - USD\t)'
  └
  ✓  Item 35 (Colombia - Soberanos - Bonos Globales - USD	) contains expected properties
  ✓  Item 35 (Colombia - Soberanos - Bonos Globales - USD	) 'name' is a non-empty string
  ✓  Item 35 (Colombia - Soberanos - Bonos Globales - USD	) links contain valid URLs
  GET https://api.staging.mercap.com.ar/yield-curves/8c2d9de4-5cb3-4f2f-85ad-9aee19f88a8e [200 OK, 1.25kB, 219ms]
  ✓  Item 35 (Colombia - Soberanos - Bonos Globales - USD	) self link returns 200
  ┌
  │ '🔎 Testing Item 36 (Estados Unidos - Soberanos - Trea
  │ sury Notes/Bonds - USD)'
  └
  ✓  Item 36 (Estados Unidos - Soberanos - Treasury Notes/Bonds - USD) contains expected properties
  ✓  Item 36 (Estados Unidos - Soberanos - Treasury Notes/Bonds - USD) 'name' is a non-empty string
  ✓  Item 36 (Estados Unidos - Soberanos - Treasury Notes/Bonds - USD) links contain valid URLs
  GET https://api.staging.mercap.com.ar/yield-curves/3e5993cf-64c5-4fa2-ba5b-9fae8bfcd6d5 [200 OK, 1.26kB, 151ms]
  ✓  Item 36 (Estados Unidos - Soberanos - Treasury Notes/Bonds - USD) self link returns 200
  ┌
  │ '🔎 Testing Item 37 (Mexico - Soberanos - Bonos Global
  │ es - USD)'
  └
  ✓  Item 37 (Mexico - Soberanos - Bonos Globales - USD) contains expected properties
  ✓  Item 37 (Mexico - Soberanos - Bonos Globales - USD) 'name' is a non-empty string
  ✓  Item 37 (Mexico - Soberanos - Bonos Globales - USD) links contain valid URLs
  GET https://api.staging.mercap.com.ar/yield-curves/86a282be-f60d-4cd6-be14-b1fd2871ba9b [200 OK, 1.25kB, 292ms]
  ✓  Item 37 (Mexico - Soberanos - Bonos Globales - USD) self link returns 200
  ┌
  │ '🔎 Testing Item 38 (Paraguay - Soberanos - Bonos Glob
  │ ales - USD)'
  └
  ✓  Item 38 (Paraguay - Soberanos - Bonos Globales - USD) contains expected properties
  ✓  Item 38 (Paraguay - Soberanos - Bonos Globales - USD) 'name' is a non-empty string
  ✓  Item 38 (Paraguay - Soberanos - Bonos Globales - USD) links contain valid URLs
  GET https://api.staging.mercap.com.ar/yield-curves/b0d8c01d-972c-4e1e-97e9-1edcaffb2b20 [200 OK, 1.26kB, 212ms]
  ✓  Item 38 (Paraguay - Soberanos - Bonos Globales - USD) self link returns 200

❏ Pepper-GS32 / Regression-Test / Bond Groups
↳ Get all bond groups
  GET https://api.staging.mercap.com.ar/bond-groups [200 OK, 4.67kB, 144ms]
  ✓  Response is received and status is 200
  ✓  Media-Type is correct
  ✓  Items array is present and not empty
  ✓  Self link matches expected URL
  ✓  [Group 1: Bonos Canje 2020 - Ley Argentina] structure and properties
  ✓  [Group 1: Bonos Canje 2020 - Ley Argentina] - Bond 1 (AL29) structure
  ✓  [Group 1: Bonos Canje 2020 - Ley Argentina] - Bond 2 (TX26) structure
  ✓  [Group 1: Bonos Canje 2020 - Ley Argentina] - Bond 3 (AL41) structure
  ✓  [Group 1: Bonos Canje 2020 - Ley Argentina] - Bond 4 (AE38) structure
  ✓  [Group 1: Bonos Canje 2020 - Ley Argentina] - Bond 5 (AL30) structure
  ✓  [Group 1: Bonos Canje 2020 - Ley Argentina] - Bond 6 (TX28) structure
  ✓  [Group 1: Bonos Canje 2020 - Ley Argentina] - Bond 7 (AL35) structure
  ┌
  │ '✔ Variable BOND_GROUPS actualizada:', 'https://api.st
  │ aging.mercap.com.ar/bond-groups/80de27c0-0ac0-4189-b4c
  │ f-e39757e1c6a6'
  └
  GET https://api.staging.mercap.com.ar/bond-groups/80de27c0-0ac0-4189-b4cf-e39757e1c6a6   GET https://api.staging.mercap.com.ar/bonds/af22aea0-cd76-44d2-bf1e-ee2a92b4793d   GET https://api.staging.mercap.com.ar/bonds/2525ae7e-d0da-4cb3-8835-57f153e872e2   GET https://api.staging.mercap.com.ar/bonds/89d139cc-c382-4848-91b5-861ea758ee0c   GET https://api.staging.mercap.com.ar/bonds/02d0b59c-a9ae-41df-8034-153706b8c0ee   GET https://api.staging.mercap.com.ar/bonds/ecfe885d-8163-4222-acb1-f7020cf05a4a   GET https://api.staging.mercap.com.ar/bonds/abc31ef9-f305-4c76-a6b8-8578174cf8dd   GET https://api.staging.mercap.com.ar/bonds/f9db6679-83f2-40bc-9e52-d9ebbb87cbf8 [200 OK, 7.89kB, 113ms]
  ✓  [Group 1: Bonos Canje 2020 - Ley Argentina] - Bond 7 (AL35) self link returns 200
[200 OK, 2.2kB, 185ms]
  ✓  [Group 1: Bonos Canje 2020 - Ley Argentina] self link returns 200
  ✓  [Group 2: Bonos Canje 2020 - Ley NY] structure and properties
  ✓  [Group 2: Bonos Canje 2020 - Ley NY] - Bond 1 (GE38) structure
  ✓  [Group 2: Bonos Canje 2020 - Ley NY] - Bond 2 (GE35) structure
  ✓  [Group 2: Bonos Canje 2020 - Ley NY] - Bond 3 (GD38) structure
  ✓  [Group 2: Bonos Canje 2020 - Ley NY] - Bond 4 (GE29) structure
  ✓  [Group 2: Bonos Canje 2020 - Ley NY] - Bond 5 (GE41) structure
  ✓  [Group 2: Bonos Canje 2020 - Ley NY] - Bond 6 (GD41) structure
  ✓  [Group 2: Bonos Canje 2020 - Ley NY] - Bond 7 (GD30) structure
  ✓  [Group 2: Bonos Canje 2020 - Ley NY] - Bond 8 (GD46) structure
  ✓  [Group 2: Bonos Canje 2020 - Ley NY] - Bond 9 (GE46) structure
  ✓  [Group 2: Bonos Canje 2020 - Ley NY] - Bond 10 (GD35) structure
  ✓  [Group 2: Bonos Canje 2020 - Ley NY] - Bond 11 (GE30) structure
  ✓  [Group 2: Bonos Canje 2020 - Ley NY] - Bond 12 (GD29) structure
  GET https://api.staging.mercap.com.ar/bond-groups/b008b23b-cf39-41ca-bce6-64bfe0ba258b   GET https://api.staging.mercap.com.ar/bonds/0adff71d-a978-43c8-9d66-c3062ee00a54   GET https://api.staging.mercap.com.ar/bonds/47517c75-1a97-47e2-b085-10b99c490edd   GET https://api.staging.mercap.com.ar/bonds/9a11f6b9-1cc3-4d89-b88d-c1accbdac6ee   GET https://api.staging.mercap.com.ar/bonds/8d8a220b-7054-4e29-aa69-d410231f8598   GET https://api.staging.mercap.com.ar/bonds/8e7d4748-f358-4a96-954c-70101f02816f   GET https://api.staging.mercap.com.ar/bonds/9a10266b-08cb-44d7-97f7-cc81a037aa90   GET https://api.staging.mercap.com.ar/bonds/a18d235c-06a3-4a05-a794-8d463a547dc3   GET https://api.staging.mercap.com.ar/bonds/1953200f-72bf-47dd-b440-07d198bd6a5a   GET https://api.staging.mercap.com.ar/bonds/d5ded37c-49e7-4d4c-895f-3e90cca74e29   GET https://api.staging.mercap.com.ar/bonds/914170da-9f70-42a0-9e3d-de4c1a87ca27   GET https://api.staging.mercap.com.ar/bonds/db5b8de7-a16f-4437-bfc3-5610776cbeb9   GET https://api.staging.mercap.com.ar/bonds/3d87aa62-0701-45fe-87ce-2b50ad378df9 [200 OK, 5.8kB, 323ms]
  ✓  [Group 1: Bonos Canje 2020 - Ley Argentina] - Bond 5 (AL30) self link returns 200
[200 OK, 6.09kB, 334ms]
  ✓  [Group 1: Bonos Canje 2020 - Ley Argentina] - Bond 2 (TX26) self link returns 200
[200 OK, 8.94kB, 389ms]
  ✓  [Group 1: Bonos Canje 2020 - Ley Argentina] - Bond 4 (AE38) self link returns 200
[200 OK, 5.35kB, 404ms]
  ✓  [Group 1: Bonos Canje 2020 - Ley Argentina] - Bond 1 (AL29) self link returns 200
[200 OK, 7.56kB, 528ms]
  ✓  [Group 1: Bonos Canje 2020 - Ley Argentina] - Bond 6 (TX28) self link returns 200
[200 OK, 10.53kB, 544ms]
  ✓  [Group 1: Bonos Canje 2020 - Ley Argentina] - Bond 3 (AL41) self link returns 200
[200 OK, 3.18kB, 250ms]
  ✓  [Group 2: Bonos Canje 2020 - Ley NY] self link returns 200
[200 OK, 7.89kB, 502ms]
  ✓  [Group 2: Bonos Canje 2020 - Ley NY] - Bond 10 (GD35) self link returns 200
[200 OK, 7.9kB, 513ms]
  ✓  [Group 2: Bonos Canje 2020 - Ley NY] - Bond 2 (GE35) self link returns 200
[200 OK, 8.94kB, 584ms]
  ✓  [Group 2: Bonos Canje 2020 - Ley NY] - Bond 3 (GD38) self link returns 200
[200 OK, 5.4kB, 604ms]
  ✓  [Group 2: Bonos Canje 2020 - Ley NY] - Bond 4 (GE29) self link returns 200
[200 OK, 10.53kB, 614ms]
  ✓  [Group 2: Bonos Canje 2020 - Ley NY] - Bond 6 (GD41) self link returns 200
[200 OK, 9.03kB, 626ms]
  ✓  [Group 2: Bonos Canje 2020 - Ley NY] - Bond 1 (GE38) self link returns 200
[200 OK, 12.72kB, 686ms]
  ✓  [Group 2: Bonos Canje 2020 - Ley NY] - Bond 9 (GE46) self link returns 200
[200 OK, 5.83kB, 696ms]
  ✓  [Group 2: Bonos Canje 2020 - Ley NY] - Bond 11 (GE30) self link returns 200
[200 OK, 5.35kB, 701ms]
  ✓  [Group 2: Bonos Canje 2020 - Ley NY] - Bond 12 (GD29) self link returns 200
[200 OK, 10.47kB, 733ms]
  ✓  [Group 2: Bonos Canje 2020 - Ley NY] - Bond 5 (GE41) self link returns 200
[200 OK, 5.82kB, 739ms]
  ✓  [Group 2: Bonos Canje 2020 - Ley NY] - Bond 7 (GD30) self link returns 200
[200 OK, 12.58kB, 770ms]
  ✓  [Group 2: Bonos Canje 2020 - Ley NY] - Bond 8 (GD46) self link returns 200

↳ Get bond groups by UUID
  GET https://api.staging.mercap.com.ar/bond-groups/80de27c0-0ac0-4189-b4cf-e39757e1c6a6 [200 OK, 2.19kB, 179ms]
  ┌
  │ 'Response received successfully.'
  └
  ✓  Response is received
  ┌
  │ 'Status code is 200.'
  └
  ✓  Status code is 200
  ┌
  │ 'Content-Type header is correct.'
  └
  ✓  Media-Type is correct
  ┌
  │ 'Bond group has the expected properties and name is Bo
  │ nos Canje 2020 - Ley Argentina.'
  └
  ✓  Bond group has correct properties and name is Bonos Canje 2020 - Ley Argentina
  ┌
  │ 'Each bond has the expected properties.'
  └
  ✓  Each bond has correct properties
  ┌
  │ 'All links are valid URLs.'
  └
  ✓  All links are valid URLs
  ┌
  │ 'Each bond name includes its shortName.'
  └
  ✓  Each bond has a consistent name and shortName
  ┌
  │ 'All expected bonds are present and have the expected 
  │ values.'
  └
  ✓  All expected bonds are present
  ┌
  │ 'The link for the bond group is correct.'
  └
  ✓  Link of bond group is correct

Iteration 3/5

❏ Pepper-GS32 / Regression-Test / Appraiser
↳ Appraise market value
  ┌
  │ '▶ [undefined] Ejecutando con ticker: AL30'
  └
  GET https://api.staging.mercap.com.ar/tradable-securities?query=AL30&tradeDate=2026-09-16 [200 OK, 2.63kB, 47ms]
  ┌
  │ '📌 BOND_INSTRUMENT_URL seteado'
  └
  GET https://api.staging.mercap.com.ar/exchange-schemes [200 OK, 4.41kB, 48ms]
  ┌
  │ '💱 EXCHANGE_SCHEME_URL seteado'
  └
  GET https://api.staging.mercap.com.ar/valuation-schemes [200 OK, 5.25kB, 144ms]
  ┌
  │ '📊 VALUATION_SCHEME_URL seteado'
  └
  POST https://api.staging.mercap.com.ar/appraiser [200 OK, 1.21kB, 3.8s]
  ┌
  │ 'Response received successfully.'
  └
  ✓  Response is received
  ┌
  │ 'Status code is 200.'
  └
  ✓  Status code is 200
  ┌
  │ 'Content-Type header is correct.'
  └
  ✓  Media-Type is correct
  ┌
  │ 'Result is a non-empty array.'
  └
  ✓  Result is a non-empty array
  ┌
  │ 'Each result object has the expected properties.'
  └
  ✓  Each result object has expected properties
  ┌
  │ 'Value amount is positive.'
  └
  ✓  Value amount is positive
  ┌
  │ 'Instrument URL is correct.'
  └
  ✓  Instrument URL is correct
  ┌
  │ 'Unit URL in every is correct.'
  └
  ✓  Unit URL in every is correct
  ┌
  │ 'Validation completed for amounts: 100 or 1000.'
  └
  ✓  Validate that 'amount' is either 100 or 1000
  ┌
  │ "Validate that 'type' is instrument quote."
  └
  ✓  Validate that 'type' is instrument quote

❏ Pepper-GS32 / Regression-Test / Bonds
↳ All bonds - deault parameters
  ┌
  │ '▶ [undefined] Ejecutando con ticker: AL30'
  └
  GET https://api.staging.mercap.com.ar/tradable-securities?query=AL30&tradeDate=2026-09-16 [200 OK, 2.64kB, 64ms]
  ┌
  │ '🔎 SHORT_NAME: AL30'
  └
  GET https://api.staging.mercap.com.ar/bonds [200 OK, 7.37kB, 57ms]
  ┌
  │ 'Response received successfully.'
  └
  ✓  Response is received
  ┌
  │ 'Status code is 200.'
  └
  ✓  Status code is 200
  ┌
  │ 'Content-Type header is correct.'
  └
  ✓  Media-Type is correct
  ┌
  │ "'items' array is present and not empty."
  └
  ✓  Response contains 'items' array with elements
  ┌
  │ 'Bond 0 validated successfully.'
  │ 'Bond 1 validated successfully.'
  │ 'Bond 2 validated successfully.'
  │ 'Bond 3 validated successfully.'
  │ 'Bond 4 validated successfully.'
  │ 'Bond 5 validated successfully.'
  │ 'Bond 6 validated successfully.'
  │ 'Bond 7 validated successfully.'
  │ 'Bond 8 validated successfully.'
  │ 'Bond 9 validated successfully.'
  └
  ✓  Each bond has required properties
  ┌
  │ 'Bond 0: shortName is valid: GYC5O'
  │ 'Bond 0: name is valid: \t360 ENERGY 2027 U$S 8.75% (G
  │ YC5O)'
  │ 'Bond 0: debtType is valid: Obligación Negociable'
  │ 'Bond 0: links object is present.'
  │ 'Bond 0: coupons link is valid: https://api.staging.me
  │ rcap.com.ar/bonds/9f8d6a98-199c-41e7-ad56-d70f08d78628
  │ /coupons'
  │ 'Bond 0: identifiers link is valid: https://api.stagin
  │ g.mercap.com.ar/bonds/9f8d6a98-199c-41e7-ad56-d70f08d7
  │ 8628/identifiers'
  │ 'Bond 0: self link is valid: https://api.staging.merca
  │ p.com.ar/bonds/9f8d6a98-199c-41e7-ad56-d70f08d78628'
  │ 'Bond 0: issueConditions link is valid: https://api.st
  │ aging.mercap.com.ar/bonds/9f8d6a98-199c-41e7-ad56-d70f
  │ 08d78628/issue-conditions'
  │ 'Bond 0: paymentSummary link is valid: https://api.sta
  │ ging.mercap.com.ar/bonds/9f8d6a98-199c-41e7-ad56-d70f0
  │ 8d78628/payment-summary'
  │ 'Bond 1: shortName is valid: BVCPO'
  │ 'Bond 1: name is valid: \tBST 2026 U$S 8 % (BVCPO)'
  │ 'Bond 1: debtType is valid: Obligación Negociable'
  │ 'Bond 1: links object is present.'
  │ 'Bond 1: coupons link is valid: https://api.staging.me
  │ rcap.com.ar/bonds/5b5084c6-16b3-49f8-9bed-ee122ebeef11
  │ /coupons'
  │ 'Bond 1: identifiers link is valid: https://api.stagin
  │ g.mercap.com.ar/bonds/5b5084c6-16b3-49f8-9bed-ee122ebe
  │ ef11/identifiers'
  │ 'Bond 1: self link is valid: https://api.staging.merca
  │ p.com.ar/bonds/5b5084c6-16b3-49f8-9bed-ee122ebeef11'
  │ 'Bond 1: issueConditions link is valid: https://api.st
  │ aging.mercap.com.ar/bonds/5b5084c6-16b3-49f8-9bed-ee12
  │ 2ebeef11/issue-conditions'
  │ 'Bond 1: paymentSummary link is valid: https://api.sta
  │ ging.mercap.com.ar/bonds/5b5084c6-16b3-49f8-9bed-ee122
  │ ebeef11/payment-summary'
  │ 'Bond 2: shortName is valid: MR40O'
  │ 'Bond 2: name is valid: \tGEMSA 2031 u$s 11% (MR40O)'
  │ 'Bond 2: debtType is valid: Obligación Negociable'
  │ 'Bond 2: links object is present.'
  │ 'Bond 2: coupons link is valid: https://api.staging.me
  │ rcap.com.ar/bonds/aca1c2b2-0dda-4235-9f91-f61b2710a955
  │ /coupons'
  │ 'Bond 2: identifiers link is valid: https://api.stagin
  │ g.mercap.com.ar/bonds/aca1c2b2-0dda-4235-9f91-f61b2710
  │ a955/identifiers'
  │ 'Bond 2: self link is valid: https://api.staging.merca
  │ p.com.ar/bonds/aca1c2b2-0dda-4235-9f91-f61b2710a955'
  │ 'Bond 2: issueConditions link is valid: https://api.st
  │ aging.mercap.com.ar/bonds/aca1c2b2-0dda-4235-9f91-f61b
  │ 2710a955/issue-conditions'
  │ 'Bond 2: paymentSummary link is valid: https://api.sta
  │ ging.mercap.com.ar/bonds/aca1c2b2-0dda-4235-9f91-f61b2
  │ 710a955/payment-summary'
  │ 'Bond 3: shortName is valid: RES2P'
  │ 'Bond 3: name is valid: \tRECARD S.A 2028 $ Badlar+800
  │ bp (RES2P)'
  │ 'Bond 3: debtType is valid: Obligación Negociable'
  │ 'Bond 3: links object is present.'
  │ 'Bond 3: coupons link is valid: https://api.staging.me
  │ rcap.com.ar/bonds/467a0102-75f2-4b59-aa66-5d182e6c1d58
  │ /coupons'
  │ 'Bond 3: identifiers link is valid: https://api.stagin
  │ g.mercap.com.ar/bonds/467a0102-75f2-4b59-aa66-5d182e6c
  │ 1d58/identifiers'
  │ 'Bond 3: self link is valid: https://api.staging.merca
  │ p.com.ar/bonds/467a0102-75f2-4b59-aa66-5d182e6c1d58'
  │ 'Bond 3: issueConditions link is valid: https://api.st
  │ aging.mercap.com.ar/bonds/467a0102-75f2-4b59-aa66-5d18
  │ 2e6c1d58/issue-conditions'
  │ 'Bond 3: paymentSummary link is valid: https://api.sta
  │ ging.mercap.com.ar/bonds/467a0102-75f2-4b59-aa66-5d182
  │ e6c1d58/payment-summary'
  │ 'Bond 4: shortName is valid: TTCBO'
  │ 'Bond 4: name is valid: \tTecpetrol 2027 u$s 6.5% (TTC
  │ BO)'
  │ 'Bond 4: debtType is valid: Obligación Negociable'
  │ 'Bond 4: links object is present.'
  │ 'Bond 4: coupons link is valid: https://api.staging.me
  │ rcap.com.ar/bonds/ca619c61-beaf-4160-9bcc-b9df0e0e7938
  │ /coupons'
  │ 'Bond 4: identifiers link is valid: https://api.stagin
  │ g.mercap.com.ar/bonds/ca619c61-beaf-4160-9bcc-b9df0e0e
  │ 7938/identifiers'
  │ 'Bond 4: self link is valid: https://api.staging.merca
  │ p.com.ar/bonds/ca619c61-beaf-4160-9bcc-b9df0e0e7938'
  │ 'Bond 4: issueConditions link is valid: https://api.st
  │ aging.mercap.com.ar/bonds/ca619c61-beaf-4160-9bcc-b9df
  │ 0e0e7938/issue-conditions'
  │ 'Bond 4: paymentSummary link is valid: https://api.sta
  │ ging.mercap.com.ar/bonds/ca619c61-beaf-4160-9bcc-b9df0
  │ e0e7938/payment-summary'
  │ 'Bond 5: shortName is valid: GYC4O'
  │ 'Bond 5: name is valid: 360 ENERGY 2027 U$S 8% (GYC4O)
  │ '
  │ 'Bond 5: debtType is valid: Obligación Negociable'
  │ 'Bond 5: links object is present.'
  │ 'Bond 5: coupons link is valid: https://api.staging.me
  │ rcap.com.ar/bonds/935718fe-3140-424e-817d-3ba64bbc60a6
  │ /coupons'
  │ 'Bond 5: identifiers link is valid: https://api.stagin
  │ g.mercap.com.ar/bonds/935718fe-3140-424e-817d-3ba64bbc
  │ 60a6/identifiers'
  │ 'Bond 5: self link is valid: https://api.staging.merca
  │ p.com.ar/bonds/935718fe-3140-424e-817d-3ba64bbc60a6'
  │ 'Bond 5: issueConditions link is valid: https://api.st
  │ aging.mercap.com.ar/bonds/935718fe-3140-424e-817d-3ba6
  │ 4bbc60a6/issue-conditions'
  │ 'Bond 5: paymentSummary link is valid: https://api.sta
  │ ging.mercap.com.ar/bonds/935718fe-3140-424e-817d-3ba64
  │ bbc60a6/payment-summary'
  │ 'Bond 6: shortName is valid: GYC3O'
  │ 'Bond 6: name is valid: 360 Energy 2032 u$s-linked 5% 
  │ (GYC3O)'
  │ 'Bond 6: debtType is valid: Obligación Negociable'
  │ 'Bond 6: links object is present.'
  │ 'Bond 6: coupons link is valid: https://api.staging.me
  │ rcap.com.ar/bonds/c205e424-1203-475f-b83b-127bfcd77dc6
  │ /coupons'
  │ 'Bond 6: identifiers link is valid: https://api.stagin
  │ g.mercap.com.ar/bonds/c205e424-1203-475f-b83b-127bfcd7
  │ 7dc6/identifiers'
  │ 'Bond 6: self link is valid: https://api.staging.merca
  │ p.com.ar/bonds/c205e424-1203-475f-b83b-127bfcd77dc6'
  │ 'Bond 6: issueConditions link is valid: https://api.st
  │ aging.mercap.com.ar/bonds/c205e424-1203-475f-b83b-127b
  │ fcd77dc6/issue-conditions'
  │ 'Bond 6: paymentSummary link is valid: https://api.sta
  │ ging.mercap.com.ar/bonds/c205e424-1203-475f-b83b-127bf
  │ cd77dc6/payment-summary'
  │ 'Bond 7: shortName is valid: DDS1P'
  │ 'Bond 7: name is valid: 3D Latinoamerica 2027 TAMAR + 
  │ 800bp (DDS1P)'
  │ 'Bond 7: debtType is valid: Obligación Negociable'
  │ 'Bond 7: links object is present.'
  │ 'Bond 7: coupons link is valid: https://api.staging.me
  │ rcap.com.ar/bonds/098d7637-6d3f-46b9-a08b-601da300a433
  │ /coupons'
  │ 'Bond 7: identifiers link is valid: https://api.stagin
  │ g.mercap.com.ar/bonds/098d7637-6d3f-46b9-a08b-601da300
  │ a433/identifiers'
  │ 'Bond 7: self link is valid: https://api.staging.merca
  │ p.com.ar/bonds/098d7637-6d3f-46b9-a08b-601da300a433'
  │ 'Bond 7: issueConditions link is valid: https://api.st
  │ aging.mercap.com.ar/bonds/098d7637-6d3f-46b9-a08b-601d
  │ a300a433/issue-conditions'
  │ 'Bond 7: paymentSummary link is valid: https://api.sta
  │ ging.mercap.com.ar/bonds/098d7637-6d3f-46b9-a08b-601da
  │ 300a433/payment-summary'
  │ 'Bond 8: shortName is valid: ADCO27'
  │ 'Bond 8: name is valid: ADECOAGRO 2027 U$S 6% (ADCO27)
  │ '
  │ 'Bond 8: debtType is valid: Obligación Negociable'
  │ 'Bond 8: links object is present.'
  │ 'Bond 8: coupons link is valid: https://api.staging.me
  │ rcap.com.ar/bonds/b8e763aa-8edc-4117-8f39-953f55c26f8e
  │ /coupons'
  │ 'Bond 8: identifiers link is valid: https://api.stagin
  │ g.mercap.com.ar/bonds/b8e763aa-8edc-4117-8f39-953f55c2
  │ 6f8e/identifiers'
  │ 'Bond 8: self link is valid: https://api.staging.merca
  │ p.com.ar/bonds/b8e763aa-8edc-4117-8f39-953f55c26f8e'
  │ 'Bond 8: issueConditions link is valid: https://api.st
  │ aging.mercap.com.ar/bonds/b8e763aa-8edc-4117-8f39-953f
  │ 55c26f8e/issue-conditions'
  │ 'Bond 8: paymentSummary link is valid: https://api.sta
  │ ging.mercap.com.ar/bonds/b8e763aa-8edc-4117-8f39-953f5
  │ 5c26f8e/payment-summary'
  │ 'Bond 9: shortName is valid: AERAO'
  │ 'Bond 9: name is valid: AEROPUERTOS ARG. 2027 U$S 6.87
  │ 5% (AERAO)'
  │ 'Bond 9: debtType is valid: Obligación Negociable'
  │ 'Bond 9: links object is present.'
  │ 'Bond 9: coupons link is valid: https://api.staging.me
  │ rcap.com.ar/bonds/72b1e530-dd47-49e2-91f2-8f3602054bc3
  │ /coupons'
  │ 'Bond 9: identifiers link is valid: https://api.stagin
  │ g.mercap.com.ar/bonds/72b1e530-dd47-49e2-91f2-8f360205
  │ 4bc3/identifiers'
  │ 'Bond 9: self link is valid: https://api.staging.merca
  │ p.com.ar/bonds/72b1e530-dd47-49e2-91f2-8f3602054bc3'
  │ 'Bond 9: issueConditions link is valid: https://api.st
  │ aging.mercap.com.ar/bonds/72b1e530-dd47-49e2-91f2-8f36
  │ 02054bc3/issue-conditions'
  │ 'Bond 9: paymentSummary link is valid: https://api.sta
  │ ging.mercap.com.ar/bonds/72b1e530-dd47-49e2-91f2-8f360
  │ 2054bc3/payment-summary'
  └
  ✓  Each bond property has the correct format
  ┌
  │ "Link 'coupons' in bond 0 is valid:", 'https://api.sta
  │ ging.mercap.com.ar/bonds/9f8d6a98-199c-41e7-ad56-d70f0
  │ 8d78628/coupons'
  │ "Link 'identifiers' in bond 0 is valid:", 'https://api
  │ .staging.mercap.com.ar/bonds/9f8d6a98-199c-41e7-ad56-d
  │ 70f08d78628/identifiers'
  │ "Link 'self' in bond 0 is valid:", 'https://api.stagin
  │ g.mercap.com.ar/bonds/9f8d6a98-199c-41e7-ad56-d70f08d7
  │ 8628'
  │ "Link 'issueConditions' in bond 0 is valid:", 'https:/
  │ /api.staging.mercap.com.ar/bonds/9f8d6a98-199c-41e7-ad
  │ 56-d70f08d78628/issue-conditions'
  │ "Link 'paymentSummary' in bond 0 is valid:", 'https://
  │ api.staging.mercap.com.ar/bonds/9f8d6a98-199c-41e7-ad5
  │ 6-d70f08d78628/payment-summary'
  │ "Link 'coupons' in bond 1 is valid:", 'https://api.sta
  │ ging.mercap.com.ar/bonds/5b5084c6-16b3-49f8-9bed-ee122
  │ ebeef11/coupons'
  │ "Link 'identifiers' in bond 1 is valid:", 'https://api
  │ .staging.mercap.com.ar/bonds/5b5084c6-16b3-49f8-9bed-e
  │ e122ebeef11/identifiers'
  │ "Link 'self' in bond 1 is valid:", 'https://api.stagin
  │ g.mercap.com.ar/bonds/5b5084c6-16b3-49f8-9bed-ee122ebe
  │ ef11'
  │ "Link 'issueConditions' in bond 1 is valid:", 'https:/
  │ /api.staging.mercap.com.ar/bonds/5b5084c6-16b3-49f8-9b
  │ ed-ee122ebeef11/issue-conditions'
  │ "Link 'paymentSummary' in bond 1 is valid:", 'https://
  │ api.staging.mercap.com.ar/bonds/5b5084c6-16b3-49f8-9be
  │ d-ee122ebeef11/payment-summary'
  │ "Link 'coupons' in bond 2 is valid:", 'https://api.sta
  │ ging.mercap.com.ar/bonds/aca1c2b2-0dda-4235-9f91-f61b2
  │ 710a955/coupons'
  │ "Link 'identifiers' in bond 2 is valid:", 'https://api
  │ .staging.mercap.com.ar/bonds/aca1c2b2-0dda-4235-9f91-f
  │ 61b2710a955/identifiers'
  │ "Link 'self' in bond 2 is valid:", 'https://api.stagin
  │ g.mercap.com.ar/bonds/aca1c2b2-0dda-4235-9f91-f61b2710
  │ a955'
  │ "Link 'issueConditions' in bond 2 is valid:", 'https:/
  │ /api.staging.mercap.com.ar/bonds/aca1c2b2-0dda-4235-9f
  │ 91-f61b2710a955/issue-conditions'
  │ "Link 'paymentSummary' in bond 2 is valid:", 'https://
  │ api.staging.mercap.com.ar/bonds/aca1c2b2-0dda-4235-9f9
  │ 1-f61b2710a955/payment-summary'
  │ "Link 'coupons' in bond 3 is valid:", 'https://api.sta
  │ ging.mercap.com.ar/bonds/467a0102-75f2-4b59-aa66-5d182
  │ e6c1d58/coupons'
  │ "Link 'identifiers' in bond 3 is valid:", 'https://api
  │ .staging.mercap.com.ar/bonds/467a0102-75f2-4b59-aa66-5
  │ d182e6c1d58/identifiers'
  │ "Link 'self' in bond 3 is valid:", 'https://api.stagin
  │ g.mercap.com.ar/bonds/467a0102-75f2-4b59-aa66-5d182e6c
  │ 1d58'
  │ "Link 'issueConditions' in bond 3 is valid:", 'https:/
  │ /api.staging.mercap.com.ar/bonds/467a0102-75f2-4b59-aa
  │ 66-5d182e6c1d58/issue-conditions'
  │ "Link 'paymentSummary' in bond 3 is valid:", 'https://
  │ api.staging.mercap.com.ar/bonds/467a0102-75f2-4b59-aa6
  │ 6-5d182e6c1d58/payment-summary'
  │ "Link 'coupons' in bond 4 is valid:", 'https://api.sta
  │ ging.mercap.com.ar/bonds/ca619c61-beaf-4160-9bcc-b9df0
  │ e0e7938/coupons'
  │ "Link 'identifiers' in bond 4 is valid:", 'https://api
  │ .staging.mercap.com.ar/bonds/ca619c61-beaf-4160-9bcc-b
  │ 9df0e0e7938/identifiers'
  │ "Link 'self' in bond 4 is valid:", 'https://api.stagin
  │ g.mercap.com.ar/bonds/ca619c61-beaf-4160-9bcc-b9df0e0e
  │ 7938'
  │ "Link 'issueConditions' in bond 4 is valid:", 'https:/
  │ /api.staging.mercap.com.ar/bonds/ca619c61-beaf-4160-9b
  │ cc-b9df0e0e7938/issue-conditions'
  │ "Link 'paymentSummary' in bond 4 is valid:", 'https://
  │ api.staging.mercap.com.ar/bonds/ca619c61-beaf-4160-9bc
  │ c-b9df0e0e7938/payment-summary'
  │ "Link 'coupons' in bond 5 is valid:", 'https://api.sta
  │ ging.mercap.com.ar/bonds/935718fe-3140-424e-817d-3ba64
  │ bbc60a6/coupons'
  │ "Link 'identifiers' in bond 5 is valid:", 'https://api
  │ .staging.mercap.com.ar/bonds/935718fe-3140-424e-817d-3
  │ ba64bbc60a6/identifiers'
  │ "Link 'self' in bond 5 is valid:", 'https://api.stagin
  │ g.mercap.com.ar/bonds/935718fe-3140-424e-817d-3ba64bbc
  │ 60a6'
  │ "Link 'issueConditions' in bond 5 is valid:", 'https:/
  │ /api.staging.mercap.com.ar/bonds/935718fe-3140-424e-81
  │ 7d-3ba64bbc60a6/issue-conditions'
  │ "Link 'paymentSummary' in bond 5 is valid:", 'https://
  │ api.staging.mercap.com.ar/bonds/935718fe-3140-424e-817
  │ d-3ba64bbc60a6/payment-summary'
  │ "Link 'coupons' in bond 6 is valid:", 'https://api.sta
  │ ging.mercap.com.ar/bonds/c205e424-1203-475f-b83b-127bf
  │ cd77dc6/coupons'
  │ "Link 'identifiers' in bond 6 is valid:", 'https://api
  │ .staging.mercap.com.ar/bonds/c205e424-1203-475f-b83b-1
  │ 27bfcd77dc6/identifiers'
  │ "Link 'self' in bond 6 is valid:", 'https://api.stagin
  │ g.mercap.com.ar/bonds/c205e424-1203-475f-b83b-127bfcd7
  │ 7dc6'
  │ "Link 'issueConditions' in bond 6 is valid:", 'https:/
  │ /api.staging.mercap.com.ar/bonds/c205e424-1203-475f-b8
  │ 3b-127bfcd77dc6/issue-conditions'
  │ "Link 'paymentSummary' in bond 6 is valid:", 'https://
  │ api.staging.mercap.com.ar/bonds/c205e424-1203-475f-b83
  │ b-127bfcd77dc6/payment-summary'
  │ "Link 'coupons' in bond 7 is valid:", 'https://api.sta
  │ ging.mercap.com.ar/bonds/098d7637-6d3f-46b9-a08b-601da
  │ 300a433/coupons'
  │ "Link 'identifiers' in bond 7 is valid:", 'https://api
  │ .staging.mercap.com.ar/bonds/098d7637-6d3f-46b9-a08b-6
  │ 01da300a433/identifiers'
  │ "Link 'self' in bond 7 is valid:", 'https://api.stagin
  │ g.mercap.com.ar/bonds/098d7637-6d3f-46b9-a08b-601da300
  │ a433'
  │ "Link 'issueConditions' in bond 7 is valid:", 'https:/
  │ /api.staging.mercap.com.ar/bonds/098d7637-6d3f-46b9-a0
  │ 8b-601da300a433/issue-conditions'
  │ "Link 'paymentSummary' in bond 7 is valid:", 'https://
  │ api.staging.mercap.com.ar/bonds/098d7637-6d3f-46b9-a08
  │ b-601da300a433/payment-summary'
  │ "Link 'coupons' in bond 8 is valid:", 'https://api.sta
  │ ging.mercap.com.ar/bonds/b8e763aa-8edc-4117-8f39-953f5
  │ 5c26f8e/coupons'
  │ "Link 'identifiers' in bond 8 is valid:", 'https://api
  │ .staging.mercap.com.ar/bonds/b8e763aa-8edc-4117-8f39-9
  │ 53f55c26f8e/identifiers'
  │ "Link 'self' in bond 8 is valid:", 'https://api.stagin
  │ g.mercap.com.ar/bonds/b8e763aa-8edc-4117-8f39-953f55c2
  │ 6f8e'
  │ "Link 'issueConditions' in bond 8 is valid:", 'https:/
  │ /api.staging.mercap.com.ar/bonds/b8e763aa-8edc-4117-8f
  │ 39-953f55c26f8e/issue-conditions'
  │ "Link 'paymentSummary' in bond 8 is valid:", 'https://
  │ api.staging.mercap.com.ar/bonds/b8e763aa-8edc-4117-8f3
  │ 9-953f55c26f8e/payment-summary'
  │ "Link 'coupons' in bond 9 is valid:", 'https://api.sta
  │ ging.mercap.com.ar/bonds/72b1e530-dd47-49e2-91f2-8f360
  │ 2054bc3/coupons'
  │ "Link 'identifiers' in bond 9 is valid:", 'https://api
  │ .staging.mercap.com.ar/bonds/72b1e530-dd47-49e2-91f2-8
  │ f3602054bc3/identifiers'
  │ "Link 'self' in bond 9 is valid:", 'https://api.stagin
  │ g.mercap.com.ar/bonds/72b1e530-dd47-49e2-91f2-8f360205
  │ 4bc3'
  │ "Link 'issueConditions' in bond 9 is valid:", 'https:/
  │ /api.staging.mercap.com.ar/bonds/72b1e530-dd47-49e2-91
  │ f2-8f3602054bc3/issue-conditions'
  │ "Link 'paymentSummary' in bond 9 is valid:", 'https://
  │ api.staging.mercap.com.ar/bonds/72b1e530-dd47-49e2-91f
  │ 2-8f3602054bc3/payment-summary'
  └
  ✓  Links are valid URLs
  ┌
  │ "Global link 'next' is valid: https://api.staging.merc
  │ ap.com.ar/bonds?limit=10&start=11"
  │ "Global link 'self' is valid: https://api.staging.merc
  │ ap.com.ar/bonds"
  │ "Global link 'last' is valid: https://api.staging.merc
  │ ap.com.ar/bonds?limit=10&start=1091"
  └
  ✓  Global links are valid URLs
  ┌
  │ "No 'query' parameter provided in request."
  └
  ✓  Results match the query parameter
  ┌
  │ "No 'shortName' parameter provided in request."
  └
  ✓  Results match the shortName parameter
  ┌
  │ 'Results respect the limit parameter (max 10 items).'
  └
  ✓  Results respect the limit parameter
  ┌
  │ 'Validated that the first bond in response starts at i
  │ ndex 1.'
  └
  ✓  Start parameter skips the correct number of bonds
  ┌
  │ 'Response code is not 406, no validation necessary.'
  └
  ✓  Error 406 response structure
  ┌
  │ 'Limit is not 0, skipping error validation.'
  └
  ✓  Limit parameter is 0, response should be 400

↳ All bonds - deault parameters - bond+json
  ┌
  │ '▶ [undefined] Ejecutando con ticker: AL30'
  └
  GET https://api.staging.mercap.com.ar/tradable-securities?query=AL30&tradeDate=2026-09-16 [200 OK, 2.64kB, 44ms]
  ┌
  │ '🔎 SHORT_NAME: AL30'
  └
  GET https://api.staging.mercap.com.ar/bonds [200 OK, 44.09kB, 721ms]
  ┌
  │ 'Response received successfully.'
  └
  ✓  Response is received
  ┌
  │ 'Status code is 200.'
  └
  ✓  Status code is 200
  ┌
  │ 'Content-Type header is correct.'
  └
  ✓  Media-Type is correct
  ┌
  │ "'items' array is present and not empty."
  └
  ✓  Response contains 'items' array with elements
  ┌
  │ 'Bond 0 validated successfully.'
  │ 'Bond 1 validated successfully.'
  │ 'Bond 2 validated successfully.'
  │ 'Bond 3 validated successfully.'
  │ 'Bond 4 validated successfully.'
  │ 'Bond 5 validated successfully.'
  │ 'Bond 6 validated successfully.'
  │ 'Bond 7 validated successfully.'
  │ 'Bond 8 validated successfully.'
  │ 'Bond 9 validated successfully.'
  └
  ✓  Each bond has required properties
  ┌
  │ 'Bond 0: shortName is valid: GYC5O'
  │ 'Bond 0: name is valid: \t360 ENERGY 2027 U$S 8.75% (G
  │ YC5O)'
  │ 'Bond 0: debtType is valid: https://api.staging.mercap
  │ .com.ar/debt-types/a6af5129-7f88-46ce-879b-bfb0a4ee8a7
  │ b'
  │ 'Bond 0: links object is present.'
  │ 'Bond 0: self link is valid: https://api.staging.merca
  │ p.com.ar/bonds/9f8d6a98-199c-41e7-ad56-d70f08d78628'
  │ 'Bond 1: shortName is valid: BVCPO'
  │ 'Bond 1: name is valid: \tBST 2026 U$S 8 % (BVCPO)'
  │ 'Bond 1: debtType is valid: https://api.staging.mercap
  │ .com.ar/debt-types/a6af5129-7f88-46ce-879b-bfb0a4ee8a7
  │ b'
  │ 'Bond 1: links object is present.'
  │ 'Bond 1: self link is valid: https://api.staging.merca
  │ p.com.ar/bonds/5b5084c6-16b3-49f8-9bed-ee122ebeef11'
  │ 'Bond 2: shortName is valid: MR40O'
  │ 'Bond 2: name is valid: \tGEMSA 2031 u$s 11% (MR40O)'
  │ 'Bond 2: debtType is valid: https://api.staging.mercap
  │ .com.ar/debt-types/a6af5129-7f88-46ce-879b-bfb0a4ee8a7
  │ b'
  │ 'Bond 2: links object is present.'
  │ 'Bond 2: self link is valid: https://api.staging.merca
  │ p.com.ar/bonds/aca1c2b2-0dda-4235-9f91-f61b2710a955'
  │ 'Bond 3: shortName is valid: RES2P'
  │ 'Bond 3: name is valid: \tRECARD S.A 2028 $ Badlar+800
  │ bp (RES2P)'
  │ 'Bond 3: debtType is valid: https://api.staging.mercap
  │ .com.ar/debt-types/a6af5129-7f88-46ce-879b-bfb0a4ee8a7
  │ b'
  │ 'Bond 3: links object is present.'
  │ 'Bond 3: self link is valid: https://api.staging.merca
  │ p.com.ar/bonds/467a0102-75f2-4b59-aa66-5d182e6c1d58'
  │ 'Bond 4: shortName is valid: TTCBO'
  │ 'Bond 4: name is valid: \tTecpetrol 2027 u$s 6.5% (TTC
  │ BO)'
  │ 'Bond 4: debtType is valid: https://api.staging.mercap
  │ .com.ar/debt-types/a6af5129-7f88-46ce-879b-bfb0a4ee8a7
  │ b'
  │ 'Bond 4: links object is present.'
  │ 'Bond 4: self link is valid: https://api.staging.merca
  │ p.com.ar/bonds/ca619c61-beaf-4160-9bcc-b9df0e0e7938'
  │ 'Bond 5: shortName is valid: GYC4O'
  │ 'Bond 5: name is valid: 360 ENERGY 2027 U$S 8% (GYC4O)
  │ '
  │ 'Bond 5: debtType is valid: https://api.staging.mercap
  │ .com.ar/debt-types/a6af5129-7f88-46ce-879b-bfb0a4ee8a7
  │ b'
  │ 'Bond 5: links object is present.'
  │ 'Bond 5: self link is valid: https://api.staging.merca
  │ p.com.ar/bonds/935718fe-3140-424e-817d-3ba64bbc60a6'
  │ 'Bond 6: shortName is valid: GYC3O'
  │ 'Bond 6: name is valid: 360 Energy 2032 u$s-linked 5% 
  │ (GYC3O)'
  │ 'Bond 6: debtType is valid: https://api.staging.mercap
  │ .com.ar/debt-types/a6af5129-7f88-46ce-879b-bfb0a4ee8a7
  │ b'
  │ 'Bond 6: links object is present.'
  │ 'Bond 6: self link is valid: https://api.staging.merca
  │ p.com.ar/bonds/c205e424-1203-475f-b83b-127bfcd77dc6'
  │ 'Bond 7: shortName is valid: DDS1P'
  │ 'Bond 7: name is valid: 3D Latinoamerica 2027 TAMAR + 
  │ 800bp (DDS1P)'
  │ 'Bond 7: debtType is valid: https://api.staging.mercap
  │ .com.ar/debt-types/a6af5129-7f88-46ce-879b-bfb0a4ee8a7
  │ b'
  │ 'Bond 7: links object is present.'
  │ 'Bond 7: self link is valid: https://api.staging.merca
  │ p.com.ar/bonds/098d7637-6d3f-46b9-a08b-601da300a433'
  │ 'Bond 8: shortName is valid: ADCO27'
  │ 'Bond 8: name is valid: ADECOAGRO 2027 U$S 6% (ADCO27)
  │ '
  │ 'Bond 8: debtType is valid: https://api.staging.mercap
  │ .com.ar/debt-types/a6af5129-7f88-46ce-879b-bfb0a4ee8a7
  │ b'
  │ 'Bond 8: links object is present.'
  │ 'Bond 8: self link is valid: https://api.staging.merca
  │ p.com.ar/bonds/b8e763aa-8edc-4117-8f39-953f55c26f8e'
  │ 'Bond 9: shortName is valid: AERAO'
  │ 'Bond 9: name is valid: AEROPUERTOS ARG. 2027 U$S 6.87
  │ 5% (AERAO)'
  │ 'Bond 9: debtType is valid: https://api.staging.mercap
  │ .com.ar/debt-types/a6af5129-7f88-46ce-879b-bfb0a4ee8a7
  │ b'
  │ 'Bond 9: links object is present.'
  │ 'Bond 9: self link is valid: https://api.staging.merca
  │ p.com.ar/bonds/72b1e530-dd47-49e2-91f2-8f3602054bc3'
  └
  ✓  Each bond property has the correct format
  ┌
  │ "Link 'self' in bond 0 is valid:", 'https://api.stagin
  │ g.mercap.com.ar/bonds/9f8d6a98-199c-41e7-ad56-d70f08d7
  │ 8628'
  │ "Link 'self' in bond 1 is valid:", 'https://api.stagin
  │ g.mercap.com.ar/bonds/5b5084c6-16b3-49f8-9bed-ee122ebe
  │ ef11'
  │ "Link 'self' in bond 2 is valid:", 'https://api.stagin
  │ g.mercap.com.ar/bonds/aca1c2b2-0dda-4235-9f91-f61b2710
  │ a955'
  │ "Link 'self' in bond 3 is valid:", 'https://api.stagin
  │ g.mercap.com.ar/bonds/467a0102-75f2-4b59-aa66-5d182e6c
  │ 1d58'
  │ "Link 'self' in bond 4 is valid:", 'https://api.stagin
  │ g.mercap.com.ar/bonds/ca619c61-beaf-4160-9bcc-b9df0e0e
  │ 7938'
  │ "Link 'self' in bond 5 is valid:", 'https://api.stagin
  │ g.mercap.com.ar/bonds/935718fe-3140-424e-817d-3ba64bbc
  │ 60a6'
  │ "Link 'self' in bond 6 is valid:", 'https://api.stagin
  │ g.mercap.com.ar/bonds/c205e424-1203-475f-b83b-127bfcd7
  │ 7dc6'
  │ "Link 'self' in bond 7 is valid:", 'https://api.stagin
  │ g.mercap.com.ar/bonds/098d7637-6d3f-46b9-a08b-601da300
  │ a433'
  │ "Link 'self' in bond 8 is valid:", 'https://api.stagin
  │ g.mercap.com.ar/bonds/b8e763aa-8edc-4117-8f39-953f55c2
  │ 6f8e'
  │ "Link 'self' in bond 9 is valid:", 'https://api.stagin
  │ g.mercap.com.ar/bonds/72b1e530-dd47-49e2-91f2-8f360205
  │ 4bc3'
  └
  ✓  Links are valid URLs
  ┌
  │ "Global link 'next' is valid: https://api.staging.merc
  │ ap.com.ar/bonds?limit=10&start=11"
  │ "Global link 'self' is valid: https://api.staging.merc
  │ ap.com.ar/bonds"
  │ "Global link 'last' is valid: https://api.staging.merc
  │ ap.com.ar/bonds?limit=10&start=1091"
  └
  ✓  Global links are valid URLs
  ┌
  │ "No 'query' parameter provided in request."
  └
  ✓  Results match the query parameter
  ┌
  │ "No 'shortName' parameter provided in request."
  └
  ✓  Results match the shortName parameter
  ┌
  │ 'Results respect the limit parameter (max 10 items).'
  └
  ✓  Results respect the limit parameter
  ┌
  │ 'Validated that the first bond in response starts at i
  │ ndex 1.'
  └
  ✓  Start parameter skips the correct number of bonds
  ┌
  │ 'Response code is not 406, no validation necessary.'
  └
  ✓  Error 406 response structure
  ┌
  │ 'Limit is not 0, skipping error validation.'
  └
  ✓  Limit parameter is 0, response should be 400
  ✓  cashflowUnits: estructura válida por variante

↳ All bonds - for issuer
  ┌
  │ '▶ [undefined] Ejecutando con ticker: AL30'
  └
  GET https://api.staging.mercap.com.ar/tradable-securities?query=AL30&tradeDate=2026-09-16 [200 OK, 2.63kB, 57ms]
  ┌
  │ '🔎 SHORT_NAME: AL30'
  └
  GET https://api.staging.mercap.com.ar/instrument-issuers [200 OK, 135.59kB, 1508ms]
  ┌
  │ 'https://api.staging.mercap.com.ar/instrument-issuers/
  │ 89874250-34f0-4358-a261-c13ce5bac46a'
  └
  GET https://api.staging.mercap.com.ar/bonds?issuer=https://api.staging.mercap.com.ar/instrument-issuers/89874250-34f0-4358-a261-c13ce5bac46a [200 OK, 3.3kB, 227ms]
  ┌
  │ 'Status code is 200.'
  └
  ✓  Status code is 200
  ┌
  │ 'Content-Type header is correct.'
  └
  ✓  Media-Type is correct
  ┌
  │ "'items' array is present and not empty."
  └
  ✓  Response contains 'items' array with elements
  ┌
  │ 'Bond 0 validated successfully.'
  │ 'Bond 1 validated successfully.'
  │ 'Bond 2 validated successfully.'
  │ 'Bond 3 validated successfully.'
  └
  ✓  Each bond has required properties
  ┌
  │ 'Bond 0: shortName is valid: US10YT'
  │ 'Bond 0: name is valid: U.S. 10 years 3,875% (US10YT)'
  │ 'Bond 0: debtType is valid: Título Público'
  │ 'Bond 0: links object is present.'
  │ 'Bond 0: coupons link is valid: https://api.staging.me
  │ rcap.com.ar/bonds/65214f51-5808-414b-a656-5eb993b318cf
  │ /coupons'
  │ 'Bond 0: identifiers link is valid: https://api.stagin
  │ g.mercap.com.ar/bonds/65214f51-5808-414b-a656-5eb993b3
  │ 18cf/identifiers'
  │ 'Bond 0: self link is valid: https://api.staging.merca
  │ p.com.ar/bonds/65214f51-5808-414b-a656-5eb993b318cf'
  │ 'Bond 0: issueConditions link is valid: https://api.st
  │ aging.mercap.com.ar/bonds/65214f51-5808-414b-a656-5eb9
  │ 93b318cf/issue-conditions'
  │ 'Bond 0: paymentSummary link is valid: https://api.sta
  │ ging.mercap.com.ar/bonds/65214f51-5808-414b-a656-5eb99
  │ 3b318cf/payment-summary'
  │ 'Bond 1: shortName is valid: US20YT'
  │ 'Bond 1: name is valid: U.S. 20 years 4,375% (US20YT)'
  │ 'Bond 1: debtType is valid: Título Público'
  │ 'Bond 1: links object is present.'
  │ 'Bond 1: coupons link is valid: https://api.staging.me
  │ rcap.com.ar/bonds/4c375038-3be1-462c-b6b0-a435cc6949a6
  │ /coupons'
  │ 'Bond 1: identifiers link is valid: https://api.stagin
  │ g.mercap.com.ar/bonds/4c375038-3be1-462c-b6b0-a435cc69
  │ 49a6/identifiers'
  │ 'Bond 1: self link is valid: https://api.staging.merca
  │ p.com.ar/bonds/4c375038-3be1-462c-b6b0-a435cc6949a6'
  │ 'Bond 1: issueConditions link is valid: https://api.st
  │ aging.mercap.com.ar/bonds/4c375038-3be1-462c-b6b0-a435
  │ cc6949a6/issue-conditions'
  │ 'Bond 1: paymentSummary link is valid: https://api.sta
  │ ging.mercap.com.ar/bonds/4c375038-3be1-462c-b6b0-a435c
  │ c6949a6/payment-summary'
  │ 'Bond 2: shortName is valid: US30YT'
  │ 'Bond 2: name is valid: U.S. 30 years 4,125% (US30YT)'
  │ 'Bond 2: debtType is valid: Título Público'
  │ 'Bond 2: links object is present.'
  │ 'Bond 2: coupons link is valid: https://api.staging.me
  │ rcap.com.ar/bonds/9249de31-2b61-433d-b1fb-5237d5ada837
  │ /coupons'
  │ 'Bond 2: identifiers link is valid: https://api.stagin
  │ g.mercap.com.ar/bonds/9249de31-2b61-433d-b1fb-5237d5ad
  │ a837/identifiers'
  │ 'Bond 2: self link is valid: https://api.staging.merca
  │ p.com.ar/bonds/9249de31-2b61-433d-b1fb-5237d5ada837'
  │ 'Bond 2: issueConditions link is valid: https://api.st
  │ aging.mercap.com.ar/bonds/9249de31-2b61-433d-b1fb-5237
  │ d5ada837/issue-conditions'
  │ 'Bond 2: paymentSummary link is valid: https://api.sta
  │ ging.mercap.com.ar/bonds/9249de31-2b61-433d-b1fb-5237d
  │ 5ada837/payment-summary'
  │ 'Bond 3: shortName is valid: US5YT'
  │ 'Bond 3: name is valid: U.S. 5 years 4,375% (US5YT)'
  │ 'Bond 3: debtType is valid: Título Público'
  │ 'Bond 3: links object is present.'
  │ 'Bond 3: coupons link is valid: https://api.staging.me
  │ rcap.com.ar/bonds/2169000a-980d-4935-a5ae-babf3d5a0420
  │ /coupons'
  │ 'Bond 3: identifiers link is valid: https://api.stagin
  │ g.mercap.com.ar/bonds/2169000a-980d-4935-a5ae-babf3d5a
  │ 0420/identifiers'
  │ 'Bond 3: self link is valid: https://api.staging.merca
  │ p.com.ar/bonds/2169000a-980d-4935-a5ae-babf3d5a0420'
  │ 'Bond 3: issueConditions link is valid: https://api.st
  │ aging.mercap.com.ar/bonds/2169000a-980d-4935-a5ae-babf
  │ 3d5a0420/issue-conditions'
  │ 'Bond 3: paymentSummary link is valid: https://api.sta
  │ ging.mercap.com.ar/bonds/2169000a-980d-4935-a5ae-babf3
  │ d5a0420/payment-summary'
  └
  ✓  Each bond property has the correct format
  ┌
  │ "Link 'coupons' in bond 0 is valid:", 'https://api.sta
  │ ging.mercap.com.ar/bonds/65214f51-5808-414b-a656-5eb99
  │ 3b318cf/coupons'
  │ "Link 'identifiers' in bond 0 is valid:", 'https://api
  │ .staging.mercap.com.ar/bonds/65214f51-5808-414b-a656-5
  │ eb993b318cf/identifiers'
  │ "Link 'self' in bond 0 is valid:", 'https://api.stagin
  │ g.mercap.com.ar/bonds/65214f51-5808-414b-a656-5eb993b3
  │ 18cf'
  │ "Link 'issueConditions' in bond 0 is valid:", 'https:/
  │ /api.staging.mercap.com.ar/bonds/65214f51-5808-414b-a6
  │ 56-5eb993b318cf/issue-conditions'
  │ "Link 'paymentSummary' in bond 0 is valid:", 'https://
  │ api.staging.mercap.com.ar/bonds/65214f51-5808-414b-a65
  │ 6-5eb993b318cf/payment-summary'
  │ "Link 'coupons' in bond 1 is valid:", 'https://api.sta
  │ ging.mercap.com.ar/bonds/4c375038-3be1-462c-b6b0-a435c
  │ c6949a6/coupons'
  │ "Link 'identifiers' in bond 1 is valid:", 'https://api
  │ .staging.mercap.com.ar/bonds/4c375038-3be1-462c-b6b0-a
  │ 435cc6949a6/identifiers'
  │ "Link 'self' in bond 1 is valid:", 'https://api.stagin
  │ g.mercap.com.ar/bonds/4c375038-3be1-462c-b6b0-a435cc69
  │ 49a6'
  │ "Link 'issueConditions' in bond 1 is valid:", 'https:/
  │ /api.staging.mercap.com.ar/bonds/4c375038-3be1-462c-b6
  │ b0-a435cc6949a6/issue-conditions'
  │ "Link 'paymentSummary' in bond 1 is valid:", 'https://
  │ api.staging.mercap.com.ar/bonds/4c375038-3be1-462c-b6b
  │ 0-a435cc6949a6/payment-summary'
  │ "Link 'coupons' in bond 2 is valid:", 'https://api.sta
  │ ging.mercap.com.ar/bonds/9249de31-2b61-433d-b1fb-5237d
  │ 5ada837/coupons'
  │ "Link 'identifiers' in bond 2 is valid:", 'https://api
  │ .staging.mercap.com.ar/bonds/9249de31-2b61-433d-b1fb-5
  │ 237d5ada837/identifiers'
  │ "Link 'self' in bond 2 is valid:", 'https://api.stagin
  │ g.mercap.com.ar/bonds/9249de31-2b61-433d-b1fb-5237d5ad
  │ a837'
  │ "Link 'issueConditions' in bond 2 is valid:", 'https:/
  │ /api.staging.mercap.com.ar/bonds/9249de31-2b61-433d-b1
  │ fb-5237d5ada837/issue-conditions'
  │ "Link 'paymentSummary' in bond 2 is valid:", 'https://
  │ api.staging.mercap.com.ar/bonds/9249de31-2b61-433d-b1f
  │ b-5237d5ada837/payment-summary'
  │ "Link 'coupons' in bond 3 is valid:", 'https://api.sta
  │ ging.mercap.com.ar/bonds/2169000a-980d-4935-a5ae-babf3
  │ d5a0420/coupons'
  │ "Link 'identifiers' in bond 3 is valid:", 'https://api
  │ .staging.mercap.com.ar/bonds/2169000a-980d-4935-a5ae-b
  │ abf3d5a0420/identifiers'
  │ "Link 'self' in bond 3 is valid:", 'https://api.stagin
  │ g.mercap.com.ar/bonds/2169000a-980d-4935-a5ae-babf3d5a
  │ 0420'
  │ "Link 'issueConditions' in bond 3 is valid:", 'https:/
  │ /api.staging.mercap.com.ar/bonds/2169000a-980d-4935-a5
  │ ae-babf3d5a0420/issue-conditions'
  │ "Link 'paymentSummary' in bond 3 is valid:", 'https://
  │ api.staging.mercap.com.ar/bonds/2169000a-980d-4935-a5a
  │ e-babf3d5a0420/payment-summary'
  └
  ✓  Links are valid URLs
  GET https://api.staging.mercap.com.ar/instrument-issuers/89874250-34f0-4358-a261-c13ce5bac46a [200 OK, 865B, 142ms]
  GET https://api.staging.mercap.com.ar/bonds/65214f51-5808-414b-a656-5eb993b318cf/issue-conditions   GET https://api.staging.mercap.com.ar/bonds/4c375038-3be1-462c-b6b0-a435cc6949a6/issue-conditions   GET https://api.staging.mercap.com.ar/bonds/9249de31-2b61-433d-b1fb-5237d5ada837/issue-conditions   GET https://api.staging.mercap.com.ar/bonds/2169000a-980d-4935-a5ae-babf3d5a0420/issue-conditions [200 OK, 1.33kB, 110ms]
[200 OK, 1.34kB, 127ms]
[200 OK, 1.33kB, 146ms]
[200 OK, 1.33kB, 213ms]
  ✓  validar que solo devuelva items asociados al issuer enviado por parametro

↳ All bonds - for issuer - bond+json
  ┌
  │ '▶ [undefined] Ejecutando con ticker: AL30'
  └
  GET https://api.staging.mercap.com.ar/tradable-securities?query=AL30&tradeDate=2026-09-16 [200 OK, 2.63kB, 87ms]
  ┌
  │ '🔎 SHORT_NAME: AL30'
  └
  GET https://api.staging.mercap.com.ar/instrument-issuers [200 OK, 135.59kB, 575ms]
  ┌
  │ 'https://api.staging.mercap.com.ar/instrument-issuers/
  │ 89874250-34f0-4358-a261-c13ce5bac46a'
  └
  GET https://api.staging.mercap.com.ar/bonds?issuer=https://api.staging.mercap.com.ar/instrument-issuers/89874250-34f0-4358-a261-c13ce5bac46a [200 OK, 32.64kB, 656ms]
  ✓  Status code is 200
  ✓  Media-Type is correct
  ✓  Response contains 'items' array with elements
  ✓  Each bond has required properties
  ✓  Each bond property has the correct format
  ✓  Links are valid URLs
  ✓  validar que solo devuelva items asociados al issuer enviado por parametro
  ✓  cashflowUnits: estructura válida por variante

↳ All bonds - start & limit parameters
  ┌
  │ '▶ [undefined] Ejecutando con ticker: AL30'
  └
  GET https://api.staging.mercap.com.ar/tradable-securities?query=AL30&tradeDate=2026-09-16 [200 OK, 2.64kB, 83ms]
  ┌
  │ '🔎 SHORT_NAME: AL30'
  └
  GET https://api.staging.mercap.com.ar/bonds?limit=5&start=2 [200 OK, 4.29kB, 160ms]
  ┌
  │ 'Response received successfully.'
  └
  ✓  Response is received
  ┌
  │ 'Status code is 200.'
  └
  ✓  Status code is 200
  ┌
  │ 'Content-Type header is correct.'
  └
  ✓  Media-Type is correct
  ┌
  │ "'items' array is present and not empty."
  └
  ✓  Response contains 'items' array with elements
  ┌
  │ 'Bond 0 validated successfully.'
  │ 'Bond 1 validated successfully.'
  │ 'Bond 2 validated successfully.'
  │ 'Bond 3 validated successfully.'
  │ 'Bond 4 validated successfully.'
  └
  ✓  Each bond has required properties
  ┌
  │ 'Bond 0: shortName is valid: BVCPO'
  │ 'Bond 0: name is valid: \tBST 2026 U$S 8 % (BVCPO)'
  │ 'Bond 0: debtType is valid: Obligación Negociable'
  │ 'Bond 0: links object is present.'
  │ 'Bond 0: coupons link is valid: https://api.staging.me
  │ rcap.com.ar/bonds/5b5084c6-16b3-49f8-9bed-ee122ebeef11
  │ /coupons'
  │ 'Bond 0: identifiers link is valid: https://api.stagin
  │ g.mercap.com.ar/bonds/5b5084c6-16b3-49f8-9bed-ee122ebe
  │ ef11/identifiers'
  │ 'Bond 0: self link is valid: https://api.staging.merca
  │ p.com.ar/bonds/5b5084c6-16b3-49f8-9bed-ee122ebeef11'
  │ 'Bond 0: issueConditions link is valid: https://api.st
  │ aging.mercap.com.ar/bonds/5b5084c6-16b3-49f8-9bed-ee12
  │ 2ebeef11/issue-conditions'
  │ 'Bond 0: paymentSummary link is valid: https://api.sta
  │ ging.mercap.com.ar/bonds/5b5084c6-16b3-49f8-9bed-ee122
  │ ebeef11/payment-summary'
  │ 'Bond 1: shortName is valid: MR40O'
  │ 'Bond 1: name is valid: \tGEMSA 2031 u$s 11% (MR40O)'
  │ 'Bond 1: debtType is valid: Obligación Negociable'
  │ 'Bond 1: links object is present.'
  │ 'Bond 1: coupons link is valid: https://api.staging.me
  │ rcap.com.ar/bonds/aca1c2b2-0dda-4235-9f91-f61b2710a955
  │ /coupons'
  │ 'Bond 1: identifiers link is valid: https://api.stagin
  │ g.mercap.com.ar/bonds/aca1c2b2-0dda-4235-9f91-f61b2710
  │ a955/identifiers'
  │ 'Bond 1: self link is valid: https://api.staging.merca
  │ p.com.ar/bonds/aca1c2b2-0dda-4235-9f91-f61b2710a955'
  │ 'Bond 1: issueConditions link is valid: https://api.st
  │ aging.mercap.com.ar/bonds/aca1c2b2-0dda-4235-9f91-f61b
  │ 2710a955/issue-conditions'
  │ 'Bond 1: paymentSummary link is valid: https://api.sta
  │ ging.mercap.com.ar/bonds/aca1c2b2-0dda-4235-9f91-f61b2
  │ 710a955/payment-summary'
  │ 'Bond 2: shortName is valid: RES2P'
  │ 'Bond 2: name is valid: \tRECARD S.A 2028 $ Badlar+800
  │ bp (RES2P)'
  │ 'Bond 2: debtType is valid: Obligación Negociable'
  │ 'Bond 2: links object is present.'
  │ 'Bond 2: coupons link is valid: https://api.staging.me
  │ rcap.com.ar/bonds/467a0102-75f2-4b59-aa66-5d182e6c1d58
  │ /coupons'
  │ 'Bond 2: identifiers link is valid: https://api.stagin
  │ g.mercap.com.ar/bonds/467a0102-75f2-4b59-aa66-5d182e6c
  │ 1d58/identifiers'
  │ 'Bond 2: self link is valid: https://api.staging.merca
  │ p.com.ar/bonds/467a0102-75f2-4b59-aa66-5d182e6c1d58'
  │ 'Bond 2: issueConditions link is valid: https://api.st
  │ aging.mercap.com.ar/bonds/467a0102-75f2-4b59-aa66-5d18
  │ 2e6c1d58/issue-conditions'
  │ 'Bond 2: paymentSummary link is valid: https://api.sta
  │ ging.mercap.com.ar/bonds/467a0102-75f2-4b59-aa66-5d182
  │ e6c1d58/payment-summary'
  │ 'Bond 3: shortName is valid: TTCBO'
  │ 'Bond 3: name is valid: \tTecpetrol 2027 u$s 6.5% (TTC
  │ BO)'
  │ 'Bond 3: debtType is valid: Obligación Negociable'
  │ 'Bond 3: links object is present.'
  │ 'Bond 3: coupons link is valid: https://api.staging.me
  │ rcap.com.ar/bonds/ca619c61-beaf-4160-9bcc-b9df0e0e7938
  │ /coupons'
  │ 'Bond 3: identifiers link is valid: https://api.stagin
  │ g.mercap.com.ar/bonds/ca619c61-beaf-4160-9bcc-b9df0e0e
  │ 7938/identifiers'
  │ 'Bond 3: self link is valid: https://api.staging.merca
  │ p.com.ar/bonds/ca619c61-beaf-4160-9bcc-b9df0e0e7938'
  │ 'Bond 3: issueConditions link is valid: https://api.st
  │ aging.mercap.com.ar/bonds/ca619c61-beaf-4160-9bcc-b9df
  │ 0e0e7938/issue-conditions'
  │ 'Bond 3: paymentSummary link is valid: https://api.sta
  │ ging.mercap.com.ar/bonds/ca619c61-beaf-4160-9bcc-b9df0
  │ e0e7938/payment-summary'
  │ 'Bond 4: shortName is valid: GYC4O'
  │ 'Bond 4: name is valid: 360 ENERGY 2027 U$S 8% (GYC4O)
  │ '
  │ 'Bond 4: debtType is valid: Obligación Negociable'
  │ 'Bond 4: links object is present.'
  │ 'Bond 4: coupons link is valid: https://api.staging.me
  │ rcap.com.ar/bonds/935718fe-3140-424e-817d-3ba64bbc60a6
  │ /coupons'
  │ 'Bond 4: identifiers link is valid: https://api.stagin
  │ g.mercap.com.ar/bonds/935718fe-3140-424e-817d-3ba64bbc
  │ 60a6/identifiers'
  │ 'Bond 4: self link is valid: https://api.staging.merca
  │ p.com.ar/bonds/935718fe-3140-424e-817d-3ba64bbc60a6'
  │ 'Bond 4: issueConditions link is valid: https://api.st
  │ aging.mercap.com.ar/bonds/935718fe-3140-424e-817d-3ba6
  │ 4bbc60a6/issue-conditions'
  │ 'Bond 4: paymentSummary link is valid: https://api.sta
  │ ging.mercap.com.ar/bonds/935718fe-3140-424e-817d-3ba64
  │ bbc60a6/payment-summary'
  └
  ✓  Each bond property has the correct format
  ┌
  │ "Link 'coupons' in bond 0 is valid:", 'https://api.sta
  │ ging.mercap.com.ar/bonds/5b5084c6-16b3-49f8-9bed-ee122
  │ ebeef11/coupons'
  │ "Link 'identifiers' in bond 0 is valid:", 'https://api
  │ .staging.mercap.com.ar/bonds/5b5084c6-16b3-49f8-9bed-e
  │ e122ebeef11/identifiers'
  │ "Link 'self' in bond 0 is valid:", 'https://api.stagin
  │ g.mercap.com.ar/bonds/5b5084c6-16b3-49f8-9bed-ee122ebe
  │ ef11'
  │ "Link 'issueConditions' in bond 0 is valid:", 'https:/
  │ /api.staging.mercap.com.ar/bonds/5b5084c6-16b3-49f8-9b
  │ ed-ee122ebeef11/issue-conditions'
  │ "Link 'paymentSummary' in bond 0 is valid:", 'https://
  │ api.staging.mercap.com.ar/bonds/5b5084c6-16b3-49f8-9be
  │ d-ee122ebeef11/payment-summary'
  │ "Link 'coupons' in bond 1 is valid:", 'https://api.sta
  │ ging.mercap.com.ar/bonds/aca1c2b2-0dda-4235-9f91-f61b2
  │ 710a955/coupons'
  │ "Link 'identifiers' in bond 1 is valid:", 'https://api
  │ .staging.mercap.com.ar/bonds/aca1c2b2-0dda-4235-9f91-f
  │ 61b2710a955/identifiers'
  │ "Link 'self' in bond 1 is valid:", 'https://api.stagin
  │ g.mercap.com.ar/bonds/aca1c2b2-0dda-4235-9f91-f61b2710
  │ a955'
  │ "Link 'issueConditions' in bond 1 is valid:", 'https:/
  │ /api.staging.mercap.com.ar/bonds/aca1c2b2-0dda-4235-9f
  │ 91-f61b2710a955/issue-conditions'
  │ "Link 'paymentSummary' in bond 1 is valid:", 'https://
  │ api.staging.mercap.com.ar/bonds/aca1c2b2-0dda-4235-9f9
  │ 1-f61b2710a955/payment-summary'
  │ "Link 'coupons' in bond 2 is valid:", 'https://api.sta
  │ ging.mercap.com.ar/bonds/467a0102-75f2-4b59-aa66-5d182
  │ e6c1d58/coupons'
  │ "Link 'identifiers' in bond 2 is valid:", 'https://api
  │ .staging.mercap.com.ar/bonds/467a0102-75f2-4b59-aa66-5
  │ d182e6c1d58/identifiers'
  │ "Link 'self' in bond 2 is valid:", 'https://api.stagin
  │ g.mercap.com.ar/bonds/467a0102-75f2-4b59-aa66-5d182e6c
  │ 1d58'
  │ "Link 'issueConditions' in bond 2 is valid:", 'https:/
  │ /api.staging.mercap.com.ar/bonds/467a0102-75f2-4b59-aa
  │ 66-5d182e6c1d58/issue-conditions'
  │ "Link 'paymentSummary' in bond 2 is valid:", 'https://
  │ api.staging.mercap.com.ar/bonds/467a0102-75f2-4b59-aa6
  │ 6-5d182e6c1d58/payment-summary'
  │ "Link 'coupons' in bond 3 is valid:", 'https://api.sta
  │ ging.mercap.com.ar/bonds/ca619c61-beaf-4160-9bcc-b9df0
  │ e0e7938/coupons'
  │ "Link 'identifiers' in bond 3 is valid:", 'https://api
  │ .staging.mercap.com.ar/bonds/ca619c61-beaf-4160-9bcc-b
  │ 9df0e0e7938/identifiers'
  │ "Link 'self' in bond 3 is valid:", 'https://api.stagin
  │ g.mercap.com.ar/bonds/ca619c61-beaf-4160-9bcc-b9df0e0e
  │ 7938'
  │ "Link 'issueConditions' in bond 3 is valid:", 'https:/
  │ /api.staging.mercap.com.ar/bonds/ca619c61-beaf-4160-9b
  │ cc-b9df0e0e7938/issue-conditions'
  │ "Link 'paymentSummary' in bond 3 is valid:", 'https://
  │ api.staging.mercap.com.ar/bonds/ca619c61-beaf-4160-9bc
  │ c-b9df0e0e7938/payment-summary'
  │ "Link 'coupons' in bond 4 is valid:", 'https://api.sta
  │ ging.mercap.com.ar/bonds/935718fe-3140-424e-817d-3ba64
  │ bbc60a6/coupons'
  │ "Link 'identifiers' in bond 4 is valid:", 'https://api
  │ .staging.mercap.com.ar/bonds/935718fe-3140-424e-817d-3
  │ ba64bbc60a6/identifiers'
  │ "Link 'self' in bond 4 is valid:", 'https://api.stagin
  │ g.mercap.com.ar/bonds/935718fe-3140-424e-817d-3ba64bbc
  │ 60a6'
  │ "Link 'issueConditions' in bond 4 is valid:", 'https:/
  │ /api.staging.mercap.com.ar/bonds/935718fe-3140-424e-81
  │ 7d-3ba64bbc60a6/issue-conditions'
  │ "Link 'paymentSummary' in bond 4 is valid:", 'https://
  │ api.staging.mercap.com.ar/bonds/935718fe-3140-424e-817
  │ d-3ba64bbc60a6/payment-summary'
  └
  ✓  Links are valid URLs
  ┌
  │ "Global link 'first' is valid: https://api.staging.mer
  │ cap.com.ar/bonds?limit=5&start=1"
  │ "Global link 'next' is valid: https://api.staging.merc
  │ ap.com.ar/bonds?limit=5&start=7"
  │ "Global link 'self' is valid: https://api.staging.merc
  │ ap.com.ar/bonds?limit=5&start=2"
  │ "Global link 'last' is valid: https://api.staging.merc
  │ ap.com.ar/bonds?limit=5&start=1096"
  └
  ✓  Global links are valid URLs
  ┌
  │ "No 'query' parameter provided in request."
  └
  ✓  Results match the query parameter
  ┌
  │ "No 'shortName' parameter provided in request."
  └
  ✓  Results match the shortName parameter
  ┌
  │ 'Results respect the limit parameter (max 5 items).'
  └
  ✓  Results respect the limit parameter
  ┌
  │ 'Validated that the first bond in response starts at i
  │ ndex 2.'
  └
  ✓  Start parameter skips the correct number of bonds
  ┌
  │ 'Response code is not 406, no validation necessary.'
  └
  ✓  Error 406 response structure
  ┌
  │ 'Limit is not 0, skipping error validation.'
  └
  ✓  Limit parameter is 0, response should be 400

↳ All bonds - start & limit parameters - bond+json
  ┌
  │ '▶ [undefined] Ejecutando con ticker: AL30'
  └
  GET https://api.staging.mercap.com.ar/tradable-securities?query=AL30&tradeDate=2026-09-16 [200 OK, 2.63kB, 157ms]
  ┌
  │ '🔎 SHORT_NAME: AL30'
  └
  GET https://api.staging.mercap.com.ar/bonds?limit=5&start=2 [200 OK, 16.3kB, 708ms]
  ┌
  │ 'Response received successfully.'
  └
  ✓  Response is received
  ┌
  │ 'Status code is 200.'
  └
  ✓  Status code is 200
  ┌
  │ 'Content-Type header is correct.'
  └
  ✓  Media-Type is correct
  ┌
  │ "'items' array is present and not empty."
  └
  ✓  Response contains 'items' array with elements
  ┌
  │ 'Bond 0 validated successfully.'
  │ 'Bond 1 validated successfully.'
  │ 'Bond 2 validated successfully.'
  │ 'Bond 3 validated successfully.'
  │ 'Bond 4 validated successfully.'
  └
  ✓  Each bond has required properties
  ┌
  │ 'Bond 0: shortName is valid: BVCPO'
  │ 'Bond 0: name is valid: \tBST 2026 U$S 8 % (BVCPO)'
  │ 'Bond 0: coupons array is present with 4 items.'
  │ 'Bond 0: maturityDate is valid: 2026-10-21'
  │ 'Bond 0: issue object is present.'
  │ 'Bond 0: debtType is valid: https://api.staging.mercap
  │ .com.ar/debt-types/a6af5129-7f88-46ce-879b-bfb0a4ee8a7
  │ b'
  │ 'Bond 0: links object is present.'
  │ 'Bond 0: self link is valid: https://api.staging.merca
  │ p.com.ar/bonds/5b5084c6-16b3-49f8-9bed-ee122ebeef11'
  │ 'Bond 1: shortName is valid: MR40O'
  │ 'Bond 1: name is valid: \tGEMSA 2031 u$s 11% (MR40O)'
  │ 'Bond 1: coupons array is present with 14 items.'
  │ 'Bond 1: maturityDate is valid: 2031-10-31'
  │ 'Bond 1: issue object is present.'
  │ 'Bond 1: debtType is valid: https://api.staging.mercap
  │ .com.ar/debt-types/a6af5129-7f88-46ce-879b-bfb0a4ee8a7
  │ b'
  │ 'Bond 1: links object is present.'
  │ 'Bond 1: self link is valid: https://api.staging.merca
  │ p.com.ar/bonds/aca1c2b2-0dda-4235-9f91-f61b2710a955'
  │ 'Bond 2: shortName is valid: RES2P'
  │ 'Bond 2: name is valid: \tRECARD S.A 2028 $ Badlar+800
  │ bp (RES2P)'
  │ 'Bond 2: coupons array is present with 8 items.'
  │ 'Bond 2: maturityDate is valid: 2026-09-30'
  │ 'Bond 2: issue object is present.'
  │ 'Bond 2: debtType is valid: https://api.staging.mercap
  │ .com.ar/debt-types/a6af5129-7f88-46ce-879b-bfb0a4ee8a7
  │ b'
  │ 'Bond 2: links object is present.'
  │ 'Bond 2: self link is valid: https://api.staging.merca
  │ p.com.ar/bonds/467a0102-75f2-4b59-aa66-5d182e6c1d58'
  │ 'Bond 3: shortName is valid: TTCBO'
  │ 'Bond 3: name is valid: \tTecpetrol 2027 u$s 6.5% (TTC
  │ BO)'
  │ 'Bond 3: coupons array is present with 4 items.'
  │ 'Bond 3: maturityDate is valid: 2027-10-16'
  │ 'Bond 3: issue object is present.'
  │ 'Bond 3: debtType is valid: https://api.staging.mercap
  │ .com.ar/debt-types/a6af5129-7f88-46ce-879b-bfb0a4ee8a7
  │ b'
  │ 'Bond 3: links object is present.'
  │ 'Bond 3: self link is valid: https://api.staging.merca
  │ p.com.ar/bonds/ca619c61-beaf-4160-9bcc-b9df0e0e7938'
  │ 'Bond 4: shortName is valid: GYC4O'
  │ 'Bond 4: name is valid: 360 ENERGY 2027 U$S 8% (GYC4O)
  │ '
  │ 'Bond 4: coupons array is present with 11 items.'
  │ 'Bond 4: maturityDate is valid: 2027-10-30'
  │ 'Bond 4: issue object is present.'
  │ 'Bond 4: debtType is valid: https://api.staging.mercap
  │ .com.ar/debt-types/a6af5129-7f88-46ce-879b-bfb0a4ee8a7
  │ b'
  │ 'Bond 4: links object is present.'
  │ 'Bond 4: self link is valid: https://api.staging.merca
  │ p.com.ar/bonds/935718fe-3140-424e-817d-3ba64bbc60a6'
  └
  ✓  Each bond property has the correct format
  ┌
  │ "Link 'self' in bond 0 is valid:", 'https://api.stagin
  │ g.mercap.com.ar/bonds/5b5084c6-16b3-49f8-9bed-ee122ebe
  │ ef11'
  │ "Link 'self' in bond 1 is valid:", 'https://api.stagin
  │ g.mercap.com.ar/bonds/aca1c2b2-0dda-4235-9f91-f61b2710
  │ a955'
  │ "Link 'self' in bond 2 is valid:", 'https://api.stagin
  │ g.mercap.com.ar/bonds/467a0102-75f2-4b59-aa66-5d182e6c
  │ 1d58'
  │ "Link 'self' in bond 3 is valid:", 'https://api.stagin
  │ g.mercap.com.ar/bonds/ca619c61-beaf-4160-9bcc-b9df0e0e
  │ 7938'
  │ "Link 'self' in bond 4 is valid:", 'https://api.stagin
  │ g.mercap.com.ar/bonds/935718fe-3140-424e-817d-3ba64bbc
  │ 60a6'
  └
  ✓  Links are valid URLs
  ┌
  │ "Global link 'first' is valid: https://api.staging.mer
  │ cap.com.ar/bonds?limit=5&start=1"
  │ "Global link 'next' is valid: https://api.staging.merc
  │ ap.com.ar/bonds?limit=5&start=7"
  │ "Global link 'self' is valid: https://api.staging.merc
  │ ap.com.ar/bonds?limit=5&start=2"
  │ "Global link 'last' is valid: https://api.staging.merc
  │ ap.com.ar/bonds?limit=5&start=1096"
  └
  ✓  Global links are valid URLs
  ┌
  │ "No 'query' parameter provided in request."
  └
  ✓  Results match the query parameter
  ┌
  │ "No 'shortName' parameter provided in request."
  └
  ✓  Results match the shortName parameter
  ┌
  │ 'Results respect the limit parameter (max 5 items).'
  └
  ✓  Results respect the limit parameter
  ┌
  │ 'Validated that the response self link starts at index
  │  2.'
  └
  ✓  Start parameter skips the correct number of bonds
  ┌
  │ 'Response code is not 406, no validation necessary.'
  └
  ✓  Error 406 response structure
  ┌
  │ 'Limit is not 0, skipping error validation.'
  └
  ✓  Limit parameter is 0, response should be 400
  ✓  cashflowUnits: estructura válida por variante

↳ Only shortName parameter
  ┌
  │ '▶ [undefined] Ejecutando con ticker: AL30'
  └
  GET https://api.staging.mercap.com.ar/tradable-securities?query=AL30&tradeDate=2026-09-16 [200 OK, 2.64kB, 69ms]
  ┌
  │ '🔎 SHORT_NAME: AL30'
  └
  GET https://api.staging.mercap.com.ar/bonds?shortName=AL30 [200 OK, 1.4kB, 203ms]
  ┌
  │ 'Response received successfully.'
  └
  ✓  Response is received
  ┌
  │ 'Status code is 200.'
  └
  ✓  Status code is 200
  ┌
  │ 'Content-Type header is correct.'
  └
  ✓  Media-Type is correct
  ┌
  │ "'items' array is present and not empty."
  └
  ✓  Response contains 'items' array with elements
  ┌
  │ 'Bond 0 validated successfully.'
  └
  ✓  Each bond has required properties
  ✓  Each bond property has the correct format
  ✓  Links are valid URLs
  ✓  Global links are valid URLs
  ✓  Results match the query parameter
  ✓  Results respect the limit parameter
  ✓  Start parameter skips the correct number of bonds
  ✓  Error 406 response structure
  ✓  Limit parameter is 0, response should be 400
  ┌
  │ '✔ Variables seteadas:'
  │ 'COUPONS:', 'https://api.staging.mercap.com.ar/bonds/e
  │ cfe885d-8163-4222-acb1-f7020cf05a4a/coupons'
  │ 'IDENTIFIERS:', 'https://api.staging.mercap.com.ar/bon
  │ ds/ecfe885d-8163-4222-acb1-f7020cf05a4a/identifiers'
  │ 'SELF:', 'https://api.staging.mercap.com.ar/bonds/ecfe
  │ 885d-8163-4222-acb1-f7020cf05a4a'
  │ 'ISSUE_CONDITIONS:', 'https://api.staging.mercap.com.a
  │ r/bonds/ecfe885d-8163-4222-acb1-f7020cf05a4a/issue-con
  │ ditions'
  │ 'PAYMENT_SUMMARY:', 'https://api.staging.mercap.com.ar
  │ /bonds/ecfe885d-8163-4222-acb1-f7020cf05a4a/payment-su
  │ mmary'
  └

↳ Only shortName parameter - bond+json
  ┌
  │ '▶ [undefined] Ejecutando con ticker: AL30'
  └
  GET https://api.staging.mercap.com.ar/tradable-securities?query=AL30&tradeDate=2026-09-16 [200 OK, 2.63kB, 73ms]
  ┌
  │ '🔎 SHORT_NAME: AL30'
  └
  GET https://api.staging.mercap.com.ar/bonds?shortName=AL30 [200 OK, 5.84kB, 673ms]
  ┌
  │ 'Response received successfully.'
  └
  ✓  Response is received
  ┌
  │ 'Status code is 200.'
  └
  ✓  Status code is 200
  ┌
  │ 'Content-Type header is correct.'
  └
  ✓  Media-Type is correct
  ┌
  │ "'items' array is present and not empty."
  └
  ✓  Response contains 'items' array with elements
  ┌
  │ 'Bond 0 validated successfully.'
  └
  ✓  Each bond has required properties
  ┌
  │ 'Bond 0 format validated.'
  └
  ✓  Each bond property has the correct format
  ✓  Links are valid URLs
  ✓  Global links are valid URLs
  ✓  Results match the query parameter
  ✓  Results match the shortName parameter
  ✓  Results respect the limit parameter
  ✓  Start parameter skips the correct number of bonds
  ✓  Error 406 response structure
  ✓  Limit parameter is 0, response should be 400
  ┌
  │ '✔ Variables seteadas:'
  │ 'BOND_SELF:', 'https://api.staging.mercap.com.ar/bonds
  │ /ecfe885d-8163-4222-acb1-f7020cf05a4a'
  │ 'DEBT_TYPE:', 'https://api.staging.mercap.com.ar/debt-
  │ types/e3da5be4-2107-4ca2-97d9-77b5cf8e8725'
  └
  ✓  cashflowUnits: estructura válida por variante

↳ Bond by UUID
  ┌
  │ '▶ [undefined] Ejecutando con ticker: AL30'
  └
  GET https://api.staging.mercap.com.ar/tradable-securities?query=AL30&tradeDate=2026-09-16 [200 OK, 2.64kB, 277ms]
  ┌
  │ '🔎 SHORT_NAME: AL30'
  └
  GET https://api.staging.mercap.com.ar/bonds/ecfe885d-8163-4222-acb1-f7020cf05a4a [200 OK, 1.37kB, 200ms]
  ┌
  │ 'Response received successfully.'
  └
  ✓  Response is received
  ┌
  │ 'Status code is 200.'
  └
  ✓  Status code is 200
  ┌
  │ 'Content-Type header is correct.'
  └
  ✓  Media-Type is correct
  ┌
  │ 'All required properties are present.'
  └
  ✓  Response has required properties
  ┌
  │ 'All properties have correct data types.'
  └
  ✓  Response properties have correct data types
  ┌
  │ 'All required link properties are present.'
  └
  ✓  Links object has required properties
  ┌
  │ 'All links are valid URLs.'
  └
  ✓  Links are valid URLs
  ┌
  │ 'shortName is the expected:', 'AL30'
  └
  ✓  ShortName and name are as expected

↳ Bond by UUID - bond+json
  ┌
  │ '▶ [undefined] Ejecutando con ticker: AL30'
  └
  GET https://api.staging.mercap.com.ar/tradable-securities?query=AL30&tradeDate=2026-09-16 [200 OK, 2.64kB, 89ms]
  ┌
  │ '🔎 SHORT_NAME: AL30'
  └
  GET https://api.staging.mercap.com.ar/bonds/ecfe885d-8163-4222-acb1-f7020cf05a4a [200 OK, 5.8kB, 667ms]
  ┌
  │ 'Response received successfully.'
  └
  ✓  Response is received
  ┌
  │ 'Status code is 200.'
  └
  ✓  Status code is 200
  ┌
  │ 'Content-Type header is correct.'
  └
  ✓  Media-Type is correct
  ┌
  │ 'All required properties are present.'
  └
  ✓  Response has required properties
  ┌
  │ 'All properties have correct data types.'
  └
  ✓  Response properties have correct data types
  ┌
  │ 'Required link property (self) is present.'
  └
  ✓  Links object has required properties
  ┌
  │ 'All links are valid URLs.'
  └
  ✓  Links are valid URLs
  ┌
  │ 'debtType is a valid URL:', 'https://api.staging.merca
  │ p.com.ar/debt-types/e3da5be4-2107-4ca2-97d9-77b5cf8e87
  │ 25'
  └
  ✓  debtType is a valid URL
  ┌
  │ 'shortName is the expected:', 'AL30'
  └
  ✓  ShortName is as expected
  ✓  cashflowUnits: estructura válida

↳ Bond payment summary by UUID
  ┌
  │ '▶ [undefined] Ejecutando con ticker: AL30'
  └
  GET https://api.staging.mercap.com.ar/tradable-securities?query=AL30&tradeDate=2026-09-16 [200 OK, 2.64kB, 80ms]
  ┌
  │ '🔎 SHORT_NAME: AL30'
  └
  GET https://api.staging.mercap.com.ar/bonds/ecfe885d-8163-4222-acb1-f7020cf05a4a/payment-summary [200 OK, 1.15kB, 92ms]
  ┌
  │ 'Response received successfully.'
  └
  ✓  Response is received
  ┌
  │ 'Status code is 200.'
  └
  ✓  Status code is 200
  ┌
  │ 'Content-Type header is correct.'
  └
  ✓  Media-Type is correct
  ✓  All main properties have the correct type
  ✓  Amortization has correct properties and should be bullet
  ✓  Links URLs are valid
  ✓  Interest has correct properties
  ✓  Accruement has correct properties

↳ Bond payment summary by UUID - json v1
  ┌
  │ '▶ [undefined] Ejecutando con ticker: AL30'
  └
  GET https://api.staging.mercap.com.ar/tradable-securities?query=AL30&tradeDate=2026-09-16 [200 OK, 2.63kB, 66ms]
  ┌
  │ '🔎 SHORT_NAME: AL30'
  └
  GET https://api.staging.mercap.com.ar/bonds/ecfe885d-8163-4222-acb1-f7020cf05a4a/payment-summary [200 OK, 1.16kB, 106ms]
  ┌
  │ 'Response received successfully.'
  └
  ✓  Response is received
  ┌
  │ 'Status code is 200.'
  └
  ✓  Status code is 200
  ┌
  │ 'Content-Type header is correct.'
  └
  ✓  Media-Type is correct
  ✓  All main properties have the correct type
  ✓  DueDateStrategy has correct properties
  ✓  Amortization has correct properties and should be bullet
  ✓  Links URLs are valid
  ✓  Interest has correct properties
  ✓  Accruement has correct properties

↳ Bond coupons by UUID
  ┌
  │ '▶ [undefined] Ejecutando con ticker: AL30'
  └
  GET https://api.staging.mercap.com.ar/tradable-securities?query=AL30&tradeDate=2026-09-16 [200 OK, 2.64kB, 65ms]
  ┌
  │ '🔎 SHORT_NAME: AL30'
  └
  GET https://api.staging.mercap.com.ar/bonds/ecfe885d-8163-4222-acb1-f7020cf05a4a/coupons [200 OK, 7.13kB, 99ms]
  ┌
  │ 'Response received successfully.'
  └
  ✓  Response is received
  ┌
  │ 'Status code is 200.'
  └
  ✓  Status code is 200
  ┌
  │ 'Content-Type header is correct.'
  └
  ✓  Media-Type is correct
  ┌
  │ "'items' array is present."
  └
  ✓  Response has 'items' array
  ┌
  │ 'All items have required properties.'
  └
  ✓  Each item has required properties
  ┌
  │ "All 'interestRate' objects have required properties."
  └
  ✓  Verify that 'interestRate' has required properties
  ┌
  │ "All 'links' objects have required properties."
  └
  ✓  All 'links' objects have required properties
  ┌
  │ 'All dates have correct format.'
  └
  ✓  Dates have correct format
  ┌
  │ 'All links are valid URLs.'
  └
  ✓  Links are valid URLs
  ┌
  │ "The 'self' link is correct."
  └
  ✓  Verify that 'self' has the correct link
  ┌
  │ 'Coupon numbers are consecutive.'
  └
  ✓  Coupon numbers are consecutive
  ┌
  │ "All 'type' values in 'interestRate' are 'fixed'."
  └
  ✓  Verify that 'type' in 'interestRate' is 'fixed' for each item

↳ Bond issue conditions by UUID
  ┌
  │ '▶ [undefined] Ejecutando con ticker: AL30'
  └
  GET https://api.staging.mercap.com.ar/tradable-securities?query=AL30&tradeDate=2026-09-16 [200 OK, 2.65kB, 60ms]
  ┌
  │ '🔎 SHORT_NAME: AL30'
  └
  GET https://api.staging.mercap.com.ar/bonds/ecfe885d-8163-4222-acb1-f7020cf05a4a/issue-conditions [200 OK, 1.36kB, 97ms]
  ┌
  │ 'Response received successfully.'
  └
  ✓  Response is received
  ┌
  │ 'Status code is 200.'
  └
  ✓  Status code is 200
  ┌
  │ 'Content-Type header is correct.'
  └
  ✓  Media-Type is correct
  ✓  All main properties have the correct type
  ✓  Dates have correct format
  ✓  SmallestDenomination has base and increment
  ✓  FaceValue is greater than zero
  ✓  Term has correct format
  ✓  IssueUnit and PaymentCurrency are valid URLs
  ✓  IssueCountry and Issuer are not empty

↳ Bond issue conditions by UUID - json v1
  ┌
  │ '▶ [undefined] Ejecutando con ticker: AL30'
  └
  GET https://api.staging.mercap.com.ar/tradable-securities?query=AL30&tradeDate=2026-09-16 [200 OK, 2.64kB, 58ms]
  ┌
  │ '🔎 SHORT_NAME: AL30'
  └
  GET https://api.staging.mercap.com.ar/bonds/ecfe885d-8163-4222-acb1-f7020cf05a4a/issue-conditions [200 OK, 1.37kB, 105ms]
  ┌
  │ 'Response received successfully.'
  └
  ✓  Response is received
  ┌
  │ 'Status code is 200.'
  └
  ✓  Status code is 200
  ┌
  │ 'Content-Type header is correct.'
  └
  ✓  Media-Type is correct
  ✓  All main properties have the correct type
  ✓  Dates have correct format
  ✓  SmallestDenomination has base and increment
  ✓  FaceValue is greater than zero
  ✓  Term has correct format
  ✓  IssueCurrency and PaymentCurrency are valid URLs
  ✓  IssueCountry and Issuer are not empty

↳ Bond identifiers by UUID
  ┌
  │ '▶ [undefined] Ejecutando con ticker: AL30'
  └
  GET https://api.staging.mercap.com.ar/tradable-securities?query=AL30&tradeDate=2026-09-16 [200 OK, 2.65kB, 64ms]
  ┌
  │ '🔎 SHORT_NAME: AL30'
  └
  GET https://api.staging.mercap.com.ar/bonds/ecfe885d-8163-4222-acb1-f7020cf05a4a/identifiers [200 OK, 744B, 91ms]
  ✓  Status code is 200
  ✓  Response is an array
  ┌
  │ 'Content-Type header is correct.'
  └
  ✓  Media-Type is correct
  ✓  Each item has type and value
  ✓  Type is a non-empty string
  ✓  Value is a non-empty string
  ✓  Identifiers contain expected types
  ✓  ISIN value format is correct

❏ Pepper-GS32 / Regression-Test / Bond IRRS
↳ Get irrs - one bond
  GET https://historical-data.mercapabbaco.com/irrs?short-names=AL30 [200 OK, 67.71kB, 99ms]
  ✓  Response is received
  ✓  Status code is 200
  ✓  Media-Type is correct
  ✓  Response body is not empty
  ✓  Response is valid JSON

❏ Pepper-GS32 / Regression-Test / Bond Payment Forecasts
↳ Get one bond cashflow - only dateInterval from
  ┌
  │ '▶ [undefined] Ejecutando con ticker: AL30'
  └
  GET https://api.staging.mercap.com.ar/tradable-securities?query=AL30&tradeDate=2026-09-16 [200 OK, 2.64kB, 151ms]
  ┌
  │ '📌 BOND_INSTRUMENT_URL: https://api.staging.mercap.co
  │ m.ar/bonds/ecfe885d-8163-4222-acb1-f7020cf05a4a'
  └
  POST https://api.staging.mercap.com.ar/bond-payment-forecast [200 OK, 5.38kB, 1726ms]
  ┌
  │ 'Response received successfully.'
  └
  ✓  Response is received
  ┌
  │ 'Status code is 200.'
  └
  ✓  Status code is 200
  ┌
  │ 'Content-Type header is correct.'
  └
  ✓  Media-Type is correct
  ┌
  │ 'Result is a non-empty array.'
  └
  ✓  Result is a non-empty array
  ┌
  │ 'Each cashflow has the expected properties.'
  └
  ✓  Each cashflow has correct properties
  ┌
  │ 'Coupon values are incremental by 1.'
  └
  ✓  Verify that coupon value is incremental by 1
  ┌
  │ 'Due dates are in ascending order for each cashflow.'
  └
  ✓  Due dates are in ascending order
  ┌
  │ 'The bond link is correct:', 'https://api.staging.merc
  │ ap.com.ar/bonds/ecfe885d-8163-4222-acb1-f7020cf05a4a'
  └
  ✓  Bond link is correct

↳ Get one bond cashflow - dateInterval from and to
  ┌
  │ '▶ [undefined] Ejecutando con ticker: AL30'
  └
  GET https://api.staging.mercap.com.ar/tradable-securities?query=AL30&tradeDate=2026-09-16 [200 OK, 2.63kB, 66ms]
  ┌
  │ '📌 BOND_INSTRUMENT_URL: https://api.staging.mercap.co
  │ m.ar/bonds/ecfe885d-8163-4222-acb1-f7020cf05a4a'
  └
  POST https://api.staging.mercap.com.ar/bond-payment-forecast [200 OK, 3.59kB, 1138ms]
  ┌
  │ 'Response received successfully.'
  └
  ✓  Response is received
  ┌
  │ 'Status code is 200.'
  └
  ✓  Status code is 200
  ┌
  │ 'Content-Type header is correct.'
  └
  ✓  Media-Type is correct
  ┌
  │ 'Result is a non-empty array.'
  └
  ✓  Result is a non-empty array
  ┌
  │ 'Each cashflow has the expected properties.'
  └
  ✓  Each cashflow has correct properties
  ┌
  │ 'Coupon values are incremental by 1.'
  └
  ✓  Verify that coupon value is incremental by 1
  ┌
  │ 'Due dates are in ascending order for each cashflow.'
  └
  ✓  Due dates are in ascending order
  ┌
  │ 'The bond link is correct:', 'https://api.staging.merc
  │ ap.com.ar/bonds/ecfe885d-8163-4222-acb1-f7020cf05a4a'
  └
  ✓  Bond link is correct

↳ Get payment forecasts
  ┌
  │ '▶ [undefined] Ejecutando con ticker: AL30'
  └
  GET https://api.staging.mercap.com.ar/tradable-securities?query=AL30&tradeDate=2026-09-16 [200 OK, 2.64kB, 63ms]
  ┌
  │ '📌 BOND_INSTRUMENT_URL: https://api.staging.mercap.co
  │ m.ar/bonds/ecfe885d-8163-4222-acb1-f7020cf05a4a'
  └
  POST https://api.staging.mercap.com.ar/bond-payment-forecast [200 OK, 1.23kB, 330ms]
  ┌
  │ 'Response received successfully.'
  └
  ✓  Response is received
  ┌
  │ 'Status code is 200.'
  └
  ✓  Status code is 200
  ┌
  │ 'Content-Type header is correct.'
  └
  ✓  Media-Type is correct
  ┌
  │ 'Result is a non-empty array.'
  └
  ✓  Result is a non-empty array
  ┌
  │ 'Each flow has the expected properties.'
  └
  ✓  Each flow has correct properties
  ┌
  │ 'Bond link is correct.'
  └
  ✓  Bond link is correct
  ┌
  │ 'Response has id and jsonrpc.'
  └
  ✓  Response has id and jsonrpc
  ┌
  │ "'concept' is 'Renta' when 'flowMessage' is 'interestT
  │ oPay'."
  └
  ✓  Validate that 'concept' is 'Renta' when 'flowMessage' is 'interestToPay'
  ┌
  │ "'concept' is 'Amortización' when 'flowMessage' is 'am
  │ ortizationToPay'."
  └
  ✓  Validate that 'concept' is 'Amortización' when 'flowMessage' is 'amortizationToPay'

↳ Post /bond-payment-forecast - bond-cashflow - only dateInterval from - Bond Fixed rate, no adjustment, European-30-360
  ┌
  │ '▶ [undefined] Ejecutando con ticker: AL30'
  └
  GET https://api.staging.mercap.com.ar/tradable-securities?query=AL30&tradeDate=2026-09-16 [200 OK, 2.63kB, 61ms]
  ┌
  │ '📌 BOND_INSTRUMENT_URL: https://api.staging.mercap.co
  │ m.ar/bonds/ecfe885d-8163-4222-acb1-f7020cf05a4a'
  └
  GET https://api.staging.mercap.com.ar/tradable-securities?query=US105756CN87&tradeDate=2026-09-16 [200 OK, 2.08kB, 63ms]
  ┌
  │ '📌 BOND_SECURITY_SELF: https://api.staging.mercap.com
  │ .ar/bonds/54fcd3a7-01b2-4136-81f8-b5924d9b14c4'
  └
  POST https://api.staging.mercap.com.ar/bond-payment-forecast [200 OK, 33.47kB, 8.9s]
  ┌
  │ 'Response received successfully.'
  └
  ✓  Response is received
  ┌
  │ 'Status code is 200.'
  └
  ✓  Status code is 200
  ┌
  │ 'Content-Type header is correct.'
  └
  ✓  Media-Type is correct
  ┌
  │ 'Result is a non-empty array.'
  └
  ✓  Result is a non-empty array
  ┌
  │ 'Each cashflow has the expected properties.'
  └
  ✓  Each cashflow has correct properties
  ┌
  │ 'Coupon values are incremental by 1.'
  └
  ✓  Verify that coupon value is incremental by 1
  ┌
  │ 'Due dates are in ascending order for each cashflow.'
  └
  ✓  Due dates are in ascending order
  ┌
  │ 'The bond link is correct:', 'https://api.staging.merc
  │ ap.com.ar/bonds/54fcd3a7-01b2-4136-81f8-b5924d9b14c4'
  └
  ✓  Bond link is correct

↳ Post /bond-payment-forecast - bond-cashflow - dateInterval from and to - Bond Fixed rate, no adjustment, European-30-360
  ┌
  │ '▶ [undefined] Ejecutando con ticker: AL30'
  └
  GET https://api.staging.mercap.com.ar/tradable-securities?query=AL30&tradeDate=2026-09-16 [200 OK, 2.64kB, 178ms]
  ┌
  │ '📌 BOND_INSTRUMENT_URL: https://api.staging.mercap.co
  │ m.ar/bonds/ecfe885d-8163-4222-acb1-f7020cf05a4a'
  └
  GET https://api.staging.mercap.com.ar/tradable-securities?query=US105756CN87&tradeDate=2026-09-16 [200 OK, 2.08kB, 74ms]
  ┌
  │ '📌 BOND_SECURITY_SELF: https://api.staging.mercap.com
  │ .ar/bonds/54fcd3a7-01b2-4136-81f8-b5924d9b14c4'
  └
  POST https://api.staging.mercap.com.ar/bond-payment-forecast [200 OK, 1.85kB, 517ms]
  ┌
  │ 'Response received successfully.'
  └
  ✓  Response is received
  ┌
  │ 'Status code is 200.'
  └
  ✓  Status code is 200
  ┌
  │ 'Content-Type header is correct.'
  └
  ✓  Media-Type is correct
  ┌
  │ 'Result is a non-empty array.'
  └
  ✓  Result is a non-empty array
  ┌
  │ 'Each cashflow has the expected properties.'
  └
  ✓  Each cashflow has correct properties
  ┌
  │ 'Coupon values are incremental by 1.'
  └
  ✓  Verify that coupon value is incremental by 1
  ┌
  │ 'Due dates are in ascending order for each cashflow.'
  └
  ✓  Due dates are in ascending order
  ┌
  │ 'The bond link is correct:', 'https://api.staging.merc
  │ ap.com.ar/bonds/54fcd3a7-01b2-4136-81f8-b5924d9b14c4'
  └
  ✓  Bond link is correct

↳ Post  /bond-payment-forecast - bond-payment-forecasts - Bond Fixed rate, no adjustment, European-30-360
  ┌
  │ '▶ [undefined] Ejecutando con ticker: AL30'
  └
  GET https://api.staging.mercap.com.ar/tradable-securities?query=AL30&tradeDate=2026-09-16 [200 OK, 2.63kB, 67ms]
  ┌
  │ '📌 BOND_INSTRUMENT_URL: https://api.staging.mercap.co
  │ m.ar/bonds/ecfe885d-8163-4222-acb1-f7020cf05a4a'
  └
  GET https://api.staging.mercap.com.ar/tradable-securities?query=US105756CN87&tradeDate=2026-09-16 [200 OK, 2.08kB, 62ms]
  ┌
  │ '📌 BOND_SECURITY_SELF: https://api.staging.mercap.com
  │ .ar/bonds/54fcd3a7-01b2-4136-81f8-b5924d9b14c4'
  └
  POST https://api.staging.mercap.com.ar/bond-payment-forecast [200 OK, 1.18kB, 363ms]
  ┌
  │ 'Response received successfully.'
  └
  ✓  Response is received
  ┌
  │ 'Status code is 200.'
  └
  ✓  Status code is 200
  ┌
  │ 'Content-Type header is correct.'
  └
  ✓  Media-Type is correct
  ┌
  │ 'Result is a non-empty array.'
  └
  ✓  Result is a non-empty array
  ┌
  │ 'Each flow has the expected properties.'
  └
  ✓  Each flow has correct properties
  ┌
  │ 'Bond link is correct.'
  └
  ✓  Bond link is correct
  ┌
  │ 'Response has id and jsonrpc.'
  └
  ✓  Response has id and jsonrpc
  ┌
  │ "'concept' is 'Renta' when 'flowMessage' is 'interestT
  │ oPay'."
  └
  ✓  Validate that 'concept' is 'Renta' when 'flowMessage' is 'interestToPay'
  ┌
  │ "'concept' is 'Amortización' when 'flowMessage' is 'am
  │ ortizationToPay'."
  └
  ✓  Validate that 'concept' is 'Amortización' when 'flowMessage' is 'amortizationToPay'

❏ Pepper-GS32 / Regression-Test / Bond laws
↳ Get all bond laws - validate each self link
  GET https://api.staging.mercap.com.ar/bond-laws [200 OK, 1.86kB, 130ms]
  ✓  Response is received
  ✓  Status code is 200
  ✓  Response contains 'items' array with at least one element
  ✓  Response contains 'links.self'
  ✓  No duplicate bond law names
  ┌
  │ '🔎 Testing Item 1 (Ley Argentina)'
  └
  ✓  Item 1 (Ley Argentina) contains expected properties
  ✓  Item 1 (Ley Argentina) 'name' is a non-empty string
  ✓  Item 1 (Ley Argentina) self link is a valid URL
  GET https://api.staging.mercap.com.ar/bond-laws/18bb25d4-8ab8-4837-b574-1754811dd222 [200 OK, 843B, 188ms]
  ✓  Item 1 (Ley Argentina) self link returns status 200
  ┌
  │ '🔎 Testing Item 2 (Ley N.Y.)'
  └
  ✓  Item 2 (Ley N.Y.) contains expected properties
  ✓  Item 2 (Ley N.Y.) 'name' is a non-empty string
  ✓  Item 2 (Ley N.Y.) self link is a valid URL
  GET https://api.staging.mercap.com.ar/bond-laws/828bc536-1bff-4d3d-bff2-8c98ec12c57b [200 OK, 848B, 99ms]
  ✓  Item 2 (Ley N.Y.) self link returns status 200
  ┌
  │ '🔎 Testing Item 3 (Ley Inglesa)'
  └
  ✓  Item 3 (Ley Inglesa) contains expected properties
  ✓  Item 3 (Ley Inglesa) 'name' is a non-empty string
  ✓  Item 3 (Ley Inglesa) self link is a valid URL
  GET https://api.staging.mercap.com.ar/bond-laws/f7f0b5a4-b1a8-4095-a1c6-dcccd2a42410 [200 OK, 853B, 100ms]
  ✓  Item 3 (Ley Inglesa) self link returns status 200
  ┌
  │ '🔎 Testing Item 4 (Ley Chilena)'
  └
  ✓  Item 4 (Ley Chilena) contains expected properties
  ✓  Item 4 (Ley Chilena) 'name' is a non-empty string
  ✓  Item 4 (Ley Chilena) self link is a valid URL
  GET https://api.staging.mercap.com.ar/bond-laws/b7a5d364-9a04-42a3-9605-921eb5b704a8 [200 OK, 845B, 202ms]
  ✓  Item 4 (Ley Chilena) self link returns status 200
  ┌
  │ '🔎 Testing Item 5 (Ley Paraguaya)'
  └
  ✓  Item 5 (Ley Paraguaya) contains expected properties
  ✓  Item 5 (Ley Paraguaya) 'name' is a non-empty string
  ✓  Item 5 (Ley Paraguaya) self link is a valid URL
  GET https://api.staging.mercap.com.ar/bond-laws/8c970aa1-9fa0-46a1-b355-4a8a79adbee6 [200 OK, 841B, 190ms]
  ✓  Item 5 (Ley Paraguaya) self link returns status 200
  ┌
  │ '🔎 Testing Item 6 (Ley Europea)'
  └
  ✓  Item 6 (Ley Europea) contains expected properties
  ✓  Item 6 (Ley Europea) 'name' is a non-empty string
  ✓  Item 6 (Ley Europea) self link is a valid URL
  GET https://api.staging.mercap.com.ar/bond-laws/2a2af6f8-8264-41c9-86e9-a9eb810c4deb [200 OK, 845B, 194ms]
  ✓  Item 6 (Ley Europea) self link returns status 200
  ┌
  │ '🔎 Testing Item 7 (Ley Brasilera)'
  └
  ✓  Item 7 (Ley Brasilera) contains expected properties
  ✓  Item 7 (Ley Brasilera) 'name' is a non-empty string
  ✓  Item 7 (Ley Brasilera) self link is a valid URL
  GET https://api.staging.mercap.com.ar/bond-laws/5ef6489e-1b5c-4864-8fd2-c57c11038319 [200 OK, 839B, 201ms]
  ✓  Item 7 (Ley Brasilera) self link returns status 200
  ┌
  │ '🔎 Testing Item 8 (Ley Mexicana)'
  └
  ✓  Item 8 (Ley Mexicana) contains expected properties
  ✓  Item 8 (Ley Mexicana) 'name' is a non-empty string
  ✓  Item 8 (Ley Mexicana) self link is a valid URL
  GET https://api.staging.mercap.com.ar/bond-laws/faaf8f43-b147-4c68-aaf9-ffbaf7d27695 [200 OK, 842B, 94ms]
  ✓  Item 8 (Ley Mexicana) self link returns status 200
  ┌
  │ '🔎 Testing Item 9 (Ley Federal (EEUU))'
  └
  ✓  Item 9 (Ley Federal (EEUU)) contains expected properties
  ✓  Item 9 (Ley Federal (EEUU)) 'name' is a non-empty string
  ✓  Item 9 (Ley Federal (EEUU)) self link is a valid URL
  GET https://api.staging.mercap.com.ar/bond-laws/88948c32-92b6-4394-8505-00acd0124a7f [200 OK, 858B, 99ms]
  ✓  Item 9 (Ley Federal (EEUU)) self link returns status 200

❏ Pepper-GS32 / Regression-Test / Bond Screener
↳ Filter by debt-type, issueCurrency, paymentCurrency, issuer & law

❏ Pepper-GS32 / Regression-Test / Currencies
↳ Get all curencies - validate each self link
  GET https://api.staging.mercap.com.ar/currencies [200 OK, 1.92kB, 90ms]
  ✓  Response is received
  ✓  Status code is 200
  ✓  Response contains 'items' array with at least one element
  ✓  Response contains 'links.self'
  ✓  No duplicate currency signs
  ✓  No duplicate singular names
  ┌
  │ '🔎 Testing Item 1 (ARS)'
  └
  ✓  Item 1 (ARS) contains expected properties
  ✓  Item 1 (ARS) text fields are non-empty strings
  ✓  Item 1 (ARS) self link is a valid URL
  GET https://api.staging.mercap.com.ar/currencies/1ab0ad33-7b34-4e64-8a52-a3d4f9cf8452 [200 OK, 885B, 173ms]
  ✓  Item 1 (ARS) self link returns status 200
  ┌
  │ '🔎 Testing Item 2 (USD)'
  └
  ✓  Item 2 (USD) contains expected properties
  ✓  Item 2 (USD) text fields are non-empty strings
  ✓  Item 2 (USD) self link is a valid URL
  GET https://api.staging.mercap.com.ar/currencies/e852e30f-42ad-4343-a7f6-3bc4ec840ed1 [200 OK, 883B, 102ms]
  ✓  Item 2 (USD) self link returns status 200
  ┌
  │ '🔎 Testing Item 3 (EUR)'
  └
  ✓  Item 3 (EUR) contains expected properties
  ✓  Item 3 (EUR) text fields are non-empty strings
  ✓  Item 3 (EUR) self link is a valid URL
  GET https://api.staging.mercap.com.ar/currencies/baeef6f0-0294-4ae5-bc16-dade743ae049 [200 OK, 877B, 188ms]
  ✓  Item 3 (EUR) self link returns status 200
  ┌
  │ '🔎 Testing Item 4 (GBP)'
  └
  ✓  Item 4 (GBP) contains expected properties
  ✓  Item 4 (GBP) text fields are non-empty strings
  ✓  Item 4 (GBP) self link is a valid URL
  GET https://api.staging.mercap.com.ar/currencies/695a7f24-199f-4bf6-984f-0ba08c803956 [200 OK, 885B, 192ms]
  ✓  Item 4 (GBP) self link returns status 200
  ┌
  │ '🔎 Testing Item 5 (CLP)'
  └
  ✓  Item 5 (CLP) contains expected properties
  ✓  Item 5 (CLP) text fields are non-empty strings
  ✓  Item 5 (CLP) self link is a valid URL
  GET https://api.staging.mercap.com.ar/currencies/076f26bd-f0ee-4ead-9f6b-e3881eec23d2 [200 OK, 877B, 97ms]
  ✓  Item 5 (CLP) self link returns status 200
  ┌
  │ '🔎 Testing Item 6 (PYG)'
  └
  ✓  Item 6 (PYG) contains expected properties
  ✓  Item 6 (PYG) text fields are non-empty strings
  ✓  Item 6 (PYG) self link is a valid URL
  GET https://api.staging.mercap.com.ar/currencies/fd3c2d5a-267d-4c93-aa8a-15a490e283e5 [200 OK, 875B, 101ms]
  ✓  Item 6 (PYG) self link returns status 200
  ┌
  │ '🔎 Testing Item 7 (MXN)'
  └
  ✓  Item 7 (MXN) contains expected properties
  ✓  Item 7 (MXN) text fields are non-empty strings
  ✓  Item 7 (MXN) self link is a valid URL
  GET https://api.staging.mercap.com.ar/currencies/6684ef14-e0cf-4096-a088-9071a409e8b8 [200 OK, 877B, 101ms]
  ✓  Item 7 (MXN) self link returns status 200

❏ Pepper-GS32 / Regression-Test / Debt types
↳ Get all debt types - validate each self link
  GET https://api.staging.mercap.com.ar/debt-types [200 OK, 1.16kB, 178ms]
  ✓  Response is received
  ✓  Status code is 200
  ✓  Response contains 'items' array with at least one element
  ✓  Response contains 'links.self'
  ✓  No duplicate debt type names
  ┌
  │ '🔎 Testing Item 1 (Título Público)'
  └
  ✓  Item 1 (Título Público) contains expected properties
  ✓  Item 1 (Título Público) 'singularName' is a non-empty string
  ✓  Item 1 (Título Público) self link is a valid URL
  GET https://api.staging.mercap.com.ar/debt-types/e3da5be4-2107-4ca2-97d9-77b5cf8e8725 [200 OK, 860B, 194ms]
  ✓  Item 1 (Título Público) self link returns status 200
  ┌
  │ '🔎 Testing Item 2 (Obligación Negociable)'
  └
  ✓  Item 2 (Obligación Negociable) contains expected properties
  ✓  Item 2 (Obligación Negociable) 'singularName' is a non-empty string
  ✓  Item 2 (Obligación Negociable) self link is a valid URL
  GET https://api.staging.mercap.com.ar/debt-types/a6af5129-7f88-46ce-879b-bfb0a4ee8a7b [200 OK, 866B, 186ms]
  ✓  Item 2 (Obligación Negociable) self link returns status 200
  ┌
  │ '🔎 Testing Item 3 (Fideicomiso)'
  └
  ✓  Item 3 (Fideicomiso) contains expected properties
  ✓  Item 3 (Fideicomiso) 'singularName' is a non-empty string
  ✓  Item 3 (Fideicomiso) self link is a valid URL
  GET https://api.staging.mercap.com.ar/debt-types/c2b8670a-dec7-4bfd-b5ba-5ce86c0d5eab [200 OK, 851B, 103ms]
  ✓  Item 3 (Fideicomiso) self link returns status 200

❏ Pepper-GS32 / Regression-Test / Exchange Schemes
↳ Get all exchange schemes
  GET https://api.staging.mercap.com.ar/exchange-schemes [200 OK, 4.41kB, 54ms]
  ✓  Response is received
  ✓  Status code is 200
  ✓  Media-Type is correct
  ✓  Items array is present and not empty
  ✓  No duplicate names in items
  ✓  Links are unique for each item
  ✓  Self link matches expected URL
  ┌
  │ '✔ EXCHANGE_SCHEMES_UUID seteado: https://api.staging.
  │ mercap.com.ar/exchange-schemes/150dd7f3-1420-4c76-8ed6
  │ -827667455276'
  └
  ✓  Item 1 (Esquema ARS - USD Oficial) contains expected properties
  ✓  Item 1 (Esquema ARS - USD Oficial) 'name' is non-empty
  ✓  Item 1 (Esquema ARS - USD Oficial) 'targetCurrency' is a valid URL
  ✓  Item 1 (Esquema ARS - USD Oficial) 'self' link is valid URL
  GET https://api.staging.mercap.com.ar/exchange-schemes/150dd7f3-1420-4c76-8ed6-827667455276 [200 OK, 1kB, 62ms]
  ✓  Item 1 (Esquema ARS - USD Oficial) self link returns status 200
  ✓  Item 2 (Esquema USD) contains expected properties
  ✓  Item 2 (Esquema USD) 'name' is non-empty
  ✓  Item 2 (Esquema USD) 'targetCurrency' is a valid URL
  ✓  Item 2 (Esquema USD) 'self' link is valid URL
  GET https://api.staging.mercap.com.ar/exchange-schemes/f8886784-c23d-4de1-a058-5b27fce14ffe [200 OK, 986B, 90ms]
  ✓  Item 2 (Esquema USD) self link returns status 200
  ✓  Item 3 (Esquema EUR) contains expected properties
  ✓  Item 3 (Esquema EUR) 'name' is non-empty
  ✓  Item 3 (Esquema EUR) 'targetCurrency' is a valid URL
  ✓  Item 3 (Esquema EUR) 'self' link is valid URL
  GET https://api.staging.mercap.com.ar/exchange-schemes/1bf50dde-4343-49e7-8a60-62997a6b5001 [200 OK, 982B, 50ms]
  ✓  Item 3 (Esquema EUR) self link returns status 200
  ✓  Item 4 (Esquema CLP) contains expected properties
  ✓  Item 4 (Esquema CLP) 'name' is non-empty
  ✓  Item 4 (Esquema CLP) 'targetCurrency' is a valid URL
  ✓  Item 4 (Esquema CLP) 'self' link is valid URL
  GET https://api.staging.mercap.com.ar/exchange-schemes/1cb8b99b-86b7-4036-9124-8f809066ed41 [200 OK, 998B, 72ms]
  ✓  Item 4 (Esquema CLP) self link returns status 200
  ✓  Item 5 (Esquema GBP) contains expected properties
  ✓  Item 5 (Esquema GBP) 'name' is non-empty
  ✓  Item 5 (Esquema GBP) 'targetCurrency' is a valid URL
  ✓  Item 5 (Esquema GBP) 'self' link is valid URL
  GET https://api.staging.mercap.com.ar/exchange-schemes/9bd90858-0402-49fc-9975-0a1daf381643 [200 OK, 988B, 58ms]
  ✓  Item 5 (Esquema GBP) self link returns status 200
  ✓  Item 6 (Esquema PYG) contains expected properties
  ✓  Item 6 (Esquema PYG) 'name' is non-empty
  ✓  Item 6 (Esquema PYG) 'targetCurrency' is a valid URL
  ✓  Item 6 (Esquema PYG) 'self' link is valid URL
  GET https://api.staging.mercap.com.ar/exchange-schemes/d85f0a6d-1a80-4f8d-b58b-b4818a47d8c6 [200 OK, 984B, 63ms]
  ✓  Item 6 (Esquema PYG) self link returns status 200
  ✓  Item 7 (USD MEP) contains expected properties
  ✓  Item 7 (USD MEP) 'name' is non-empty
  ✓  Item 7 (USD MEP) 'targetCurrency' is a valid URL
  ✓  Item 7 (USD MEP) 'self' link is valid URL
  GET https://api.staging.mercap.com.ar/exchange-schemes/cf410c0e-ab29-489f-96d3-db0c857240d2 [200 OK, 982B, 62ms]
  ✓  Item 7 (USD MEP) self link returns status 200
  ✓  Item 8 (Esquema ARS - USD MEP) contains expected properties
  ✓  Item 8 (Esquema ARS - USD MEP) 'name' is non-empty
  ✓  Item 8 (Esquema ARS - USD MEP) 'targetCurrency' is a valid URL
  ✓  Item 8 (Esquema ARS - USD MEP) 'self' link is valid URL
  GET https://api.staging.mercap.com.ar/exchange-schemes/b0692058-1c49-4ed8-b2ca-3fe84a8c2c49 [200 OK, 996B, 62ms]
  ✓  Item 8 (Esquema ARS - USD MEP) self link returns status 200
  ✓  Item 9 (Esquema ARS - USD CCL) contains expected properties
  ✓  Item 9 (Esquema ARS - USD CCL) 'name' is non-empty
  ✓  Item 9 (Esquema ARS - USD CCL) 'targetCurrency' is a valid URL
  ✓  Item 9 (Esquema ARS - USD CCL) 'self' link is valid URL
  GET https://api.staging.mercap.com.ar/exchange-schemes/f512817f-1d31-4cea-b325-691c2c05c031 [200 OK, 994B, 147ms]
  ✓  Item 9 (Esquema ARS - USD CCL) self link returns status 200
  ✓  Item 10 ((MPC) Esquema USD - Oficial) contains expected properties
  ✓  Item 10 ((MPC) Esquema USD - Oficial) 'name' is non-empty
  ✓  Item 10 ((MPC) Esquema USD - Oficial) 'targetCurrency' is a valid URL
  ✓  Item 10 ((MPC) Esquema USD - Oficial) 'self' link is valid URL
  GET https://api.staging.mercap.com.ar/exchange-schemes/c0f4f0d8-6db9-44b2-8679-019e8029e79a [200 OK, 1kB, 72ms]
  ✓  Item 10 ((MPC) Esquema USD - Oficial) self link returns status 200

↳ Get exchange scheme by UUID
  GET https://api.staging.mercap.com.ar/exchange-schemes/150dd7f3-1420-4c76-8ed6-827667455276 [200 OK, 998B, 63ms]
  ✓  Response is received
  ✓  Status code is 200
  ✓  Media-Type is correct
  ┌
  │ 'Response has correct properties.'
  └
  ✓  Response has correct properties
  ┌
  │ 'targetCurrency belongs to the correct domain.'
  └
  ✓  TargetCurrency belongs to the correct domain
  ┌
  │ 'Self link is correct:', 'https://api.staging.mercap.c
  │ om.ar/exchange-schemes/150dd7f3-1420-4c76-8ed6-8276674
  │ 55276'
  └
  ✓  Self link is correct

❏ Pepper-GS32 / Regression-Test / Investments
↳ Create an investment
  ┌
  │ '▶ [undefined] Ejecutando con ticker: AL30'
  └
  GET https://api.staging.mercap.com.ar/tradable-securities?query=AL30&tradeDate=2026-09-16 [200 OK, 2.64kB, 72ms]
  ┌
  │ '📌 TRADABLE_SECURITY_URL: https://api.staging.mercap.
  │ com.ar/tradable-securities/6cfdf5ed-d8da-411a-8e86-b1b
  │ beef54f45'
  └
  POST https://api.staging.mercap.com.ar/investments [201 Created, 1.84kB, 161ms]
  ┌
  │ 'Response received successfully with status 201 Create
  │ d.'
  └
  ✓  Response is received
  ┌
  │ 'Content-Type header is correct.'
  └
  ✓  Media-Type is correct
  ┌
  │ 'Response body is not empty.'
  └
  ✓  Response body is not empty
  ┌
  │ 'Response contains all expected properties.'
  └
  ✓  Response contains expected properties
  ┌
  │ 'No fields are null.'
  └
  ✓  No fields are null
  ┌
  │ 'Optional property exchangeRateSensitivity is present.
  │ '
  └
  ✓  Links contain expected mandatory and optional properties
  ┌
  │ 'All links are valid URLs.'
  └
  ✓  All links are valid URLs
  ┌
  │ 'Security link is valid.'
  └
  ✓  Security is a valid URL
  ┌
  │ 'Security link is correct:', 'https://api.staging.merc
  │ ap.com.ar/tradable-securities/6cfdf5ed-d8da-411a-8e86-
  │ b1bbeef54f45'
  └
  ✓  Security link is correct
  ┌
  │ 'Investment contains all expected properties.'
  └
  ✓  Investment contains expected properties
  ┌
  │ 'Settlement Date is correct.'
  └
  ✓  Settlement Date is correct
  ┌
  │ 'Investment Settlement Date is correct.'
  └
  ✓  Investment Settlement Date is correct
  ┌
  │ 'Asset amount is correct.'
  └
  ✓  Asset amount is correct
  ┌
  │ 'Every amount is correct.'
  └
  ✓  Every amount is correct
  ┌
  │ 'Price type is correct.'
  └
  ✓  Price type is correct
  ┌
  │ 'Price isDirty is true.'
  └
  ✓  Price isDirty is true
  ┌
  │ '✔ SELF_INVESTMENT =', 'https://api.staging.mercap.com
  │ .ar/investments/3'
  │ '✔ INTERNAL_RATE_OF_RETURN_SENSITIVITY =', 'https://ap
  │ i.staging.mercap.com.ar/investments/3/irr-sensitivity'
  │ '✔ INVESTMENT_METRICS =', 'https://api.staging.mercap.
  │ com.ar/investments/3/metrics'
  │ '✔ PRICE_SENSITIVITY =', 'https://api.staging.mercap.c
  │ om.ar/investments/3/price-sensitivity'
  │ '✔ EXCHANGE_RATE_SENSITIVITY =', 'https://api.staging.
  │ mercap.com.ar/investments/3/exchange-rate-sensitivity'
  └

↳ Get investment by ID
  ┌
  │ '▶ [undefined] Ejecutando con ticker: AL30'
  └
  GET https://api.staging.mercap.com.ar/tradable-securities?query=AL30&tradeDate=2026-09-16 [200 OK, 2.64kB, 61ms]
  ┌
  │ '📌 TRADABLE_SECURITY_URL: https://api.staging.mercap.
  │ com.ar/tradable-securities/6cfdf5ed-d8da-411a-8e86-b1b
  │ beef54f45'
  └
  GET https://api.staging.mercap.com.ar/investments/3 [200 OK, 1.85kB, 189ms]
  ┌
  │ 'Response received successfully with status 200 OK.'
  └
  ✓  Response is received
  ┌
  │ 'Content-Type header is correct.'
  └
  ✓  Media-Type is correct
  ┌
  │ 'Response body is not empty.'
  └
  ✓  Response body is not empty
  ┌
  │ 'Response contains all expected properties.'
  └
  ✓  Response contains expected properties
  ┌
  │ 'No fields are null.'
  └
  ✓  No fields are null
  ┌
  │ 'Optional property exchangeRateSensitivity is present.
  │ '
  └
  ✓  Links contain expected mandatory and optional properties
  ┌
  │ 'All links are valid URLs.'
  └
  ✓  All links are valid URLs
  ┌
  │ 'Security link is valid.'
  └
  ✓  Security is a valid URL
  ┌
  │ 'Security link is correct:', 'https://api.staging.merc
  │ ap.com.ar/tradable-securities/6cfdf5ed-d8da-411a-8e86-
  │ b1bbeef54f45'
  └
  ✓  Security link is correct
  ┌
  │ 'Investment contains all expected properties.'
  └
  ✓  Investment contains expected properties
  ┌
  │ 'Settlement Date is correct.'
  └
  ✓  Settlement Date is correct
  ┌
  │ 'Investment Settlement Date is correct.'
  └
  ✓  Investment Settlement Date is correct
  ┌
  │ 'Asset amount is correct.'
  └
  ✓  Asset amount is correct
  ┌
  │ 'Every amount is correct.'
  └
  ✓  Every amount is correct
  ┌
  │ 'Price type is correct.'
  └
  ✓  Price type is correct
  ┌
  │ 'Price isDirty is true.'
  └
  ✓  Price isDirty is true
  ┌
  │ '✔ SELF_INVESTMENT =', 'https://api.staging.mercap.com
  │ .ar/investments/3'
  │ '✔ INTERNAL_RATE_OF_RETURN_SENSITIVITY =', 'https://ap
  │ i.staging.mercap.com.ar/investments/3/irr-sensitivity'
  │ '✔ INVESTMENT_METRICS =', 'https://api.staging.mercap.
  │ com.ar/investments/3/metrics'
  │ '✔ PRICE_SENSITIVITY =', 'https://api.staging.mercap.c
  │ om.ar/investments/3/price-sensitivity'
  │ '✔ EXCHANGE_RATE_SENSITIVITY =', 'https://api.staging.
  │ mercap.com.ar/investments/3/exchange-rate-sensitivity'
  └

↳ Get investment metrics by ID
  ┌
  │ '▶ [undefined] Ejecutando con ticker: AL30'
  └
  GET https://api.staging.mercap.com.ar/tradable-securities?query=AL30&tradeDate=2026-09-16 [200 OK, 2.63kB, 86ms]
  ┌
  │ '📌 TRADABLE_SECURITY_URL: https://api.staging.mercap.
  │ com.ar/tradable-securities/6cfdf5ed-d8da-411a-8e86-b1b
  │ beef54f45'
  └
  GET https://api.staging.mercap.com.ar/investments/3/metrics [200 OK, 2.19kB, 1854ms]
  ✓  Response is received
  ✓  Status code is 200
  ✓  Media-Type is correct
  ✓  Response contains required properties
  ✓  Mandatory numeric fields have correct type
  ✓  lastQuote structure is valid when present
  ✓  lastIntradayQuote structure is valid
  ✓  Cost and residualAmount structure is valid
  ✓  Optional fields are valid when present
  ✓  Links object exists

↳ Get investment irr sensitivity by ID
  ┌
  │ '▶ [undefined] Ejecutando con ticker: AL30'
  └
  GET https://api.staging.mercap.com.ar/tradable-securities?query=AL30&tradeDate=2026-09-16 [200 OK, 2.64kB, 82ms]
  ┌
  │ '📌 TRADABLE_SECURITY_URL: https://api.staging.mercap.
  │ com.ar/tradable-securities/6cfdf5ed-d8da-411a-8e86-b1b
  │ beef54f45'
  └
  GET https://api.staging.mercap.com.ar/investments/3/irr-sensitivity [200 OK, 2.45kB, 278ms]
  ✓  Response is received
  ✓  Status code is 200
  ✓  Media-Type is correct
  ✓  Response body is not empty
  ✓  No main fields are null
  ✓  Results array is valid
  ┌
  │ 'Baseline contains all mandatory properties.'
  └
  ✓  Baseline mandatory properties are present
  ✓  Baseline optional properties are valid when present
  ┌
  │ 'Result 1 contains all mandatory fields.'
  │ 'Result 2 contains all mandatory fields.'
  │ 'Result 3 contains all mandatory fields.'
  │ 'Result 4 contains all mandatory fields.'
  │ 'Result 5 contains all mandatory fields.'
  │ 'Result 6 contains all mandatory fields.'
  │ 'Result 7 contains all mandatory fields.'
  │ 'Result 8 contains all mandatory fields.'
  │ 'Result 9 contains all mandatory fields.'
  │ 'Result 10 contains all mandatory fields.'
  │ 'Result 11 contains all mandatory fields.'
  └
  ✓  Each result contains mandatory properties

↳ Get investment price sensitivity by ID
  ┌
  │ '▶ [undefined] Ejecutando con ticker: AL30'
  └
  GET https://api.staging.mercap.com.ar/tradable-securities?query=AL30&tradeDate=2026-09-16 [200 OK, 2.64kB, 78ms]
  ┌
  │ '📌 TRADABLE_SECURITY_URL: https://api.staging.mercap.
  │ com.ar/tradable-securities/6cfdf5ed-d8da-411a-8e86-b1b
  │ beef54f45'
  └
  GET https://api.staging.mercap.com.ar/investments/3/price-sensitivity [200 OK, 2.3kB, 227ms]
  ✓  Response is received
  ✓  Status code is 200
  ✓  Media-Type is correct
  ✓  Response body is not empty
  ✓  No main fields are null
  ✓  Results array is valid
  ┌
  │ 'Step contains numberOfBasisPoint: 500'
  └
  ✓  Step contains expected properties
  ┌
  │ 'Baseline contains all expected properties.'
  └
  ✓  Baseline contains expected properties
  ┌
  │ 'Result 1 contains all expected properties.'
  │ 'Result 2 contains all expected properties.'
  │ 'Result 3 contains all expected properties.'
  │ 'Result 4 contains all expected properties.'
  │ 'Result 5 contains all expected properties.'
  │ 'Result 6 contains all expected properties.'
  │ 'Result 7 contains all expected properties.'
  │ 'Result 8 contains all expected properties.'
  │ 'Result 9 contains all expected properties.'
  │ 'Result 10 contains all expected properties.'
  │ 'Result 11 contains all expected properties.'
  └
  ✓  Each result contains expected properties
  ✓  Check that properties in each 'results' have the expected format

↳ Get investment exchange rate sensitivity by ID
  ┌
  │ '▶ [undefined] Ejecutando con ticker: AL30'
  └
  GET https://api.staging.mercap.com.ar/tradable-securities?query=AL30&tradeDate=2026-09-16 [200 OK, 2.64kB, 88ms]
  ┌
  │ '📌 TRADABLE_SECURITY_URL: https://api.staging.mercap.
  │ com.ar/tradable-securities/6cfdf5ed-d8da-411a-8e86-b1b
  │ beef54f45'
  └
  GET https://api.staging.mercap.com.ar/investments/3/exchange-rate-sensitivity [200 OK, 2.52kB, 484ms]
  ✓  Response is received
  ✓  Status code is 200
  ✓  Media-Type is correct
  ✓  Response body is not empty
  ✓  No main fields are null
  ✓  Results array is valid
  ┌
  │ 'Step is correct: 0.01'
  └
  ✓  Step contains expected value
  ┌
  │ 'NumberOfScenarios is 10 and step is 0.01'
  └
  ✓  NumberOfScenarios and step have the expected values

❏ Pepper-GS32 / Regression-Test / Instrument Issuers
↳ Get all instrument issuers
  GET https://api.staging.mercap.com.ar/instrument-issuers [200 OK, 135.59kB, 672ms]
  ✓  Response is received
  ✓  Status code is 200
  ✓  Media-Type is correct
  ✓  Items array is present and not empty
  ✓  No duplicate names in items
  ✓  Links are unique for each item
  ✓  Self link matches expected URL
  ┌
  │ '✔ INSTRUMENT_ISSUERS_UUID seteado: https://api.stagin
  │ g.mercap.com.ar/instrument-issuers/6f5616c7-d1f0-4cd2-
  │ b4b3-bb99184712cf'
  └
  ✓  Item 1 (BCRA) contains expected properties
  ✓  Item 1 (BCRA) 'name' is a non-empty string
  ✓  Item 1 (BCRA) 'self' link is a valid URL
  ✓  Item 2 (Federal Reserve) contains expected properties
  ✓  Item 2 (Federal Reserve) 'name' is a non-empty string
  ✓  Item 2 (Federal Reserve) 'self' link is a valid URL
  ✓  Item 3 (Republica Argentina) contains expected properties
  ✓  Item 3 (Republica Argentina) 'name' is a non-empty string
  ✓  Item 3 (Republica Argentina) 'self' link is a valid URL
  ✓  Item 4 (BCE) contains expected properties
  ✓  Item 4 (BCE) 'name' is a non-empty string
  ✓  Item 4 (BCE) 'self' link is a valid URL
  ✓  Item 5 (Pcia. de Buenos Aires) contains expected properties
  ✓  Item 5 (Pcia. de Buenos Aires) 'name' is a non-empty string
  ✓  Item 5 (Pcia. de Buenos Aires) 'self' link is a valid URL
  ✓  Item 6 (Cdad. de Buenos Aires) contains expected properties
  ✓  Item 6 (Cdad. de Buenos Aires) 'name' is a non-empty string
  ✓  Item 6 (Cdad. de Buenos Aires) 'self' link is a valid URL
  ✓  Item 7 (Tesorería General de la Nación (Argentina)) contains expected properties
  ✓  Item 7 (Tesorería General de la Nación (Argentina)) 'name' is a non-empty string
  ✓  Item 7 (Tesorería General de la Nación (Argentina)) 'self' link is a valid URL
  ✓  Item 8 (Pcia. de Chaco) contains expected properties
  ✓  Item 8 (Pcia. de Chaco) 'name' is a non-empty string
  ✓  Item 8 (Pcia. de Chaco) 'self' link is a valid URL
  ✓  Item 9 (Pcia. de Chubut) contains expected properties
  ✓  Item 9 (Pcia. de Chubut) 'name' is a non-empty string
  ✓  Item 9 (Pcia. de Chubut) 'self' link is a valid URL
  ✓  Item 10 (Pcia. de Entre Ríos) contains expected properties
  ✓  Item 10 (Pcia. de Entre Ríos) 'name' is a non-empty string
  ✓  Item 10 (Pcia. de Entre Ríos) 'self' link is a valid URL
  GET https://api.staging.mercap.com.ar/instrument-issuers/6f5616c7-d1f0-4cd2-b4b3-bb99184712cf   GET https://api.staging.mercap.com.ar/instrument-issuers/89874250-34f0-4358-a261-c13ce5bac46a   GET https://api.staging.mercap.com.ar/instrument-issuers/6dbaafee-d41d-4262-a53e-9df48c0de55a   GET https://api.staging.mercap.com.ar/instrument-issuers/383ff553-5419-4d7a-888d-48c68b1abcd4   GET https://api.staging.mercap.com.ar/instrument-issuers/0cf0cba4-9ccc-4904-9a26-68666dba6568   GET https://api.staging.mercap.com.ar/instrument-issuers/26e53912-2587-4855-9c61-d5e4915b3e49   GET https://api.staging.mercap.com.ar/instrument-issuers/b11a569e-610e-4519-b775-c6cd35dc72fc   GET https://api.staging.mercap.com.ar/instrument-issuers/8d1ba67d-5751-4ccc-8f59-242234628a68   GET https://api.staging.mercap.com.ar/instrument-issuers/88400bd6-f8f5-4da4-91d2-ad6fea90a273   GET https://api.staging.mercap.com.ar/instrument-issuers/66da8712-1d05-4180-b17f-27df7c13b8e2 [200 OK, 880B, 75ms]
  ✓  Item 10 (Pcia. de Entre Ríos) self link returns status 200
[200 OK, 869B, 164ms]
  ✓  Item 6 (Cdad. de Buenos Aires) self link returns status 200
[200 OK, 875B, 168ms]
  ✓  Item 3 (Republica Argentina) self link returns status 200
[200 OK, 864B, 174ms]
  ✓  Item 8 (Pcia. de Chaco) self link returns status 200
[200 OK, 854B, 178ms]
  ✓  Item 1 (BCRA) self link returns status 200
[200 OK, 863B, 183ms]
  ✓  Item 9 (Pcia. de Chubut) self link returns status 200
[200 OK, 898B, 185ms]
  ✓  Item 7 (Tesorería General de la Nación (Argentina)) self link returns status 200
[200 OK, 853B, 192ms]
  ✓  Item 4 (BCE) self link returns status 200
[200 OK, 865B, 197ms]
  ✓  Item 2 (Federal Reserve) self link returns status 200
[200 OK, 867B, 204ms]
  ✓  Item 5 (Pcia. de Buenos Aires) self link returns status 200

↳ Get instrument issuers by UUID
  GET https://api.staging.mercap.com.ar/instrument-issuers/6f5616c7-d1f0-4cd2-b4b3-bb99184712cf [200 OK, 852B, 245ms]
  ✓  Response is received
  ✓  Status code is 200
  ✓  Media-Type is correct
  ┌
  │ 'Response has correct properties (including optional l
  │ inks).'
  └
  ✓  Response has correct properties
  ┌
  │ 'Self link is correct:', 'https://api.staging.mercap.c
  │ om.ar/instrument-issuers/6f5616c7-d1f0-4cd2-b4b3-bb991
  │ 84712cf'
  └
  ✓  Self link is correct

❏ Pepper-GS32 / Regression-Test / Markets
↳ Get all markets
  GET https://api.staging.mercap.com.ar/markets [200 OK, 1.54kB, 46ms]
  ✓  Response is received
  ✓  Status code is 200
  ✓  Media-Type is correct
  ✓  Items array is present and not empty
  ✓  No duplicate names in items
  ✓  Links are unique for each item
  ✓  Self link matches expected URL
  ┌
  │ '✔ MARKETS_UUID seteado: https://api.staging.mercap.co
  │ m.ar/markets/4caa715b-06cb-428f-ac4c-f40a872a1064'
  └
  ✓  Item 1 (BYMA) contains expected properties
  ✓  Item 1 (BYMA) 'name' is a non-empty string
  ✓  Item 1 (BYMA) 'self' link is a valid URL
  ✓  Item 2 (Mercado Internacional) contains expected properties
  ✓  Item 2 (Mercado Internacional) 'name' is a non-empty string
  ✓  Item 2 (Mercado Internacional) 'self' link is a valid URL
  ✓  Item 3 (Mercado de Fondos) contains expected properties
  ✓  Item 3 (Mercado de Fondos) 'name' is a non-empty string
  ✓  Item 3 (Mercado de Fondos) 'self' link is a valid URL
  ✓  Item 4 (VALMERCAP) contains expected properties
  ✓  Item 4 (VALMERCAP) 'name' is a non-empty string
  ✓  Item 4 (VALMERCAP) 'self' link is a valid URL
  ✓  Item 5 (OTC) contains expected properties
  ✓  Item 5 (OTC) 'name' is a non-empty string
  ✓  Item 5 (OTC) 'self' link is a valid URL
  ✓  Item 6 (CBONDS) contains expected properties
  ✓  Item 6 (CBONDS) 'name' is a non-empty string
  ✓  Item 6 (CBONDS) 'self' link is a valid URL
  GET https://api.staging.mercap.com.ar/markets/4caa715b-06cb-428f-ac4c-f40a872a1064   GET https://api.staging.mercap.com.ar/markets/48ad8a13-23a9-4a7d-81bb-32d0f7135f83   GET https://api.staging.mercap.com.ar/markets/400215b2-e24b-45a2-b0bc-ba3fee932ba2   GET https://api.staging.mercap.com.ar/markets/09f99b78-0440-48d1-a438-44d1e798d774   GET https://api.staging.mercap.com.ar/markets/8d92b182-30ea-4bc0-9d84-d221a606bc91   GET https://api.staging.mercap.com.ar/markets/384d384f-5c45-4d90-9ead-f022c6b970f6 [200 OK, 868B, 39ms]
  ✓  Item 4 (VALMERCAP) self link returns status 200
[200 OK, 856B, 49ms]
  ✓  Item 5 (OTC) self link returns status 200
[200 OK, 857B, 52ms]
  ✓  Item 1 (BYMA) self link returns status 200
[200 OK, 872B, 52ms]
  ✓  Item 3 (Mercado de Fondos) self link returns status 200
[200 OK, 874B, 55ms]
  ✓  Item 2 (Mercado Internacional) self link returns status 200
[200 OK, 861B, 69ms]
  ✓  Item 6 (CBONDS) self link returns status 200

↳ Get markets by UUID
  GET https://api.staging.mercap.com.ar/markets/4caa715b-06cb-428f-ac4c-f40a872a1064 [200 OK, 865B, 79ms]
  ✓  Response is received
  ✓  Status code is 200
  ✓  Media-Type is correct
  ┌
  │ 'Response has correct properties.'
  └
  ✓  Response has correct properties
  ┌
  │ 'Self link is correct:', 'https://api.staging.mercap.c
  │ om.ar/markets/4caa715b-06cb-428f-ac4c-f40a872a1064'
  └
  ✓  Self link is correct

❏ Pepper-GS32 / Regression-Test / Mutual Fund Types
↳ Get all mutual fund types
  GET https://api.staging.mercap.com.ar/mutual-fund-types [200 OK, 1.54kB, 142ms]
  ✓  Response is received
  ✓  Status code is 200
  ✓  Media-Type is correct
  ✓  Items array is present and not empty
  ✓  No duplicate names in items
  ✓  Links are unique for each item
  ✓  Self link matches expected URL
  ┌
  │ '✔ MUTUAL_FUND_TYPES_UUID seteado: https://api.staging
  │ .mercap.com.ar/mutual-fund-types/01d9b1af-d6e9-43a8-a1
  │ 0a-6675bdf9992c'
  └
  ✓  Item 1 (Renta Fija) contains expected properties
  ✓  Item 1 (Renta Fija) 'name' is a non-empty string
  ✓  Item 1 (Renta Fija) 'self' link is a valid URL
  ✓  Item 2 (Renta Variable) contains expected properties
  ✓  Item 2 (Renta Variable) 'name' is a non-empty string
  ✓  Item 2 (Renta Variable) 'self' link is a valid URL
  ✓  Item 3 (Mixto) contains expected properties
  ✓  Item 3 (Mixto) 'name' is a non-empty string
  ✓  Item 3 (Mixto) 'self' link is a valid URL
  ✓  Item 4 (Money Market) contains expected properties
  ✓  Item 4 (Money Market) 'name' is a non-empty string
  ✓  Item 4 (Money Market) 'self' link is a valid URL
  ✓  Item 5 (Infraestructura) contains expected properties
  ✓  Item 5 (Infraestructura) 'name' is a non-empty string
  ✓  Item 5 (Infraestructura) 'self' link is a valid URL
  ✓  Item 6 (Otros) contains expected properties
  ✓  Item 6 (Otros) 'name' is a non-empty string
  ✓  Item 6 (Otros) 'self' link is a valid URL
  ┌
  │ "At least one item has 'Renta Variable' as name."
  └
  ✓  At least one item has 'Renta Variable' as name
  GET https://api.staging.mercap.com.ar/mutual-fund-types/01d9b1af-d6e9-43a8-a10a-6675bdf9992c   GET https://api.staging.mercap.com.ar/mutual-fund-types/5b136c50-48ff-4147-ba18-458b6915bb08   GET https://api.staging.mercap.com.ar/mutual-fund-types/8ad01c33-186b-4ca7-8b05-37afe197fa52   GET https://api.staging.mercap.com.ar/mutual-fund-types/fe2a9cf8-c614-4815-89fa-60892afad14e   GET https://api.staging.mercap.com.ar/mutual-fund-types/ebf42d78-8395-4bd0-8dbb-048976b7a2f5   GET https://api.staging.mercap.com.ar/mutual-fund-types/c53586fa-4327-459b-b059-1e75dc824816 [200 OK, 857B, 78ms]
  ✓  Item 5 (Infraestructura) self link returns status 200
[200 OK, 858B, 86ms]
  ✓  Item 4 (Money Market) self link returns status 200
[200 OK, 853B, 91ms]
  ✓  Item 3 (Mixto) self link returns status 200
[200 OK, 855B, 96ms]
  ✓  Item 6 (Otros) self link returns status 200
[200 OK, 872B, 101ms]
  ✓  Item 2 (Renta Variable) self link returns status 200
[200 OK, 862B, 182ms]
  ✓  Item 1 (Renta Fija) self link returns status 200

↳ Get mutual fund type by UUID
  GET https://api.staging.mercap.com.ar/mutual-fund-types/01d9b1af-d6e9-43a8-a10a-6675bdf9992c [200 OK, 854B, 184ms]
  ✓  Response is received
  ✓  Status code is 200
  ✓  Media-Type is correct
  ┌
  │ 'Response has the correct properties.'
  └
  ✓  Response has correct properties
  ┌
  │ 'Self link is correct:', 'https://api.staging.mercap.c
  │ om.ar/mutual-fund-types/01d9b1af-d6e9-43a8-a10a-6675bd
  │ f9992c'
  └
  ✓  Self link is correct

❏ Pepper-GS32 / Regression-Test / Mutual Fund Shares
↳ Get all mutual fund shares
  GET https://api.staging.mercap.com.ar/mutual-fund-shares [200 OK, 5.17kB, 68ms]
  ✓  Response is received
  ✓  Status code is 200
  ✓  Media-Type is correct
  ✓  Items array is present
  ✓  No duplicate names in items
  ✓  Links are unique for each item
  ✓  Self link matches expected URL
  ┌
  │ '✔ MUTUAL_FUND_SHARE_UUID seteado: https://api.staging
  │ .mercap.com.ar/mutual-fund-shares/b45091ea-b613-47c1-8
  │ 1b5-955f6e689f4d'
  │ '▶ Testing Item 1 (Gainvest Renta Variable - Clase A)'
  └
  ✓  Item 1 (Gainvest Renta Variable - Clase A) contains expected properties
  ✓  Item 1 (Gainvest Renta Variable - Clase A) 'name' is a non-empty string
  ✓  Item 1 (Gainvest Renta Variable - Clase A) 'issueCurrency' is a valid URL
  ✓  Item 1 (Gainvest Renta Variable - Clase A) 'smallestDenomination' has valid values
  ┌
  │ '▶ Testing Item 2 (Gainvest Renta Variable - Clase B)'
  └
  ✓  Item 2 (Gainvest Renta Variable - Clase B) contains expected properties
  ✓  Item 2 (Gainvest Renta Variable - Clase B) 'name' is a non-empty string
  ✓  Item 2 (Gainvest Renta Variable - Clase B) 'issueCurrency' is a valid URL
  ✓  Item 2 (Gainvest Renta Variable - Clase B) 'smallestDenomination' has valid values
  ┌
  │ '▶ Testing Item 3 (Pellegrini Renta Fija - Clase A)'
  └
  ✓  Item 3 (Pellegrini Renta Fija - Clase A) contains expected properties
  ✓  Item 3 (Pellegrini Renta Fija - Clase A) 'name' is a non-empty string
  ✓  Item 3 (Pellegrini Renta Fija - Clase A) 'issueCurrency' is a valid URL
  ✓  Item 3 (Pellegrini Renta Fija - Clase A) 'smallestDenomination' has valid values
  ┌
  │ '▶ Testing Item 4 (Pellegrini Renta Fija - Clase B)'
  └
  ✓  Item 4 (Pellegrini Renta Fija - Clase B) contains expected properties
  ✓  Item 4 (Pellegrini Renta Fija - Clase B) 'name' is a non-empty string
  ✓  Item 4 (Pellegrini Renta Fija - Clase B) 'issueCurrency' is a valid URL
  ✓  Item 4 (Pellegrini Renta Fija - Clase B) 'smallestDenomination' has valid values
  ┌
  │ '▶ Testing Item 5 (Pellegrini Renta Publica Federal - 
  │ Clase A)'
  └
  ✓  Item 5 (Pellegrini Renta Publica Federal - Clase A) contains expected properties
  ✓  Item 5 (Pellegrini Renta Publica Federal - Clase A) 'name' is a non-empty string
  ✓  Item 5 (Pellegrini Renta Publica Federal - Clase A) 'issueCurrency' is a valid URL
  ✓  Item 5 (Pellegrini Renta Publica Federal - Clase A) 'smallestDenomination' has valid values
  ┌
  │ '▶ Testing Item 6 (Pellegrini Renta Publica Federal - 
  │ Clase B)'
  └
  ✓  Item 6 (Pellegrini Renta Publica Federal - Clase B) contains expected properties
  ✓  Item 6 (Pellegrini Renta Publica Federal - Clase B) 'name' is a non-empty string
  ✓  Item 6 (Pellegrini Renta Publica Federal - Clase B) 'issueCurrency' is a valid URL
  ✓  Item 6 (Pellegrini Renta Publica Federal - Clase B) 'smallestDenomination' has valid values
  ┌
  │ '▶ Testing Item 7 (Alpha Renta Fija Serie 4 - Clase A)
  │ '
  └
  ✓  Item 7 (Alpha Renta Fija Serie 4 - Clase A) contains expected properties
  ✓  Item 7 (Alpha Renta Fija Serie 4 - Clase A) 'name' is a non-empty string
  ✓  Item 7 (Alpha Renta Fija Serie 4 - Clase A) 'issueCurrency' is a valid URL
  ✓  Item 7 (Alpha Renta Fija Serie 4 - Clase A) 'smallestDenomination' has valid values
  ┌
  │ '▶ Testing Item 8 (Alpha Renta Fija Serie 4 - Clase B)
  │ '
  └
  ✓  Item 8 (Alpha Renta Fija Serie 4 - Clase B) contains expected properties
  ✓  Item 8 (Alpha Renta Fija Serie 4 - Clase B) 'name' is a non-empty string
  ✓  Item 8 (Alpha Renta Fija Serie 4 - Clase B) 'issueCurrency' is a valid URL
  ✓  Item 8 (Alpha Renta Fija Serie 4 - Clase B) 'smallestDenomination' has valid values
  ┌
  │ '▶ Testing Item 9 (Alpha Pesos - Clase A)'
  └
  ✓  Item 9 (Alpha Pesos - Clase A) contains expected properties
  ✓  Item 9 (Alpha Pesos - Clase A) 'name' is a non-empty string
  ✓  Item 9 (Alpha Pesos - Clase A) 'issueCurrency' is a valid URL
  ✓  Item 9 (Alpha Pesos - Clase A) 'smallestDenomination' has valid values
  ┌
  │ '▶ Testing Item 10 (Alpha Pesos - Clase B)'
  └
  ✓  Item 10 (Alpha Pesos - Clase B) contains expected properties
  ✓  Item 10 (Alpha Pesos - Clase B) 'name' is a non-empty string
  ✓  Item 10 (Alpha Pesos - Clase B) 'issueCurrency' is a valid URL
  ✓  Item 10 (Alpha Pesos - Clase B) 'smallestDenomination' has valid values
  GET https://api.staging.mercap.com.ar/mutual-fund-shares/b45091ea-b613-47c1-81b5-955f6e689f4d   GET https://api.staging.mercap.com.ar/mutual-fund-shares/e6dd7274-3da3-4fa9-8058-cb4cf0bfa2c5   GET https://api.staging.mercap.com.ar/mutual-fund-shares/2943749b-fd71-483c-8bc2-d0f88763254f   GET https://api.staging.mercap.com.ar/mutual-fund-shares/506c915b-6e58-4a0d-96c2-a1be22065424   GET https://api.staging.mercap.com.ar/mutual-fund-shares/13854960-b51d-4b8c-a67e-4dccc3495fff   GET https://api.staging.mercap.com.ar/mutual-fund-shares/bfe687a7-17f7-41c6-89ab-5ec793d05b88   GET https://api.staging.mercap.com.ar/mutual-fund-shares/6e5ddd18-7bb6-4ee5-8fae-143a7780f92d   GET https://api.staging.mercap.com.ar/mutual-fund-shares/d9221c2a-4e98-424b-993e-174ac44e02dd   GET https://api.staging.mercap.com.ar/mutual-fund-shares/86836316-069d-4c49-9a7f-2bb1b3290380   GET https://api.staging.mercap.com.ar/mutual-fund-shares/63e912ff-869b-4cf4-8eb8-7dec0a9736de [200 OK, 1.17kB, 48ms]
  ✓  Item 8 (Alpha Renta Fija Serie 4 - Clase B) self link returns status 200
[200 OK, 1.16kB, 49ms]
  ✓  Item 7 (Alpha Renta Fija Serie 4 - Clase A) self link returns status 200
[200 OK, 1.15kB, 56ms]
  ✓  Item 4 (Pellegrini Renta Fija - Clase B) self link returns status 200
[200 OK, 1.14kB, 57ms]
  ✓  Item 2 (Gainvest Renta Variable - Clase B) self link returns status 200
[200 OK, 1.14kB, 57ms]
  ✓  Item 10 (Alpha Pesos - Clase B) self link returns status 200
[200 OK, 1.18kB, 59ms]
  ✓  Item 5 (Pellegrini Renta Publica Federal - Clase A) self link returns status 200
[200 OK, 1.18kB, 63ms]
  ✓  Item 6 (Pellegrini Renta Publica Federal - Clase B) self link returns status 200
[200 OK, 1.16kB, 67ms]
  ✓  Item 3 (Pellegrini Renta Fija - Clase A) self link returns status 200
[200 OK, 1.14kB, 68ms]
  ✓  Item 1 (Gainvest Renta Variable - Clase A) self link returns status 200
[200 OK, 1.14kB, 79ms]
  ✓  Item 9 (Alpha Pesos - Clase A) self link returns status 200

↳ Get mutual fund share by UUID
  ┌
  │ '🚀 Ejecutando request para UUID: https://api.staging.
  │ mercap.com.ar/mutual-fund-shares/b45091ea-b613-47c1-81
  │ b5-955f6e689f4d'
  └
  GET https://api.staging.mercap.com.ar/mutual-fund-shares/b45091ea-b613-47c1-81b5-955f6e689f4d [200 OK, 1.15kB, 96ms]
  ✓  Response is received
  ✓  Status code is 200
  ✓  Media-Type is correct
  ┌
  │ 'Response has correct properties.'
  └
  ✓  Response has correct properties
  ┌
  │ 'Self link is correct:', 'https://api.staging.mercap.c
  │ om.ar/mutual-fund-shares/b45091ea-b613-47c1-81b5-955f6
  │ e689f4d'
  └
  ✓  Self link is correct
  ┌
  │ "smallestDenomination base is '1'."
  └
  ✓  smallestDenomination base is '1'
  ┌
  │ "smallestDenomination increment is '1'."
  └
  ✓  smallestDenomination increment is '1'

❏ Pepper-GS32 / Regression-Test / Stocks
↳ Get all stocks
  GET https://api.staging.mercap.com.ar/stocks [200 OK, 4.33kB, 82ms]
  ✓  Response is received
  ✓  Status code is 200
  ✓  Media-Type is correct
  ✓  Items array is present
  ✓  No duplicate names in items
  ✓  Links are unique for each item
  ✓  Self link matches expected URL
  ┌
  │ '✔ STOCKS_UUID seteado: https://api.staging.mercap.com
  │ .ar/stocks/6ff2eccb-d13f-49d1-9f6e-afda6e43ab96'
  │ '\n▶ Testing Item 1 (A3.BA)'
  └
  ✓  Item 1 (A3.BA) contains expected properties
  ✓  Item 1 (A3.BA) 'name' is a non-empty string
  ✓  Item 1 (A3.BA) 'issuer' is a non-empty string
  ✓  Item 1 (A3.BA) 'issueCurrency' is a valid URL
  ✓  Item 1 (A3.BA) 'self' link is a valid URL
  GET https://api.staging.mercap.com.ar/stocks/6ff2eccb-d13f-49d1-9f6e-afda6e43ab96 [200 OK, 1.06kB, 80ms]
  ✓  Item 1 (A3.BA) self link returns status 200
  ┌
  │ '\n▶ Testing Item 2 (AAL.BA)'
  └
  ✓  Item 2 (AAL.BA) contains expected properties
  ✓  Item 2 (AAL.BA) 'name' is a non-empty string
  ✓  Item 2 (AAL.BA) 'issuer' is a non-empty string
  ✓  Item 2 (AAL.BA) 'issueCurrency' is a valid URL
  ✓  Item 2 (AAL.BA) 'self' link is a valid URL
  GET https://api.staging.mercap.com.ar/stocks/7480a764-16d4-48fb-965f-ff92f84ed477 [200 OK, 1.07kB, 124ms]
  ✓  Item 2 (AAL.BA) self link returns status 200
  ┌
  │ '\n▶ Testing Item 3 (AAP.BA)'
  └
  ✓  Item 3 (AAP.BA) contains expected properties
  ✓  Item 3 (AAP.BA) 'name' is a non-empty string
  ✓  Item 3 (AAP.BA) 'issuer' is a non-empty string
  ✓  Item 3 (AAP.BA) 'issueCurrency' is a valid URL
  ✓  Item 3 (AAP.BA) 'self' link is a valid URL
  GET https://api.staging.mercap.com.ar/stocks/b36e04ad-6d91-47a4-8eaa-1d831dad62d3 [200 OK, 1.07kB, 85ms]
  ✓  Item 3 (AAP.BA) self link returns status 200
  ┌
  │ '\n▶ Testing Item 4 (AAPL.BA)'
  └
  ✓  Item 4 (AAPL.BA) contains expected properties
  ✓  Item 4 (AAPL.BA) 'name' is a non-empty string
  ✓  Item 4 (AAPL.BA) 'issuer' is a non-empty string
  ✓  Item 4 (AAPL.BA) 'issueCurrency' is a valid URL
  ✓  Item 4 (AAPL.BA) 'self' link is a valid URL
  GET https://api.staging.mercap.com.ar/stocks/2d21bb48-4e8c-498d-b0a2-f30db68511ea [200 OK, 1.08kB, 148ms]
  ✓  Item 4 (AAPL.BA) self link returns status 200
  ┌
  │ '\n▶ Testing Item 5 (ABBV.BA)'
  └
  ✓  Item 5 (ABBV.BA) contains expected properties
  ✓  Item 5 (ABBV.BA) 'name' is a non-empty string
  ✓  Item 5 (ABBV.BA) 'issuer' is a non-empty string
  ✓  Item 5 (ABBV.BA) 'issueCurrency' is a valid URL
  ✓  Item 5 (ABBV.BA) 'self' link is a valid URL
  GET https://api.staging.mercap.com.ar/stocks/14dafd91-1407-4e04-a0a6-c91c04faf5fe [200 OK, 1.07kB, 88ms]
  ✓  Item 5 (ABBV.BA) self link returns status 200
  ┌
  │ '\n▶ Testing Item 6 (ABEV.BA)'
  └
  ✓  Item 6 (ABEV.BA) contains expected properties
  ✓  Item 6 (ABEV.BA) 'name' is a non-empty string
  ✓  Item 6 (ABEV.BA) 'issuer' is a non-empty string
  ✓  Item 6 (ABEV.BA) 'issueCurrency' is a valid URL
  ✓  Item 6 (ABEV.BA) 'self' link is a valid URL
  GET https://api.staging.mercap.com.ar/stocks/41590ed6-55a6-4c2f-a318-7d21c131216e [200 OK, 1.06kB, 140ms]
  ✓  Item 6 (ABEV.BA) self link returns status 200
  ┌
  │ '\n▶ Testing Item 7 (ABNB.BA)'
  └
  ✓  Item 7 (ABNB.BA) contains expected properties
  ✓  Item 7 (ABNB.BA) 'name' is a non-empty string
  ✓  Item 7 (ABNB.BA) 'issuer' is a non-empty string
  ✓  Item 7 (ABNB.BA) 'issueCurrency' is a valid URL
  ✓  Item 7 (ABNB.BA) 'self' link is a valid URL
  GET https://api.staging.mercap.com.ar/stocks/e3684bf6-56f5-4c13-97e7-16a34173a060 [200 OK, 1.07kB, 212ms]
  ✓  Item 7 (ABNB.BA) self link returns status 200
  ┌
  │ '\n▶ Testing Item 8 (ABT.BA)'
  └
  ✓  Item 8 (ABT.BA) contains expected properties
  ✓  Item 8 (ABT.BA) 'name' is a non-empty string
  ✓  Item 8 (ABT.BA) 'issuer' is a non-empty string
  ✓  Item 8 (ABT.BA) 'issueCurrency' is a valid URL
  ✓  Item 8 (ABT.BA) 'self' link is a valid URL
  GET https://api.staging.mercap.com.ar/stocks/e901db1d-386b-4c80-b6ee-252367b8fe07 [200 OK, 1.07kB, 102ms]
  ✓  Item 8 (ABT.BA) self link returns status 200
  ┌
  │ '\n▶ Testing Item 9 (ACN.BA)'
  └
  ✓  Item 9 (ACN.BA) contains expected properties
  ✓  Item 9 (ACN.BA) 'name' is a non-empty string
  ✓  Item 9 (ACN.BA) 'issuer' is a non-empty string
  ✓  Item 9 (ACN.BA) 'issueCurrency' is a valid URL
  ✓  Item 9 (ACN.BA) 'self' link is a valid URL
  GET https://api.staging.mercap.com.ar/stocks/d7cc9c4a-da99-458d-b18b-08ec11ac9540 [200 OK, 1.06kB, 114ms]
  ✓  Item 9 (ACN.BA) self link returns status 200
  ┌
  │ '\n▶ Testing Item 10 (ACWI.BA)'
  └
  ✓  Item 10 (ACWI.BA) contains expected properties
  ✓  Item 10 (ACWI.BA) 'name' is a non-empty string
  ✓  Item 10 (ACWI.BA) 'issuer' is a non-empty string
  ✓  Item 10 (ACWI.BA) 'issueCurrency' is a valid URL
  ✓  Item 10 (ACWI.BA) 'self' link is a valid URL
  GET https://api.staging.mercap.com.ar/stocks/54692919-4306-4c23-8323-4f26f6a08af6 [200 OK, 1.08kB, 127ms]
  ✓  Item 10 (ACWI.BA) self link returns status 200
  ┌
  │ '✔ Finished testing stocks (or no stocks to test)'
  └

↳ Get stocks by UUID
  ┌
  │ '🚀 Ejecutando request para Stock UUID: https://api.st
  │ aging.mercap.com.ar/stocks/6ff2eccb-d13f-49d1-9f6e-afd
  │ a6e43ab96'
  └
  GET https://api.staging.mercap.com.ar/stocks/6ff2eccb-d13f-49d1-9f6e-afda6e43ab96 [200 OK, 1.06kB, 176ms]
  ✓  Response is received
  ✓  Status code is 200
  ✓  Media-Type is correct
  ┌
  │ 'Response has correct properties.'
  └
  ✓  Response has correct properties
  ┌
  │ 'Self link is correct:', 'https://api.staging.mercap.c
  │ om.ar/stocks/6ff2eccb-d13f-49d1-9f6e-afda6e43ab96'
  └
  ✓  Self link is correct
  ┌
  │ "smallestDenomination base is '1'."
  └
  ✓  smallestDenomination base is '1'
  ┌
  │ "smallestDenomination increment is '1'."
  └
  ✓  smallestDenomination increment is '1'

❏ Pepper-GS32 / Regression-Test / Tradable Securities
↳ Get tradable securities using only mandatory filters
  ┌
  │ '▶ [undefined] Ejecutando con ticker: AL30'
  │ '📅 VALUATION_DATE seteado a: 2026-09-16'
  └
  GET https://api.staging.mercap.com.ar/tradable-securities?tradeDate=2026-09-16 [200 OK, 13.14kB, 83ms]
  ✓  Response is received
  ✓  Status code is 200
  ✓  Media-Type is correct
  ✓  Items array is present and not empty
  ✓  Each item has correct properties
  ✓  No duplicate tickers in items
  ✓  Links are unique for each tradable security
  ✓  TradingEvery has value 100 or 1000 for each item
  ✓  Security.type has value Bond for each item
  ✓  Self link is present and has correct structure

↳ Get tradable securities using optional filters - only query
  ┌
  │ '▶ [undefined] Ejecutando con ticker: AL30'
  │ '📅 VALUATION_DATE seteado a: 2026-09-16'
  └
  GET https://api.staging.mercap.com.ar/tradable-securities?tradeDate=2026-09-16&query=AL30 [200 OK, 2.63kB, 110ms]
  ✓  Response is received
  ✓  Status code is 200
  ✓  Media-Type is correct
  ✓  Items array is present and not empty
  ✓  Each item has correct properties
  ✓  No duplicate tickers in items
  ✓  Links are unique for each tradable security
  ✓  TradingEvery has value 100 or 1000 for each item
  ✓  Security.type has value Bond for each item
  ┌
  │ '✔ TS_SELF: https://api.staging.mercap.com.ar/tradable
  │ -securities/6cfdf5ed-d8da-411a-8e86-b1bbeef54f45'
  │ '✔ TS_METRICS: https://api.staging.mercap.com.ar/trada
  │ ble-securities/6cfdf5ed-d8da-411a-8e86-b1bbeef54f45/me
  │ trics'
  └

↳ Get tradable securities using optional filters - only type
  ┌
  │ '▶ [undefined] Ejecutando con ticker: AL30'
  │ '📅 VALUATION_DATE seteado a: 2026-09-16'
  └
  GET https://api.staging.mercap.com.ar/tradable-securities?tradeDate=2026-09-16&type=Bond [200 OK, 13.19kB, 99ms]
  ✓  Response is received
  ✓  Status code is 200
  ✓  Media-Type is correct
  ✓  Items array is present and not empty
  ✓  Each item has correct properties
  ✓  No duplicate tickers in items
  ✓  Links are unique for each tradable security
  ✓  TradingEvery has value 100 or 1000 for each item
  ✓  Security.type has value Bond for each item
  ✓  Self link is present and has correct structure

↳ Get tradable securities using optional filters - only market
  ┌
  │ '▶ [undefined] Ejecutando con ticker: AL30'
  │ '📅 VALUATION_DATE seteado a: 2026-09-16'
  │ '🌍 Ubicación: Argentina | 📈 Market asignado: BYMA'
  └
  GET https://api.staging.mercap.com.ar/tradable-securities?tradeDate=2026-09-16&market=BYMA [200 OK, 13.1kB, 130ms]
  ✓  Response is received
  ✓  Status code is 200
  ✓  Media-Type is correct
  ✓  Items array is present and not empty
  ✓  Each item has correct properties
  ✓  No duplicate tickers in items
  ✓  Links are unique for each tradable security
  ✓  TradingEvery has value 100 or 1000 for each item
  ✓  Security.type has value Bond for each item
  ✓  Self link is present and has correct structure

↳ Get tradable security by UUID
  ┌
  │ '▶ [undefined] Ejecutando con ticker: AL30'
  └
  GET https://api.staging.mercap.com.ar/tradable-securities/6cfdf5ed-d8da-411a-8e86-b1bbeef54f45 [200 OK, 1.34kB, 73ms]
  ┌
  │ 'Response received successfully.'
  └
  ✓  Response is received
  ┌
  │ 'Status code is 200.'
  └
  ✓  Status code is 200
  ┌
  │ 'Content-Type header is correct.'
  └
  ✓  Media-Type is correct
  ┌
  │ 'Each item has the correct properties (Validated as si
  │ ngle object)'
  └
  ✓  Each item has correct properties
  ┌
  │ 'Type is Bond.'
  └
  ✓  Type is Bond
  ┌
  │ 'tradingEvery validated correctly.'
  └
  ✓  TradingEvery has value 100 or 1000 for each item
  ✓  Ticker on response is the expected

↳ Get tradable security metrics
  ┌
  │ '▶ [undefined] Ejecutando con ticker: AL30'
  └
  GET https://api.staging.mercap.com.ar/tradable-securities/6cfdf5ed-d8da-411a-8e86-b1bbeef54f45/metrics [200 OK, 2.43kB, 159ms]
  ✓  Response is received
  ✓  Status code is 200
  ✓  Media-Type is correct
  ✓  Response contains expected properties
  ✓  Numeric values are valid
  ✓  All dates are valid (YYYY-MM-DD)
  ✓  Last quote contains expected properties
  ✓  Last intraday quote contains expected properties
  ┌
  │ 'Verified every.amount is 100 for Argentina'
  └
  ✓  Every.amount logic is correct based on location
  ✓  Links are valid URLs
  ✓  Cost and ResidualAmount are valid objects
  ✓  Coupon yearly rate is valid
  ✓  Links match environment variables

↳ Get tradable securities using optional filters - ticker & tradeDate
  ┌
  │ '▶ [undefined] Ejecutando con ticker: AL30'
  └
  GET https://api.staging.mercap.com.ar/bonds?shortName=AL30 [200 OK, 5.84kB, 622ms]
  GET https://api.staging.mercap.com.ar/tradable-securities?security=https://api.staging.mercap.com.ar/bonds/ecfe885d-8163-4222-acb1-f7020cf05a4a&tradeDate=2026-09-16 [200 OK, 1.95kB, 3.6s]
  ✓  items es un array no vacío
  ✓  ticker es string no vacío
  ✓  quoteInformation existe y no esta vacio
  ✓  quotedType es valor permitido 
  ✓  quotedAmount es número positivo
  ✓  quoted es string no vacío
  ✓  currency es valor permitido (ARS, USD, BRL)
  ✓  settlementLocation es valor permitido (Local, Extranjero)
  ✓  links existe y es objeto
  ✓  links.self es URL válida con UUID
  ✓  links.metrics es URL válida terminada en /metrics
  ✓  links.self y links.metrics comparten el mismo UUID
  ✓  ticker es string no vacío
  ✓  quoteInformation existe y no esta vacio
  ✓  quotedType es valor permitido 
  ✓  quotedAmount es número positivo
  ✓  quoted es string no vacío
  ✓  currency es valor permitido (ARS, USD, BRL)
  ✓  settlementLocation es valor permitido (Local, Extranjero)
  ✓  links existe y es objeto
  ✓  links.self es URL válida con UUID
  ✓  links.metrics es URL válida terminada en /metrics
  ✓  links.self y links.metrics comparten el mismo UUID
  ✓  ticker es string no vacío
  ✓  quoteInformation existe y no esta vacio
  ✓  quotedType es valor permitido 
  ✓  quotedAmount es número positivo
  ✓  quoted es string no vacío
  ✓  currency es valor permitido (ARS, USD, BRL)
  ✓  settlementLocation es valor permitido (Local, Extranjero)
  ✓  links existe y es objeto
  ✓  links.self es URL válida con UUID
  ✓  links.metrics es URL válida terminada en /metrics
  ✓  links.self y links.metrics comparten el mismo UUID

❏ Pepper-GS32 / Regression-Test / Valuation Schemes
↳ Get all valuation schemes
  GET https://api.staging.mercap.com.ar/valuation-schemes [200 OK, 5.24kB, 170ms]
  ✓  Response is received
  ✓  Status code is 200
  ✓  Media-Type is correct
  ✓  Items array is present and not empty
  ✓  No duplicate names in items
  ✓  Links are unique for each item
  ✓  Self link matches expected URL
  ┌
  │ '✔ VALUATION_SCHEMES_UUID seteado: https://api.staging
  │ .mercap.com.ar/valuation-schemes/3082e254-40ce-4d06-b2
  │ df-58b5f14f97ef'
  │ '\n' +
  │   '▶ Testing Item 1 (Esquema Mercado Default Nuevo)'
  └
  ✓  Item 1 (Esquema Mercado Default Nuevo) contains expected properties
  ✓  Item 1 (Esquema Mercado Default Nuevo) 'name' is a non-empty string
  ✓  Item 1 (Esquema Mercado Default Nuevo) 'self' link is a valid URL
  GET https://api.staging.mercap.com.ar/valuation-schemes/3082e254-40ce-4d06-b2df-58b5f14f97ef [200 OK, 909B, 114ms]
  ✓  Item 1 (Esquema Mercado Default Nuevo) self link returns status 200
  ┌
  │ '\n▶ Testing Item 2 (Valuacion BYMA ARS)'
  └
  ✓  Item 2 (Valuacion BYMA ARS) contains expected properties
  ✓  Item 2 (Valuacion BYMA ARS) 'name' is a non-empty string
  ✓  Item 2 (Valuacion BYMA ARS) 'self' link is a valid URL
  GET https://api.staging.mercap.com.ar/valuation-schemes/f1552208-5cb2-40aa-9ebf-489a11678bf7 [200 OK, 896B, 81ms]
  ✓  Item 2 (Valuacion BYMA ARS) self link returns status 200
  ┌
  │ '\n' +
  │   '▶ Testing Item 3 (Valuacion BYMA USD Bolsa)'
  └
  ✓  Item 3 (Valuacion BYMA USD Bolsa) contains expected properties
  ✓  Item 3 (Valuacion BYMA USD Bolsa) 'name' is a non-empty string
  ✓  Item 3 (Valuacion BYMA USD Bolsa) 'self' link is a valid URL
  GET https://api.staging.mercap.com.ar/valuation-schemes/f9eec1df-b8de-4454-bae4-8a1ebf54bb11 [200 OK, 902B, 90ms]
  ✓  Item 3 (Valuacion BYMA USD Bolsa) self link returns status 200
  ┌
  │ '\n' +
  │   '▶ Testing Item 4 (Valuacion BYMA USD Cable)'
  └
  ✓  Item 4 (Valuacion BYMA USD Cable) contains expected properties
  ✓  Item 4 (Valuacion BYMA USD Cable) 'name' is a non-empty string
  ✓  Item 4 (Valuacion BYMA USD Cable) 'self' link is a valid URL
  GET https://api.staging.mercap.com.ar/valuation-schemes/5072d341-e66f-439b-b759-9140f80ccd8c [200 OK, 908B, 80ms]
  ✓  Item 4 (Valuacion BYMA USD Cable) self link returns status 200
  ┌
  │ '\n▶ Testing Item 5 (Valuación ISIN - CLP)'
  └
  ✓  Item 5 (Valuación ISIN - CLP) contains expected properties
  ✓  Item 5 (Valuación ISIN - CLP) 'name' is a non-empty string
  ✓  Item 5 (Valuación ISIN - CLP) 'self' link is a valid URL
  GET https://api.staging.mercap.com.ar/valuation-schemes/8baf19d7-b1be-4fbd-aef8-bc857f604e46 [200 OK, 897B, 78ms]
  ✓  Item 5 (Valuación ISIN - CLP) self link returns status 200
  ┌
  │ '\n▶ Testing Item 6 (Valuación ISIN - EUR)'
  └
  ✓  Item 6 (Valuación ISIN - EUR) contains expected properties
  ✓  Item 6 (Valuación ISIN - EUR) 'name' is a non-empty string
  ✓  Item 6 (Valuación ISIN - EUR) 'self' link is a valid URL
  GET https://api.staging.mercap.com.ar/valuation-schemes/b79d71ac-1319-42b9-a6a9-b58456e41699 [200 OK, 899B, 81ms]
  ✓  Item 6 (Valuación ISIN - EUR) self link returns status 200
  ┌
  │ '\n▶ Testing Item 7 (Valuación ISIN - GBP)'
  └
  ✓  Item 7 (Valuación ISIN - GBP) contains expected properties
  ✓  Item 7 (Valuación ISIN - GBP) 'name' is a non-empty string
  ✓  Item 7 (Valuación ISIN - GBP) 'self' link is a valid URL
  GET https://api.staging.mercap.com.ar/valuation-schemes/e56546cd-f85f-4ae4-9ddd-c37c08cf9c33 [200 OK, 905B, 111ms]
  ✓  Item 7 (Valuación ISIN - GBP) self link returns status 200
  ┌
  │ '\n▶ Testing Item 8 (Valuación ISIN - PYG)'
  └
  ✓  Item 8 (Valuación ISIN - PYG) contains expected properties
  ✓  Item 8 (Valuación ISIN - PYG) 'name' is a non-empty string
  ✓  Item 8 (Valuación ISIN - PYG) 'self' link is a valid URL
  GET https://api.staging.mercap.com.ar/valuation-schemes/989d7d2e-0e19-4147-8079-eb58f0992789 [200 OK, 899B, 116ms]
  ✓  Item 8 (Valuación ISIN - PYG) self link returns status 200
  ┌
  │ '\n▶ Testing Item 9 (Valuacion ISIN - USD)'
  └
  ✓  Item 9 (Valuacion ISIN - USD) contains expected properties
  ✓  Item 9 (Valuacion ISIN - USD) 'name' is a non-empty string
  ✓  Item 9 (Valuacion ISIN - USD) 'self' link is a valid URL
  GET https://api.staging.mercap.com.ar/valuation-schemes/d88805b9-4869-4672-a367-52d5a3e92dba [200 OK, 890B, 158ms]
  ✓  Item 9 (Valuacion ISIN - USD) self link returns status 200
  ┌
  │ '\n' +
  │   '▶ Testing Item 10 (Valuacion BYMA ARS + Instrumento
  │ s No Liquidos - USD MEP)'
  └
  ✓  Item 10 (Valuacion BYMA ARS + Instrumentos No Liquidos - USD MEP) contains expected properties
  ✓  Item 10 (Valuacion BYMA ARS + Instrumentos No Liquidos - USD MEP) 'name' is a non-empty string
  ✓  Item 10 (Valuacion BYMA ARS + Instrumentos No Liquidos - USD MEP) 'self' link is a valid URL
  GET https://api.staging.mercap.com.ar/valuation-schemes/0c023c86-2bba-4784-906e-ba295da322c0 [200 OK, 931B, 111ms]
  ✓  Item 10 (Valuacion BYMA ARS + Instrumentos No Liquidos - USD MEP) self link returns status 200
  ┌
  │ '\n' +
  │   '▶ Testing Item 11 (Valucion Tecnica Instrumentos No
  │  Liquidos)'
  └
  ✓  Item 11 (Valucion Tecnica Instrumentos No Liquidos) contains expected properties
  ✓  Item 11 (Valucion Tecnica Instrumentos No Liquidos) 'name' is a non-empty string
  ✓  Item 11 (Valucion Tecnica Instrumentos No Liquidos) 'self' link is a valid URL
  GET https://api.staging.mercap.com.ar/valuation-schemes/5e97d0ac-ff92-41b4-adc9-607e24798066 [200 OK, 921B, 81ms]
  ✓  Item 11 (Valucion Tecnica Instrumentos No Liquidos) self link returns status 200
  ┌
  │ '\n' +
  │   '▶ Testing Item 12 (Valuacion BYMA ARS + Instrumento
  │ s No Liquidos - USD Oficial)'
  └
  ✓  Item 12 (Valuacion BYMA ARS + Instrumentos No Liquidos - USD Oficial) contains expected properties
  ✓  Item 12 (Valuacion BYMA ARS + Instrumentos No Liquidos - USD Oficial) 'name' is a non-empty string
  ✓  Item 12 (Valuacion BYMA ARS + Instrumentos No Liquidos - USD Oficial) 'self' link is a valid URL
  GET https://api.staging.mercap.com.ar/valuation-schemes/5792abb7-7d88-4533-afeb-de2137b6e553 [200 OK, 935B, 121ms]
  ✓  Item 12 (Valuacion BYMA ARS + Instrumentos No Liquidos - USD Oficial) self link returns status 200
  ┌
  │ '\n▶ Testing Item 13 (Brasil)'
  └
  ✓  Item 13 (Brasil) contains expected properties
  ✓  Item 13 (Brasil) 'name' is a non-empty string
  ✓  Item 13 (Brasil) 'self' link is a valid URL
  GET https://api.staging.mercap.com.ar/valuation-schemes/defd88c7-32a9-4765-a945-41c0e7d74fd8 [200 OK, 876B, 87ms]
  ✓  Item 13 (Brasil) self link returns status 200
  ┌
  │ '\n' +
  │   '▶ Testing Item 14 (Valuacion BYMA ARS + Instrumento
  │ s No Liquidos - USD CCL)'
  └
  ✓  Item 14 (Valuacion BYMA ARS + Instrumentos No Liquidos - USD CCL) contains expected properties
  ✓  Item 14 (Valuacion BYMA ARS + Instrumentos No Liquidos - USD CCL) 'name' is a non-empty string
  ✓  Item 14 (Valuacion BYMA ARS + Instrumentos No Liquidos - USD CCL) 'self' link is a valid URL
  GET https://api.staging.mercap.com.ar/valuation-schemes/d6358214-68de-479c-bddb-edb7cf5a0bec [200 OK, 931B, 83ms]
  ✓  Item 14 (Valuacion BYMA ARS + Instrumentos No Liquidos - USD CCL) self link returns status 200
  ┌
  │ '\n' +
  │   '▶ Testing Item 15 (Valuacion Tecnica Bonos CER)'
  └
  ✓  Item 15 (Valuacion Tecnica Bonos CER) contains expected properties
  ✓  Item 15 (Valuacion Tecnica Bonos CER) 'name' is a non-empty string
  ✓  Item 15 (Valuacion Tecnica Bonos CER) 'self' link is a valid URL
  GET https://api.staging.mercap.com.ar/valuation-schemes/9093cb69-0fef-4e29-a53e-a597aef4f115 [200 OK, 907B, 194ms]
  ✓  Item 15 (Valuacion Tecnica Bonos CER) self link returns status 200
  ┌
  │ '\n' +
  │   '▶ Testing Item 16 ((AV) Valuacion BYMA ARS + Instru
  │ mentos No Liquidos VT - USD MEP)'
  └
  ✓  Item 16 ((AV) Valuacion BYMA ARS + Instrumentos No Liquidos VT - USD MEP) contains expected properties
  ✓  Item 16 ((AV) Valuacion BYMA ARS + Instrumentos No Liquidos VT - USD MEP) 'name' is a non-empty string
  ✓  Item 16 ((AV) Valuacion BYMA ARS + Instrumentos No Liquidos VT - USD MEP) 'self' link is a valid URL
  GET https://api.staging.mercap.com.ar/valuation-schemes/66b74cee-6431-4f80-a282-f536276d9516 [200 OK, 945B, 118ms]
  ✓  Item 16 ((AV) Valuacion BYMA ARS + Instrumentos No Liquidos VT - USD MEP) self link returns status 200
  ┌
  │ '\n' +
  │   '▶ Testing Item 17 ((AV) Valuacion BYMA ARS + Instru
  │ mentos No Liquidos VT - USD CCL)'
  └
  ✓  Item 17 ((AV) Valuacion BYMA ARS + Instrumentos No Liquidos VT - USD CCL) contains expected properties
  ✓  Item 17 ((AV) Valuacion BYMA ARS + Instrumentos No Liquidos VT - USD CCL) 'name' is a non-empty string
  ✓  Item 17 ((AV) Valuacion BYMA ARS + Instrumentos No Liquidos VT - USD CCL) 'self' link is a valid URL
  GET https://api.staging.mercap.com.ar/valuation-schemes/434fb1df-45ec-483b-b786-058f0cb829e3 [200 OK, 939B, 91ms]
  ✓  Item 17 ((AV) Valuacion BYMA ARS + Instrumentos No Liquidos VT - USD CCL) self link returns status 200
  ┌
  │ '\n' +
  │   '▶ Testing Item 18 ((AV) Valuacion BYMA ARS + Instru
  │ mentos No Liquidos VT - USD Oficial)'
  └
  ✓  Item 18 ((AV) Valuacion BYMA ARS + Instrumentos No Liquidos VT - USD Oficial) contains expected properties
  ✓  Item 18 ((AV) Valuacion BYMA ARS + Instrumentos No Liquidos VT - USD Oficial) 'name' is a non-empty string
  ✓  Item 18 ((AV) Valuacion BYMA ARS + Instrumentos No Liquidos VT - USD Oficial) 'self' link is a valid URL
  GET https://api.staging.mercap.com.ar/valuation-schemes/bfa1c297-5f18-404c-873c-eb6a952994a4 [200 OK, 949B, 74ms]
  ✓  Item 18 ((AV) Valuacion BYMA ARS + Instrumentos No Liquidos VT - USD Oficial) self link returns status 200
  ┌
  │ '\n' +
  │   '▶ Testing Item 19 (Valuacion BYMA USD + Instrumento
  │ s No Liquidos - USD MEP)'
  └
  ✓  Item 19 (Valuacion BYMA USD + Instrumentos No Liquidos - USD MEP) contains expected properties
  ✓  Item 19 (Valuacion BYMA USD + Instrumentos No Liquidos - USD MEP) 'name' is a non-empty string
  ✓  Item 19 (Valuacion BYMA USD + Instrumentos No Liquidos - USD MEP) 'self' link is a valid URL
  GET https://api.staging.mercap.com.ar/valuation-schemes/5c659860-3ecf-4574-9c64-cf6e08ede086 [200 OK, 937B, 83ms]
  ✓  Item 19 (Valuacion BYMA USD + Instrumentos No Liquidos - USD MEP) self link returns status 200
  ┌
  │ '\n' +
  │   '▶ Testing Item 20 (Valuacion BYMA USD + Instrumento
  │ s No Liquidos - USD Oficial)'
  └
  ✓  Item 20 (Valuacion BYMA USD + Instrumentos No Liquidos - USD Oficial) contains expected properties
  ✓  Item 20 (Valuacion BYMA USD + Instrumentos No Liquidos - USD Oficial) 'name' is a non-empty string
  ✓  Item 20 (Valuacion BYMA USD + Instrumentos No Liquidos - USD Oficial) 'self' link is a valid URL
  GET https://api.staging.mercap.com.ar/valuation-schemes/c45389ee-a34c-4c7b-a427-ef0d9d184297 [200 OK, 943B, 66ms]
  ✓  Item 20 (Valuacion BYMA USD + Instrumentos No Liquidos - USD Oficial) self link returns status 200
  ┌
  │ '\n' +
  │   '▶ Testing Item 21 (Valuacion BYMA USD + Instrumento
  │ s No Liquidos - USD CCL)'
  └
  ✓  Item 21 (Valuacion BYMA USD + Instrumentos No Liquidos - USD CCL) contains expected properties
  ✓  Item 21 (Valuacion BYMA USD + Instrumentos No Liquidos - USD CCL) 'name' is a non-empty string
  ✓  Item 21 (Valuacion BYMA USD + Instrumentos No Liquidos - USD CCL) 'self' link is a valid URL
  GET https://api.staging.mercap.com.ar/valuation-schemes/73f92601-22f0-4ced-bac1-dc149c5db36e [200 OK, 931B, 66ms]
  ✓  Item 21 (Valuacion BYMA USD + Instrumentos No Liquidos - USD CCL) self link returns status 200
  ┌
  │ '\n' +
  │   '▶ Testing Item 22 (Valuacion Tenica Bonos)'
  └
  ✓  Item 22 (Valuacion Tenica Bonos) contains expected properties
  ✓  Item 22 (Valuacion Tenica Bonos) 'name' is a non-empty string
  ✓  Item 22 (Valuacion Tenica Bonos) 'self' link is a valid URL
  GET https://api.staging.mercap.com.ar/valuation-schemes/161e4468-60b8-4f75-aae7-c9f4637a6258 [200 OK, 902B, 88ms]
  ✓  Item 22 (Valuacion Tenica Bonos) self link returns status 200
  ┌
  │ '\n▶ Testing Item 23 (Valuacion CBONDS)'
  └
  ✓  Item 23 (Valuacion CBONDS) contains expected properties
  ✓  Item 23 (Valuacion CBONDS) 'name' is a non-empty string
  ✓  Item 23 (Valuacion CBONDS) 'self' link is a valid URL
  GET https://api.staging.mercap.com.ar/valuation-schemes/cd9c07ec-a9ec-4469-a0b9-efd63f8c771c [200 OK, 894B, 140ms]
  ✓  Item 23 (Valuacion CBONDS) self link returns status 200
  ┌
  │ '\n' +
  │   '▶ Testing Item 24 ((LH) Valuacion BYMA ARS - USD BN
  │ A Compra)'
  └
  ✓  Item 24 ((LH) Valuacion BYMA ARS - USD BNA Compra) contains expected properties
  ✓  Item 24 ((LH) Valuacion BYMA ARS - USD BNA Compra) 'name' is a non-empty string
  ✓  Item 24 ((LH) Valuacion BYMA ARS - USD BNA Compra) 'self' link is a valid URL
  GET https://api.staging.mercap.com.ar/valuation-schemes/f4c7aca1-f8f3-4dfc-8189-f54414e038e2 [200 OK, 912B, 89ms]
  ✓  Item 24 ((LH) Valuacion BYMA ARS - USD BNA Compra) self link returns status 200
  ┌
  │ '\n' +
  │   '▶ Testing Item 25 ((LH) Valuacion BYMA ARS - USD ME
  │ P)'
  └
  ✓  Item 25 ((LH) Valuacion BYMA ARS - USD MEP) contains expected properties
  ✓  Item 25 ((LH) Valuacion BYMA ARS - USD MEP) 'name' is a non-empty string
  ✓  Item 25 ((LH) Valuacion BYMA ARS - USD MEP) 'self' link is a valid URL
  GET https://api.staging.mercap.com.ar/valuation-schemes/915dfd79-e2a9-44f1-a33f-b4b6a4276d20 [200 OK, 909B, 108ms]
  ✓  Item 25 ((LH) Valuacion BYMA ARS - USD MEP) self link returns status 200
  ┌
  │ '\n' +
  │   '▶ Testing Item 26 (Valuacion BYMA ARS + Instrumento
  │ s No Liquidos - USD BNA)'
  └
  ✓  Item 26 (Valuacion BYMA ARS + Instrumentos No Liquidos - USD BNA) contains expected properties
  ✓  Item 26 (Valuacion BYMA ARS + Instrumentos No Liquidos - USD BNA) 'name' is a non-empty string
  ✓  Item 26 (Valuacion BYMA ARS + Instrumentos No Liquidos - USD BNA) 'self' link is a valid URL
  GET https://api.staging.mercap.com.ar/valuation-schemes/54ab04bb-99f2-4cb6-b2b1-7926a9403be7 [200 OK, 933B, 87ms]
  ✓  Item 26 (Valuacion BYMA ARS + Instrumentos No Liquidos - USD BNA) self link returns status 200
  ┌
  │ '\n' +
  │   '▶ Testing Item 27 ((OL) Valuacion BYMA  ARS - USD B
  │ NA Venta)'
  └
  ✓  Item 27 ((OL) Valuacion BYMA  ARS - USD BNA Venta) contains expected properties
  ✓  Item 27 ((OL) Valuacion BYMA  ARS - USD BNA Venta) 'name' is a non-empty string
  ✓  Item 27 ((OL) Valuacion BYMA  ARS - USD BNA Venta) 'self' link is a valid URL
  GET https://api.staging.mercap.com.ar/valuation-schemes/add50e16-acf7-4e05-b6da-878bb2a2213e [200 OK, 916B, 75ms]
  ✓  Item 27 ((OL) Valuacion BYMA  ARS - USD BNA Venta) self link returns status 200
  ┌
  │ '\n' +
  │   '▶ Testing Item 28 ((OL) Valuacion BYMA USD - USD BN
  │ A Venta)'
  └
  ✓  Item 28 ((OL) Valuacion BYMA USD - USD BNA Venta) contains expected properties
  ✓  Item 28 ((OL) Valuacion BYMA USD - USD BNA Venta) 'name' is a non-empty string
  ✓  Item 28 ((OL) Valuacion BYMA USD - USD BNA Venta) 'self' link is a valid URL
  GET https://api.staging.mercap.com.ar/valuation-schemes/be635bcc-8f01-49df-971c-45b50fe8089c [200 OK, 911B, 102ms]
  ✓  Item 28 ((OL) Valuacion BYMA USD - USD BNA Venta) self link returns status 200
  ┌
  │ '✔ Finished testing valuation schemes'
  └

↳ Get valuation schemes by UUID
  GET https://api.staging.mercap.com.ar/valuation-schemes/3082e254-40ce-4d06-b2df-58b5f14f97ef [200 OK, 905B, 255ms]
  ✓  Response is received
  ✓  Status code is 200
  ✓  Media-Type is correct
  ┌
  │ 'Response has correct properties.'
  └
  ✓  Response has correct properties
  ┌
  │ 'Self link is correct:', 'https://api.staging.mercap.c
  │ om.ar/valuation-schemes/3082e254-40ce-4d06-b2df-58b5f1
  │ 4f97ef'
  └
  ✓  Self link is correct

❏ Pepper-GS32 / Regression-Test / Yield Curves
↳ Get all yield curves - validate each self link
  GET https://api.staging.mercap.com.ar/yield-curves [200 OK, 20.92kB, 196ms]
  ✓  Response is received
  ✓  Status code is 200
  ✓  Response contains 'items' array with at least one element
  ✓  No fields are null
  ┌
  │ '🔎 Testing Item 1 (Argentina - BCRA - BOPREALs - USD)
  │ '
  └
  ✓  Item 1 (Argentina - BCRA - BOPREALs - USD) contains expected properties
  ✓  Item 1 (Argentina - BCRA - BOPREALs - USD) 'name' is a non-empty string
  ✓  Item 1 (Argentina - BCRA - BOPREALs - USD) links contain valid URLs
  GET https://api.staging.mercap.com.ar/yield-curves/c7955d2f-7731-43c4-80ec-fd70662ec57f [200 OK, 1.25kB, 155ms]
  ✓  Item 1 (Argentina - BCRA - BOPREALs - USD) self link returns 200
  ┌
  │ '🔎 Testing Item 2 (Argentina - Corporativos - Aliment
  │ os - USD\t)'
  └
  ✓  Item 2 (Argentina - Corporativos - Alimentos - USD	) contains expected properties
  ✓  Item 2 (Argentina - Corporativos - Alimentos - USD	) 'name' is a non-empty string
  ✓  Item 2 (Argentina - Corporativos - Alimentos - USD	) links contain valid URLs
  GET https://api.staging.mercap.com.ar/yield-curves/fefe3e07-ef73-491d-836e-6295a611487e [200 OK, 1.25kB, 213ms]
  ✓  Item 2 (Argentina - Corporativos - Alimentos - USD	) self link returns 200
  ┌
  │ '🔎 Testing Item 3 (Argentina - Corporativos - Bancos 
  │ Comerciales - Tasa TAMAR\t)'
  └
  ✓  Item 3 (Argentina - Corporativos - Bancos Comerciales - Tasa TAMAR	) contains expected properties
  ✓  Item 3 (Argentina - Corporativos - Bancos Comerciales - Tasa TAMAR	) 'name' is a non-empty string
  ✓  Item 3 (Argentina - Corporativos - Bancos Comerciales - Tasa TAMAR	) links contain valid URLs
  GET https://api.staging.mercap.com.ar/yield-curves/b14671bb-771e-43be-a110-e22fa5f1181b [200 OK, 1.27kB, 167ms]
  ✓  Item 3 (Argentina - Corporativos - Bancos Comerciales - Tasa TAMAR	) self link returns 200
  ┌
  │ '🔎 Testing Item 4 (Argentina - Corporativos - Bancos 
  │ Comerciales - USD\t)'
  └
  ✓  Item 4 (Argentina - Corporativos - Bancos Comerciales - USD	) contains expected properties
  ✓  Item 4 (Argentina - Corporativos - Bancos Comerciales - USD	) 'name' is a non-empty string
  ✓  Item 4 (Argentina - Corporativos - Bancos Comerciales - USD	) links contain valid URLs
  GET https://api.staging.mercap.com.ar/yield-curves/3eb6de95-31e7-4e1f-9f72-e59a49e7a246 [200 OK, 1.26kB, 279ms]
  ✓  Item 4 (Argentina - Corporativos - Bancos Comerciales - USD	) self link returns 200
  ┌
  │ '🔎 Testing Item 5 (Argentina - Corporativos - Desarro
  │ llo y Admin. de Bienes Inmobiliarios - USD\t)'
  └
  ✓  Item 5 (Argentina - Corporativos - Desarrollo y Admin. de Bienes Inmobiliarios - USD	) contains expected properties
  ✓  Item 5 (Argentina - Corporativos - Desarrollo y Admin. de Bienes Inmobiliarios - USD	) 'name' is a non-empty string
  ✓  Item 5 (Argentina - Corporativos - Desarrollo y Admin. de Bienes Inmobiliarios - USD	) links contain valid URLs
  GET https://api.staging.mercap.com.ar/yield-curves/9c5949e1-fc58-4755-bbd1-149b880df9f3 [200 OK, 1.3kB, 238ms]
  ✓  Item 5 (Argentina - Corporativos - Desarrollo y Admin. de Bienes Inmobiliarios - USD	) self link returns 200
  ┌
  │ '🔎 Testing Item 6 (Argentina - Corporativos - Metales
  │  y Mineria - USD\t)'
  └
  ✓  Item 6 (Argentina - Corporativos - Metales y Mineria - USD	) contains expected properties
  ✓  Item 6 (Argentina - Corporativos - Metales y Mineria - USD	) 'name' is a non-empty string
  ✓  Item 6 (Argentina - Corporativos - Metales y Mineria - USD	) links contain valid URLs
  GET https://api.staging.mercap.com.ar/yield-curves/9a0416e2-c4b3-4010-9480-41100aa00612 [200 OK, 1.26kB, 186ms]
  ✓  Item 6 (Argentina - Corporativos - Metales y Mineria - USD	) self link returns 200
  ┌
  │ '🔎 Testing Item 7 (Argentina - Corporativos - ONs Dol
  │ lar Linked cero cupon - ARS)'
  └
  ✓  Item 7 (Argentina - Corporativos - ONs Dollar Linked cero cupon - ARS) contains expected properties
  ✓  Item 7 (Argentina - Corporativos - ONs Dollar Linked cero cupon - ARS) 'name' is a non-empty string
  ✓  Item 7 (Argentina - Corporativos - ONs Dollar Linked cero cupon - ARS) links contain valid URLs
  GET https://api.staging.mercap.com.ar/yield-curves/067f21ab-6ee5-480a-8983-eae81a9905f9 [200 OK, 1.27kB, 178ms]
  ✓  Item 7 (Argentina - Corporativos - ONs Dollar Linked cero cupon - ARS) self link returns 200
  ┌
  │ '🔎 Testing Item 8 (Argentina - Corporativos - ONs Dol
  │ lar Linked con cupones - ARS)'
  └
  ✓  Item 8 (Argentina - Corporativos - ONs Dollar Linked con cupones - ARS) contains expected properties
  ✓  Item 8 (Argentina - Corporativos - ONs Dollar Linked con cupones - ARS) 'name' is a non-empty string
  ✓  Item 8 (Argentina - Corporativos - ONs Dollar Linked con cupones - ARS) links contain valid URLs
  GET https://api.staging.mercap.com.ar/yield-curves/827b8d5e-06ae-43cb-ad7e-bfda0f85c1ba [200 OK, 1.27kB, 247ms]
  ✓  Item 8 (Argentina - Corporativos - ONs Dollar Linked con cupones - ARS) self link returns 200
  ┌
  │ '🔎 Testing Item 9 (Argentina - Corporativos - ONs en 
  │ UVA - ARS)'
  └
  ✓  Item 9 (Argentina - Corporativos - ONs en UVA - ARS) contains expected properties
  ✓  Item 9 (Argentina - Corporativos - ONs en UVA - ARS) 'name' is a non-empty string
  ✓  Item 9 (Argentina - Corporativos - ONs en UVA - ARS) links contain valid URLs
  GET https://api.staging.mercap.com.ar/yield-curves/c93100f0-4113-4e99-a8f4-26bb00a60562 [200 OK, 1.25kB, 150ms]
  ✓  Item 9 (Argentina - Corporativos - ONs en UVA - ARS) self link returns 200
  ┌
  │ '🔎 Testing Item 10 (Argentina - Corporativos - ONs Le
  │ y Argentina - USD en Argentina)'
  └
  ✓  Item 10 (Argentina - Corporativos - ONs Ley Argentina - USD en Argentina) contains expected properties
  ✓  Item 10 (Argentina - Corporativos - ONs Ley Argentina - USD en Argentina) 'name' is a non-empty string
  ✓  Item 10 (Argentina - Corporativos - ONs Ley Argentina - USD en Argentina) links contain valid URLs
  GET https://api.staging.mercap.com.ar/yield-curves/592b2907-1322-490b-88e9-b4b8f9eb3560 [200 OK, 1.28kB, 652ms]
  ✓  Item 10 (Argentina - Corporativos - ONs Ley Argentina - USD en Argentina) self link returns 200
  ┌
  │ '🔎 Testing Item 11 (Argentina - Corporativos - ONs Le
  │ y Argentina - USD en el Exterior)'
  └
  ✓  Item 11 (Argentina - Corporativos - ONs Ley Argentina - USD en el Exterior) contains expected properties
  ✓  Item 11 (Argentina - Corporativos - ONs Ley Argentina - USD en el Exterior) 'name' is a non-empty string
  ✓  Item 11 (Argentina - Corporativos - ONs Ley Argentina - USD en el Exterior) links contain valid URLs
  GET https://api.staging.mercap.com.ar/yield-curves/0817836d-c512-4b66-a048-0aa6346020f3 [200 OK, 1.28kB, 149ms]
  ✓  Item 11 (Argentina - Corporativos - ONs Ley Argentina - USD en el Exterior) self link returns 200
  ┌
  │ '🔎 Testing Item 12 (Argentina - Corporativos - ONs Le
  │ y Extranjera - USD)'
  └
  ✓  Item 12 (Argentina - Corporativos - ONs Ley Extranjera - USD) contains expected properties
  ✓  Item 12 (Argentina - Corporativos - ONs Ley Extranjera - USD) 'name' is a non-empty string
  ✓  Item 12 (Argentina - Corporativos - ONs Ley Extranjera - USD) links contain valid URLs
  GET https://api.staging.mercap.com.ar/yield-curves/45ef3a43-28cc-4878-9329-cbed2dacc258 [200 OK, 1.26kB, 290ms]
  ✓  Item 12 (Argentina - Corporativos - ONs Ley Extranjera - USD) self link returns 200
  ┌
  │ '🔎 Testing Item 13 (Argentina - Corporativos - ONs TA
  │ MAR - ARS)'
  └
  ✓  Item 13 (Argentina - Corporativos - ONs TAMAR - ARS) contains expected properties
  ✓  Item 13 (Argentina - Corporativos - ONs TAMAR - ARS) 'name' is a non-empty string
  ✓  Item 13 (Argentina - Corporativos - ONs TAMAR - ARS) links contain valid URLs
  GET https://api.staging.mercap.com.ar/yield-curves/d35422e9-f639-4ee8-8654-1d489e0af78e [200 OK, 1.25kB, 219ms]
  ✓  Item 13 (Argentina - Corporativos - ONs TAMAR - ARS) self link returns 200
  ┌
  │ '🔎 Testing Item 14 (Argentina - Corporativos - Petrol
  │ eo, Gas y Combustibles - USD\t)'
  └
  ✓  Item 14 (Argentina - Corporativos - Petroleo, Gas y Combustibles - USD	) contains expected properties
  ✓  Item 14 (Argentina - Corporativos - Petroleo, Gas y Combustibles - USD	) 'name' is a non-empty string
  ✓  Item 14 (Argentina - Corporativos - Petroleo, Gas y Combustibles - USD	) links contain valid URLs
  GET https://api.staging.mercap.com.ar/yield-curves/562ff5d6-a30e-4e18-a181-985dc783e842 [200 OK, 1.26kB, 288ms]
  ✓  Item 14 (Argentina - Corporativos - Petroleo, Gas y Combustibles - USD	) self link returns 200
  ┌
  │ '🔎 Testing Item 15 (Argentina - Corporativos - Produc
  │ tos Quimicos - USD\t)'
  └
  ✓  Item 15 (Argentina - Corporativos - Productos Quimicos - USD	) contains expected properties
  ✓  Item 15 (Argentina - Corporativos - Productos Quimicos - USD	) 'name' is a non-empty string
  ✓  Item 15 (Argentina - Corporativos - Productos Quimicos - USD	) links contain valid URLs
  GET https://api.staging.mercap.com.ar/yield-curves/a46c78e3-71d2-483b-ab4d-497c18be5378 [200 OK, 1.27kB, 187ms]
  ✓  Item 15 (Argentina - Corporativos - Productos Quimicos - USD	) self link returns 200
  ┌
  │ '🔎 Testing Item 16 (Argentina - Corporativos - Servic
  │ ios de Telecomunicaciones Diversos - USD\t)'
  └
  ✓  Item 16 (Argentina - Corporativos - Servicios de Telecomunicaciones Diversos - USD	) contains expected properties
  ✓  Item 16 (Argentina - Corporativos - Servicios de Telecomunicaciones Diversos - USD	) 'name' is a non-empty string
  ✓  Item 16 (Argentina - Corporativos - Servicios de Telecomunicaciones Diversos - USD	) links contain valid URLs
  GET https://api.staging.mercap.com.ar/yield-curves/65f4c86f-5f55-4a03-a3db-d223ec88acf1 [200 OK, 1.29kB, 199ms]
  ✓  Item 16 (Argentina - Corporativos - Servicios de Telecomunicaciones Diversos - USD	) self link returns 200
  ┌
  │ '🔎 Testing Item 17 (Argentina - Corporativos - Servic
  │ ios Financieros Personales - USD\t)'
  └
  ✓  Item 17 (Argentina - Corporativos - Servicios Financieros Personales - USD	) contains expected properties
  ✓  Item 17 (Argentina - Corporativos - Servicios Financieros Personales - USD	) 'name' is a non-empty string
  ✓  Item 17 (Argentina - Corporativos - Servicios Financieros Personales - USD	) links contain valid URLs
  GET https://api.staging.mercap.com.ar/yield-curves/89e1fa10-5fe8-4b2d-9e42-70767154759c [200 OK, 1.27kB, 193ms]
  ✓  Item 17 (Argentina - Corporativos - Servicios Financieros Personales - USD	) self link returns 200
  ┌
  │ '🔎 Testing Item 18 (Argentina - Corporativos - Sumini
  │ stro Electrico - USD\t)'
  └
  ✓  Item 18 (Argentina - Corporativos - Suministro Electrico - USD	) contains expected properties
  ✓  Item 18 (Argentina - Corporativos - Suministro Electrico - USD	) 'name' is a non-empty string
  ✓  Item 18 (Argentina - Corporativos - Suministro Electrico - USD	) links contain valid URLs
  GET https://api.staging.mercap.com.ar/yield-curves/590a70ce-0175-4679-8409-d8be1dce306d [200 OK, 1.27kB, 252ms]
  ✓  Item 18 (Argentina - Corporativos - Suministro Electrico - USD	) self link returns 200
  ┌
  │ '🔎 Testing Item 19 (Argentina - Corporativos - Transp
  │ ortes - USD\t)'
  └
  ✓  Item 19 (Argentina - Corporativos - Transportes - USD	) contains expected properties
  ✓  Item 19 (Argentina - Corporativos - Transportes - USD	) 'name' is a non-empty string
  ✓  Item 19 (Argentina - Corporativos - Transportes - USD	) links contain valid URLs
  GET https://api.staging.mercap.com.ar/yield-curves/0d88324d-d0bc-4c44-9ff9-fb406dbd880a [200 OK, 1.25kB, 248ms]
  ✓  Item 19 (Argentina - Corporativos - Transportes - USD	) self link returns 200
  ┌
  │ '🔎 Testing Item 20 (Argentina - Soberanos - Bonos del
  │  Tesoro Capitalizables BONCAP - ARS)'
  └
  ✓  Item 20 (Argentina - Soberanos - Bonos del Tesoro Capitalizables BONCAP - ARS) contains expected properties
  ✓  Item 20 (Argentina - Soberanos - Bonos del Tesoro Capitalizables BONCAP - ARS) 'name' is a non-empty string
  ✓  Item 20 (Argentina - Soberanos - Bonos del Tesoro Capitalizables BONCAP - ARS) links contain valid URLs
  GET https://api.staging.mercap.com.ar/yield-curves/7654381b-b94b-44dd-97d2-d6c846ef1046 [200 OK, 1.28kB, 192ms]
  ✓  Item 20 (Argentina - Soberanos - Bonos del Tesoro Capitalizables BONCAP - ARS) self link returns 200
  ┌
  │ '🔎 Testing Item 21 (Argentina - Soberanos - Dollar Li
  │ nked - USD)'
  └
  ✓  Item 21 (Argentina - Soberanos - Dollar Linked - USD) contains expected properties
  ✓  Item 21 (Argentina - Soberanos - Dollar Linked - USD) 'name' is a non-empty string
  ✓  Item 21 (Argentina - Soberanos - Dollar Linked - USD) links contain valid URLs
  GET https://api.staging.mercap.com.ar/yield-curves/f2488f82-4e37-4326-aec7-b7d268d58f3e [200 OK, 1.25kB, 194ms]
  ✓  Item 21 (Argentina - Soberanos - Dollar Linked - USD) self link returns 200
  ┌
  │ '🔎 Testing Item 22 (Argentina - Soberanos - Letras de
  │ l Tesoro (LECER) - ARS )'
  └
  ✓  Item 22 (Argentina - Soberanos - Letras del Tesoro (LECER) - ARS ) contains expected properties
  ✓  Item 22 (Argentina - Soberanos - Letras del Tesoro (LECER) - ARS ) 'name' is a non-empty string
  ✓  Item 22 (Argentina - Soberanos - Letras del Tesoro (LECER) - ARS ) links contain valid URLs
  GET https://api.staging.mercap.com.ar/yield-curves/583f592b-ff37-47ed-a796-698767d4114c [200 OK, 1.26kB, 195ms]
  ✓  Item 22 (Argentina - Soberanos - Letras del Tesoro (LECER) - ARS ) self link returns 200
  ┌
  │ '🔎 Testing Item 23 (Argentina - Soberanos - Letras de
  │ l Tesoro Capitalizables (LECAP) - ARS)'
  └
  ✓  Item 23 (Argentina - Soberanos - Letras del Tesoro Capitalizables (LECAP) - ARS) contains expected properties
  ✓  Item 23 (Argentina - Soberanos - Letras del Tesoro Capitalizables (LECAP) - ARS) 'name' is a non-empty string
  ✓  Item 23 (Argentina - Soberanos - Letras del Tesoro Capitalizables (LECAP) - ARS) links contain valid URLs
  GET https://api.staging.mercap.com.ar/yield-curves/dafe5d79-334c-4861-a28b-8ffeb595abad [200 OK, 1.27kB, 207ms]
  ✓  Item 23 (Argentina - Soberanos - Letras del Tesoro Capitalizables (LECAP) - ARS) self link returns 200
  ┌
  │ '🔎 Testing Item 24 (Argentina - Soberanos - Letras de
  │ l Tesoro vinculadas al u$s (LELINK) - ARS)'
  └
  ✓  Item 24 (Argentina - Soberanos - Letras del Tesoro vinculadas al u$s (LELINK) - ARS) contains expected properties
  ✓  Item 24 (Argentina - Soberanos - Letras del Tesoro vinculadas al u$s (LELINK) - ARS) 'name' is a non-empty string
  ✓  Item 24 (Argentina - Soberanos - Letras del Tesoro vinculadas al u$s (LELINK) - ARS) links contain valid URLs
  GET https://api.staging.mercap.com.ar/yield-curves/3edb7ca4-ff54-496b-bae0-4e1c367b07c6 [200 OK, 1.28kB, 190ms]
  ✓  Item 24 (Argentina - Soberanos - Letras del Tesoro vinculadas al u$s (LELINK) - ARS) self link returns 200
  ┌
  │ '🔎 Testing Item 25 (Argentina - Soberanos - Ley Argen
  │ tina - USD )'
  └
  ✓  Item 25 (Argentina - Soberanos - Ley Argentina - USD ) contains expected properties
  ✓  Item 25 (Argentina - Soberanos - Ley Argentina - USD ) 'name' is a non-empty string
  ✓  Item 25 (Argentina - Soberanos - Ley Argentina - USD ) links contain valid URLs
  GET https://api.staging.mercap.com.ar/yield-curves/1eb1c353-c294-4fee-a932-297f3b11448f [200 OK, 1.26kB, 214ms]
  ✓  Item 25 (Argentina - Soberanos - Ley Argentina - USD ) self link returns 200
  ┌
  │ '🔎 Testing Item 26 (Argentina - Soberanos - Ley Extra
  │ njera - USD)'
  └
  ✓  Item 26 (Argentina - Soberanos - Ley Extranjera - USD) contains expected properties
  ✓  Item 26 (Argentina - Soberanos - Ley Extranjera - USD) 'name' is a non-empty string
  ✓  Item 26 (Argentina - Soberanos - Ley Extranjera - USD) links contain valid URLs
  GET https://api.staging.mercap.com.ar/yield-curves/9d234b34-d635-4ace-bd37-a2a4f2e86faf [200 OK, 1.26kB, 189ms]
  ✓  Item 26 (Argentina - Soberanos - Ley Extranjera - USD) self link returns 200
  ┌
  │ '🔎 Testing Item 27 (Argentina - Soberanos - Tasa Fija
  │  + CER - ARS)'
  └
  ✓  Item 27 (Argentina - Soberanos - Tasa Fija + CER - ARS) contains expected properties
  ✓  Item 27 (Argentina - Soberanos - Tasa Fija + CER - ARS) 'name' is a non-empty string
  ✓  Item 27 (Argentina - Soberanos - Tasa Fija + CER - ARS) links contain valid URLs
  GET https://api.staging.mercap.com.ar/yield-curves/f9c0db3d-9190-4692-9c70-0d7b0eb9e9ee [200 OK, 1.26kB, 239ms]
  ✓  Item 27 (Argentina - Soberanos - Tasa Fija + CER - ARS) self link returns 200
  ┌
  │ '🔎 Testing Item 28 (Argentina - Soberanos - Tasa Fija
  │  - ARS)'
  └
  ✓  Item 28 (Argentina - Soberanos - Tasa Fija - ARS) contains expected properties
  ✓  Item 28 (Argentina - Soberanos - Tasa Fija - ARS) 'name' is a non-empty string
  ✓  Item 28 (Argentina - Soberanos - Tasa Fija - ARS) links contain valid URLs
  GET https://api.staging.mercap.com.ar/yield-curves/8e165b0c-69f7-4ddb-b346-a73b47aeef0e [200 OK, 1.24kB, 140ms]
  ✓  Item 28 (Argentina - Soberanos - Tasa Fija - ARS) self link returns 200
  ┌
  │ '🔎 Testing Item 29 (Argentina - Soberanos - Tasa Flot
  │ ante - ARS)'
  └
  ✓  Item 29 (Argentina - Soberanos - Tasa Flotante - ARS) contains expected properties
  ✓  Item 29 (Argentina - Soberanos - Tasa Flotante - ARS) 'name' is a non-empty string
  ✓  Item 29 (Argentina - Soberanos - Tasa Flotante - ARS) links contain valid URLs
  GET https://api.staging.mercap.com.ar/yield-curves/9bdc4ab6-b86b-43c0-bb1e-f78e4c11ca55 [200 OK, 1.25kB, 223ms]
  ✓  Item 29 (Argentina - Soberanos - Tasa Flotante - ARS) self link returns 200
  ┌
  │ '🔎 Testing Item 30 (Argentina - SubSoberanos - Tasa f
  │ ija + CER - ARS)'
  └
  ✓  Item 30 (Argentina - SubSoberanos - Tasa fija + CER - ARS) contains expected properties
  ✓  Item 30 (Argentina - SubSoberanos - Tasa fija + CER - ARS) 'name' is a non-empty string
  ✓  Item 30 (Argentina - SubSoberanos - Tasa fija + CER - ARS) links contain valid URLs
  GET https://api.staging.mercap.com.ar/yield-curves/74f305c2-b3bc-4f0c-b917-89ae597c3be1 [200 OK, 1.26kB, 176ms]
  ✓  Item 30 (Argentina - SubSoberanos - Tasa fija + CER - ARS) self link returns 200
  ┌
  │ '🔎 Testing Item 31 (Argentina - SubSoberanos - Tasa F
  │ ija - USD)'
  └
  ✓  Item 31 (Argentina - SubSoberanos - Tasa Fija - USD) contains expected properties
  ✓  Item 31 (Argentina - SubSoberanos - Tasa Fija - USD) 'name' is a non-empty string
  ✓  Item 31 (Argentina - SubSoberanos - Tasa Fija - USD) links contain valid URLs
  GET https://api.staging.mercap.com.ar/yield-curves/faba1cba-97a1-4f56-83c5-9ca4e9a5909c [200 OK, 1.25kB, 231ms]
  ✓  Item 31 (Argentina - SubSoberanos - Tasa Fija - USD) self link returns 200
  ┌
  │ '🔎 Testing Item 32 (Argentina - SubSoberanos - Tasa F
  │ lotante - ARS)'
  └
  ✓  Item 32 (Argentina - SubSoberanos - Tasa Flotante - ARS) contains expected properties
  ✓  Item 32 (Argentina - SubSoberanos - Tasa Flotante - ARS) 'name' is a non-empty string
  ✓  Item 32 (Argentina - SubSoberanos - Tasa Flotante - ARS) links contain valid URLs
  GET https://api.staging.mercap.com.ar/yield-curves/9193993e-4b18-4889-94e6-4cefc7485e4a [200 OK, 1.25kB, 186ms]
  ✓  Item 32 (Argentina - SubSoberanos - Tasa Flotante - ARS) self link returns 200
  ┌
  │ '🔎 Testing Item 33 (Brasil - Soberanos - Bonos Global
  │ es - USD)'
  └
  ✓  Item 33 (Brasil - Soberanos - Bonos Globales - USD) contains expected properties
  ✓  Item 33 (Brasil - Soberanos - Bonos Globales - USD) 'name' is a non-empty string
  ✓  Item 33 (Brasil - Soberanos - Bonos Globales - USD) links contain valid URLs
  GET https://api.staging.mercap.com.ar/yield-curves/8217e3c3-7a60-4dc5-a772-856732650b8a [200 OK, 1.25kB, 225ms]
  ✓  Item 33 (Brasil - Soberanos - Bonos Globales - USD) self link returns 200
  ┌
  │ '🔎 Testing Item 34 (Chile - Soberanos - Bonos Globale
  │ s - USD)'
  └
  ✓  Item 34 (Chile - Soberanos - Bonos Globales - USD) contains expected properties
  ✓  Item 34 (Chile - Soberanos - Bonos Globales - USD) 'name' is a non-empty string
  ✓  Item 34 (Chile - Soberanos - Bonos Globales - USD) links contain valid URLs
  GET https://api.staging.mercap.com.ar/yield-curves/577aa710-749c-412f-9cab-7f1ce6379673 [200 OK, 1.25kB, 188ms]
  ✓  Item 34 (Chile - Soberanos - Bonos Globales - USD) self link returns 200
  ┌
  │ '🔎 Testing Item 35 (Colombia - Soberanos - Bonos Glob
  │ ales - USD\t)'
  └
  ✓  Item 35 (Colombia - Soberanos - Bonos Globales - USD	) contains expected properties
  ✓  Item 35 (Colombia - Soberanos - Bonos Globales - USD	) 'name' is a non-empty string
  ✓  Item 35 (Colombia - Soberanos - Bonos Globales - USD	) links contain valid URLs
  GET https://api.staging.mercap.com.ar/yield-curves/8c2d9de4-5cb3-4f2f-85ad-9aee19f88a8e [200 OK, 1.26kB, 212ms]
  ✓  Item 35 (Colombia - Soberanos - Bonos Globales - USD	) self link returns 200
  ┌
  │ '🔎 Testing Item 36 (Estados Unidos - Soberanos - Trea
  │ sury Notes/Bonds - USD)'
  └
  ✓  Item 36 (Estados Unidos - Soberanos - Treasury Notes/Bonds - USD) contains expected properties
  ✓  Item 36 (Estados Unidos - Soberanos - Treasury Notes/Bonds - USD) 'name' is a non-empty string
  ✓  Item 36 (Estados Unidos - Soberanos - Treasury Notes/Bonds - USD) links contain valid URLs
  GET https://api.staging.mercap.com.ar/yield-curves/3e5993cf-64c5-4fa2-ba5b-9fae8bfcd6d5 [200 OK, 1.26kB, 255ms]
  ✓  Item 36 (Estados Unidos - Soberanos - Treasury Notes/Bonds - USD) self link returns 200
  ┌
  │ '🔎 Testing Item 37 (Mexico - Soberanos - Bonos Global
  │ es - USD)'
  └
  ✓  Item 37 (Mexico - Soberanos - Bonos Globales - USD) contains expected properties
  ✓  Item 37 (Mexico - Soberanos - Bonos Globales - USD) 'name' is a non-empty string
  ✓  Item 37 (Mexico - Soberanos - Bonos Globales - USD) links contain valid URLs
  GET https://api.staging.mercap.com.ar/yield-curves/86a282be-f60d-4cd6-be14-b1fd2871ba9b [200 OK, 1.25kB, 305ms]
  ✓  Item 37 (Mexico - Soberanos - Bonos Globales - USD) self link returns 200
  ┌
  │ '🔎 Testing Item 38 (Paraguay - Soberanos - Bonos Glob
  │ ales - USD)'
  └
  ✓  Item 38 (Paraguay - Soberanos - Bonos Globales - USD) contains expected properties
  ✓  Item 38 (Paraguay - Soberanos - Bonos Globales - USD) 'name' is a non-empty string
  ✓  Item 38 (Paraguay - Soberanos - Bonos Globales - USD) links contain valid URLs
  GET https://api.staging.mercap.com.ar/yield-curves/b0d8c01d-972c-4e1e-97e9-1edcaffb2b20 [200 OK, 1.25kB, 195ms]
  ✓  Item 38 (Paraguay - Soberanos - Bonos Globales - USD) self link returns 200

❏ Pepper-GS32 / Regression-Test / Bond Groups
↳ Get all bond groups
  GET https://api.staging.mercap.com.ar/bond-groups [200 OK, 4.67kB, 157ms]
  ✓  Response is received and status is 200
  ✓  Media-Type is correct
  ✓  Items array is present and not empty
  ✓  Self link matches expected URL
  ✓  [Group 1: Bonos Canje 2020 - Ley Argentina] structure and properties
  ✓  [Group 1: Bonos Canje 2020 - Ley Argentina] - Bond 1 (AL29) structure
  ✓  [Group 1: Bonos Canje 2020 - Ley Argentina] - Bond 2 (TX26) structure
  ✓  [Group 1: Bonos Canje 2020 - Ley Argentina] - Bond 3 (AL41) structure
  ✓  [Group 1: Bonos Canje 2020 - Ley Argentina] - Bond 4 (AE38) structure
  ✓  [Group 1: Bonos Canje 2020 - Ley Argentina] - Bond 5 (AL30) structure
  ✓  [Group 1: Bonos Canje 2020 - Ley Argentina] - Bond 6 (TX28) structure
  ✓  [Group 1: Bonos Canje 2020 - Ley Argentina] - Bond 7 (AL35) structure
  ┌
  │ '✔ Variable BOND_GROUPS actualizada:', 'https://api.st
  │ aging.mercap.com.ar/bond-groups/80de27c0-0ac0-4189-b4c
  │ f-e39757e1c6a6'
  └
  GET https://api.staging.mercap.com.ar/bond-groups/80de27c0-0ac0-4189-b4cf-e39757e1c6a6   GET https://api.staging.mercap.com.ar/bonds/af22aea0-cd76-44d2-bf1e-ee2a92b4793d   GET https://api.staging.mercap.com.ar/bonds/2525ae7e-d0da-4cb3-8835-57f153e872e2   GET https://api.staging.mercap.com.ar/bonds/89d139cc-c382-4848-91b5-861ea758ee0c   GET https://api.staging.mercap.com.ar/bonds/02d0b59c-a9ae-41df-8034-153706b8c0ee   GET https://api.staging.mercap.com.ar/bonds/ecfe885d-8163-4222-acb1-f7020cf05a4a   GET https://api.staging.mercap.com.ar/bonds/abc31ef9-f305-4c76-a6b8-8578174cf8dd   GET https://api.staging.mercap.com.ar/bonds/f9db6679-83f2-40bc-9e52-d9ebbb87cbf8 [200 OK, 2.2kB, 215ms]
  ✓  [Group 1: Bonos Canje 2020 - Ley Argentina] self link returns 200
  ✓  [Group 2: Bonos Canje 2020 - Ley NY] structure and properties
  ✓  [Group 2: Bonos Canje 2020 - Ley NY] - Bond 1 (GE38) structure
  ✓  [Group 2: Bonos Canje 2020 - Ley NY] - Bond 2 (GE35) structure
  ✓  [Group 2: Bonos Canje 2020 - Ley NY] - Bond 3 (GD38) structure
  ✓  [Group 2: Bonos Canje 2020 - Ley NY] - Bond 4 (GE29) structure
  ✓  [Group 2: Bonos Canje 2020 - Ley NY] - Bond 5 (GE41) structure
  ✓  [Group 2: Bonos Canje 2020 - Ley NY] - Bond 6 (GD41) structure
  ✓  [Group 2: Bonos Canje 2020 - Ley NY] - Bond 7 (GD30) structure
  ✓  [Group 2: Bonos Canje 2020 - Ley NY] - Bond 8 (GD46) structure
  ✓  [Group 2: Bonos Canje 2020 - Ley NY] - Bond 9 (GE46) structure
  ✓  [Group 2: Bonos Canje 2020 - Ley NY] - Bond 10 (GD35) structure
  ✓  [Group 2: Bonos Canje 2020 - Ley NY] - Bond 11 (GE30) structure
  ✓  [Group 2: Bonos Canje 2020 - Ley NY] - Bond 12 (GD29) structure
  GET https://api.staging.mercap.com.ar/bond-groups/b008b23b-cf39-41ca-bce6-64bfe0ba258b   GET https://api.staging.mercap.com.ar/bonds/0adff71d-a978-43c8-9d66-c3062ee00a54   GET https://api.staging.mercap.com.ar/bonds/47517c75-1a97-47e2-b085-10b99c490edd   GET https://api.staging.mercap.com.ar/bonds/9a11f6b9-1cc3-4d89-b88d-c1accbdac6ee   GET https://api.staging.mercap.com.ar/bonds/8d8a220b-7054-4e29-aa69-d410231f8598   GET https://api.staging.mercap.com.ar/bonds/8e7d4748-f358-4a96-954c-70101f02816f   GET https://api.staging.mercap.com.ar/bonds/9a10266b-08cb-44d7-97f7-cc81a037aa90   GET https://api.staging.mercap.com.ar/bonds/a18d235c-06a3-4a05-a794-8d463a547dc3   GET https://api.staging.mercap.com.ar/bonds/1953200f-72bf-47dd-b440-07d198bd6a5a   GET https://api.staging.mercap.com.ar/bonds/d5ded37c-49e7-4d4c-895f-3e90cca74e29   GET https://api.staging.mercap.com.ar/bonds/914170da-9f70-42a0-9e3d-de4c1a87ca27   GET https://api.staging.mercap.com.ar/bonds/db5b8de7-a16f-4437-bfc3-5610776cbeb9   GET https://api.staging.mercap.com.ar/bonds/3d87aa62-0701-45fe-87ce-2b50ad378df9 [200 OK, 3.17kB, 204ms]
  ✓  [Group 2: Bonos Canje 2020 - Ley NY] self link returns 200
[200 OK, 7.55kB, 623ms]
  ✓  [Group 1: Bonos Canje 2020 - Ley Argentina] - Bond 6 (TX28) self link returns 200
[200 OK, 10.52kB, 637ms]
  ✓  [Group 1: Bonos Canje 2020 - Ley Argentina] - Bond 3 (AL41) self link returns 200
[200 OK, 8.94kB, 688ms]
  ✓  [Group 1: Bonos Canje 2020 - Ley Argentina] - Bond 4 (AE38) self link returns 200
[200 OK, 5.81kB, 704ms]
  ✓  [Group 1: Bonos Canje 2020 - Ley Argentina] - Bond 5 (AL30) self link returns 200
[200 OK, 6.09kB, 720ms]
  ✓  [Group 1: Bonos Canje 2020 - Ley Argentina] - Bond 2 (TX26) self link returns 200
[200 OK, 5.34kB, 732ms]
  ✓  [Group 1: Bonos Canje 2020 - Ley Argentina] - Bond 1 (AL29) self link returns 200
[200 OK, 7.89kB, 802ms]
  ✓  [Group 1: Bonos Canje 2020 - Ley Argentina] - Bond 7 (AL35) self link returns 200
[200 OK, 5.84kB, 531ms]
  ✓  [Group 2: Bonos Canje 2020 - Ley NY] - Bond 11 (GE30) self link returns 200
[200 OK, 8.96kB, 602ms]
  ✓  [Group 2: Bonos Canje 2020 - Ley NY] - Bond 3 (GD38) self link returns 200
[200 OK, 5.81kB, 622ms]
  ✓  [Group 2: Bonos Canje 2020 - Ley NY] - Bond 7 (GD30) self link returns 200
[200 OK, 12.71kB, 657ms]
  ✓  [Group 2: Bonos Canje 2020 - Ley NY] - Bond 9 (GE46) self link returns 200
[200 OK, 5.35kB, 685ms]
  ✓  [Group 2: Bonos Canje 2020 - Ley NY] - Bond 12 (GD29) self link returns 200
[200 OK, 5.4kB, 696ms]
  ✓  [Group 2: Bonos Canje 2020 - Ley NY] - Bond 4 (GE29) self link returns 200
[200 OK, 7.9kB, 711ms]
  ✓  [Group 2: Bonos Canje 2020 - Ley NY] - Bond 10 (GD35) self link returns 200
[200 OK, 9.03kB, 725ms]
  ✓  [Group 2: Bonos Canje 2020 - Ley NY] - Bond 1 (GE38) self link returns 200
[200 OK, 10.47kB, 742ms]
  ✓  [Group 2: Bonos Canje 2020 - Ley NY] - Bond 5 (GE41) self link returns 200
[200 OK, 7.89kB, 753ms]
  ✓  [Group 2: Bonos Canje 2020 - Ley NY] - Bond 2 (GE35) self link returns 200
[200 OK, 10.53kB, 767ms]
  ✓  [Group 2: Bonos Canje 2020 - Ley NY] - Bond 6 (GD41) self link returns 200
[200 OK, 12.58kB, 889ms]
  ✓  [Group 2: Bonos Canje 2020 - Ley NY] - Bond 8 (GD46) self link returns 200

↳ Get bond groups by UUID
  GET https://api.staging.mercap.com.ar/bond-groups/80de27c0-0ac0-4189-b4cf-e39757e1c6a6 [200 OK, 2.19kB, 178ms]
  ┌
  │ 'Response received successfully.'
  └
  ✓  Response is received
  ┌
  │ 'Status code is 200.'
  └
  ✓  Status code is 200
  ┌
  │ 'Content-Type header is correct.'
  └
  ✓  Media-Type is correct
  ┌
  │ 'Bond group has the expected properties and name is Bo
  │ nos Canje 2020 - Ley Argentina.'
  └
  ✓  Bond group has correct properties and name is Bonos Canje 2020 - Ley Argentina
  ┌
  │ 'Each bond has the expected properties.'
  └
  ✓  Each bond has correct properties
  ┌
  │ 'All links are valid URLs.'
  └
  ✓  All links are valid URLs
  ┌
  │ 'Each bond name includes its shortName.'
  └
  ✓  Each bond has a consistent name and shortName
  ┌
  │ 'All expected bonds are present and have the expected 
  │ values.'
  └
  ✓  All expected bonds are present
  ┌
  │ 'The link for the bond group is correct.'
  └
  ✓  Link of bond group is correct

Iteration 4/5

❏ Pepper-GS32 / Regression-Test / Appraiser
↳ Appraise market value
  ┌
  │ '▶ [undefined] Ejecutando con ticker: AL30'
  └
  GET https://api.staging.mercap.com.ar/tradable-securities?query=AL30&tradeDate=2026-09-16 [200 OK, 2.64kB, 50ms]
  ┌
  │ '📌 BOND_INSTRUMENT_URL seteado'
  └
  GET https://api.staging.mercap.com.ar/exchange-schemes [200 OK, 4.4kB, 150ms]
  ┌
  │ '💱 EXCHANGE_SCHEME_URL seteado'
  └
  GET https://api.staging.mercap.com.ar/valuation-schemes [200 OK, 5.25kB, 46ms]
  ┌
  │ '📊 VALUATION_SCHEME_URL seteado'
  └
  POST https://api.staging.mercap.com.ar/appraiser [200 OK, 1.21kB, 4.2s]
  ┌
  │ 'Response received successfully.'
  └
  ✓  Response is received
  ┌
  │ 'Status code is 200.'
  └
  ✓  Status code is 200
  ┌
  │ 'Content-Type header is correct.'
  └
  ✓  Media-Type is correct
  ┌
  │ 'Result is a non-empty array.'
  └
  ✓  Result is a non-empty array
  ┌
  │ 'Each result object has the expected properties.'
  └
  ✓  Each result object has expected properties
  ┌
  │ 'Value amount is positive.'
  └
  ✓  Value amount is positive
  ┌
  │ 'Instrument URL is correct.'
  └
  ✓  Instrument URL is correct
  ┌
  │ 'Unit URL in every is correct.'
  └
  ✓  Unit URL in every is correct
  ┌
  │ 'Validation completed for amounts: 100 or 1000.'
  └
  ✓  Validate that 'amount' is either 100 or 1000
  ┌
  │ "Validate that 'type' is instrument quote."
  └
  ✓  Validate that 'type' is instrument quote

❏ Pepper-GS32 / Regression-Test / Bonds
↳ All bonds - deault parameters
  ┌
  │ '▶ [undefined] Ejecutando con ticker: AL30'
  └
  GET https://api.staging.mercap.com.ar/tradable-securities?query=AL30&tradeDate=2026-09-16 [200 OK, 2.64kB, 53ms]
  ┌
  │ '🔎 SHORT_NAME: AL30'
  └
  GET https://api.staging.mercap.com.ar/bonds [200 OK, 7.37kB, 63ms]
  ┌
  │ 'Response received successfully.'
  └
  ✓  Response is received
  ┌
  │ 'Status code is 200.'
  └
  ✓  Status code is 200
  ┌
  │ 'Content-Type header is correct.'
  └
  ✓  Media-Type is correct
  ┌
  │ "'items' array is present and not empty."
  └
  ✓  Response contains 'items' array with elements
  ┌
  │ 'Bond 0 validated successfully.'
  │ 'Bond 1 validated successfully.'
  │ 'Bond 2 validated successfully.'
  │ 'Bond 3 validated successfully.'
  │ 'Bond 4 validated successfully.'
  │ 'Bond 5 validated successfully.'
  │ 'Bond 6 validated successfully.'
  │ 'Bond 7 validated successfully.'
  │ 'Bond 8 validated successfully.'
  │ 'Bond 9 validated successfully.'
  └
  ✓  Each bond has required properties
  ┌
  │ 'Bond 0: shortName is valid: GYC5O'
  │ 'Bond 0: name is valid: \t360 ENERGY 2027 U$S 8.75% (G
  │ YC5O)'
  │ 'Bond 0: debtType is valid: Obligación Negociable'
  │ 'Bond 0: links object is present.'
  │ 'Bond 0: coupons link is valid: https://api.staging.me
  │ rcap.com.ar/bonds/9f8d6a98-199c-41e7-ad56-d70f08d78628
  │ /coupons'
  │ 'Bond 0: identifiers link is valid: https://api.stagin
  │ g.mercap.com.ar/bonds/9f8d6a98-199c-41e7-ad56-d70f08d7
  │ 8628/identifiers'
  │ 'Bond 0: self link is valid: https://api.staging.merca
  │ p.com.ar/bonds/9f8d6a98-199c-41e7-ad56-d70f08d78628'
  │ 'Bond 0: issueConditions link is valid: https://api.st
  │ aging.mercap.com.ar/bonds/9f8d6a98-199c-41e7-ad56-d70f
  │ 08d78628/issue-conditions'
  │ 'Bond 0: paymentSummary link is valid: https://api.sta
  │ ging.mercap.com.ar/bonds/9f8d6a98-199c-41e7-ad56-d70f0
  │ 8d78628/payment-summary'
  │ 'Bond 1: shortName is valid: BVCPO'
  │ 'Bond 1: name is valid: \tBST 2026 U$S 8 % (BVCPO)'
  │ 'Bond 1: debtType is valid: Obligación Negociable'
  │ 'Bond 1: links object is present.'
  │ 'Bond 1: coupons link is valid: https://api.staging.me
  │ rcap.com.ar/bonds/5b5084c6-16b3-49f8-9bed-ee122ebeef11
  │ /coupons'
  │ 'Bond 1: identifiers link is valid: https://api.stagin
  │ g.mercap.com.ar/bonds/5b5084c6-16b3-49f8-9bed-ee122ebe
  │ ef11/identifiers'
  │ 'Bond 1: self link is valid: https://api.staging.merca
  │ p.com.ar/bonds/5b5084c6-16b3-49f8-9bed-ee122ebeef11'
  │ 'Bond 1: issueConditions link is valid: https://api.st
  │ aging.mercap.com.ar/bonds/5b5084c6-16b3-49f8-9bed-ee12
  │ 2ebeef11/issue-conditions'
  │ 'Bond 1: paymentSummary link is valid: https://api.sta
  │ ging.mercap.com.ar/bonds/5b5084c6-16b3-49f8-9bed-ee122
  │ ebeef11/payment-summary'
  │ 'Bond 2: shortName is valid: MR40O'
  │ 'Bond 2: name is valid: \tGEMSA 2031 u$s 11% (MR40O)'
  │ 'Bond 2: debtType is valid: Obligación Negociable'
  │ 'Bond 2: links object is present.'
  │ 'Bond 2: coupons link is valid: https://api.staging.me
  │ rcap.com.ar/bonds/aca1c2b2-0dda-4235-9f91-f61b2710a955
  │ /coupons'
  │ 'Bond 2: identifiers link is valid: https://api.stagin
  │ g.mercap.com.ar/bonds/aca1c2b2-0dda-4235-9f91-f61b2710
  │ a955/identifiers'
  │ 'Bond 2: self link is valid: https://api.staging.merca
  │ p.com.ar/bonds/aca1c2b2-0dda-4235-9f91-f61b2710a955'
  │ 'Bond 2: issueConditions link is valid: https://api.st
  │ aging.mercap.com.ar/bonds/aca1c2b2-0dda-4235-9f91-f61b
  │ 2710a955/issue-conditions'
  │ 'Bond 2: paymentSummary link is valid: https://api.sta
  │ ging.mercap.com.ar/bonds/aca1c2b2-0dda-4235-9f91-f61b2
  │ 710a955/payment-summary'
  │ 'Bond 3: shortName is valid: RES2P'
  │ 'Bond 3: name is valid: \tRECARD S.A 2028 $ Badlar+800
  │ bp (RES2P)'
  │ 'Bond 3: debtType is valid: Obligación Negociable'
  │ 'Bond 3: links object is present.'
  │ 'Bond 3: coupons link is valid: https://api.staging.me
  │ rcap.com.ar/bonds/467a0102-75f2-4b59-aa66-5d182e6c1d58
  │ /coupons'
  │ 'Bond 3: identifiers link is valid: https://api.stagin
  │ g.mercap.com.ar/bonds/467a0102-75f2-4b59-aa66-5d182e6c
  │ 1d58/identifiers'
  │ 'Bond 3: self link is valid: https://api.staging.merca
  │ p.com.ar/bonds/467a0102-75f2-4b59-aa66-5d182e6c1d58'
  │ 'Bond 3: issueConditions link is valid: https://api.st
  │ aging.mercap.com.ar/bonds/467a0102-75f2-4b59-aa66-5d18
  │ 2e6c1d58/issue-conditions'
  │ 'Bond 3: paymentSummary link is valid: https://api.sta
  │ ging.mercap.com.ar/bonds/467a0102-75f2-4b59-aa66-5d182
  │ e6c1d58/payment-summary'
  │ 'Bond 4: shortName is valid: TTCBO'
  │ 'Bond 4: name is valid: \tTecpetrol 2027 u$s 6.5% (TTC
  │ BO)'
  │ 'Bond 4: debtType is valid: Obligación Negociable'
  │ 'Bond 4: links object is present.'
  │ 'Bond 4: coupons link is valid: https://api.staging.me
  │ rcap.com.ar/bonds/ca619c61-beaf-4160-9bcc-b9df0e0e7938
  │ /coupons'
  │ 'Bond 4: identifiers link is valid: https://api.stagin
  │ g.mercap.com.ar/bonds/ca619c61-beaf-4160-9bcc-b9df0e0e
  │ 7938/identifiers'
  │ 'Bond 4: self link is valid: https://api.staging.merca
  │ p.com.ar/bonds/ca619c61-beaf-4160-9bcc-b9df0e0e7938'
  │ 'Bond 4: issueConditions link is valid: https://api.st
  │ aging.mercap.com.ar/bonds/ca619c61-beaf-4160-9bcc-b9df
  │ 0e0e7938/issue-conditions'
  │ 'Bond 4: paymentSummary link is valid: https://api.sta
  │ ging.mercap.com.ar/bonds/ca619c61-beaf-4160-9bcc-b9df0
  │ e0e7938/payment-summary'
  │ 'Bond 5: shortName is valid: GYC4O'
  │ 'Bond 5: name is valid: 360 ENERGY 2027 U$S 8% (GYC4O)
  │ '
  │ 'Bond 5: debtType is valid: Obligación Negociable'
  │ 'Bond 5: links object is present.'
  │ 'Bond 5: coupons link is valid: https://api.staging.me
  │ rcap.com.ar/bonds/935718fe-3140-424e-817d-3ba64bbc60a6
  │ /coupons'
  │ 'Bond 5: identifiers link is valid: https://api.stagin
  │ g.mercap.com.ar/bonds/935718fe-3140-424e-817d-3ba64bbc
  │ 60a6/identifiers'
  │ 'Bond 5: self link is valid: https://api.staging.merca
  │ p.com.ar/bonds/935718fe-3140-424e-817d-3ba64bbc60a6'
  │ 'Bond 5: issueConditions link is valid: https://api.st
  │ aging.mercap.com.ar/bonds/935718fe-3140-424e-817d-3ba6
  │ 4bbc60a6/issue-conditions'
  │ 'Bond 5: paymentSummary link is valid: https://api.sta
  │ ging.mercap.com.ar/bonds/935718fe-3140-424e-817d-3ba64
  │ bbc60a6/payment-summary'
  │ 'Bond 6: shortName is valid: GYC3O'
  │ 'Bond 6: name is valid: 360 Energy 2032 u$s-linked 5% 
  │ (GYC3O)'
  │ 'Bond 6: debtType is valid: Obligación Negociable'
  │ 'Bond 6: links object is present.'
  │ 'Bond 6: coupons link is valid: https://api.staging.me
  │ rcap.com.ar/bonds/c205e424-1203-475f-b83b-127bfcd77dc6
  │ /coupons'
  │ 'Bond 6: identifiers link is valid: https://api.stagin
  │ g.mercap.com.ar/bonds/c205e424-1203-475f-b83b-127bfcd7
  │ 7dc6/identifiers'
  │ 'Bond 6: self link is valid: https://api.staging.merca
  │ p.com.ar/bonds/c205e424-1203-475f-b83b-127bfcd77dc6'
  │ 'Bond 6: issueConditions link is valid: https://api.st
  │ aging.mercap.com.ar/bonds/c205e424-1203-475f-b83b-127b
  │ fcd77dc6/issue-conditions'
  │ 'Bond 6: paymentSummary link is valid: https://api.sta
  │ ging.mercap.com.ar/bonds/c205e424-1203-475f-b83b-127bf
  │ cd77dc6/payment-summary'
  │ 'Bond 7: shortName is valid: DDS1P'
  │ 'Bond 7: name is valid: 3D Latinoamerica 2027 TAMAR + 
  │ 800bp (DDS1P)'
  │ 'Bond 7: debtType is valid: Obligación Negociable'
  │ 'Bond 7: links object is present.'
  │ 'Bond 7: coupons link is valid: https://api.staging.me
  │ rcap.com.ar/bonds/098d7637-6d3f-46b9-a08b-601da300a433
  │ /coupons'
  │ 'Bond 7: identifiers link is valid: https://api.stagin
  │ g.mercap.com.ar/bonds/098d7637-6d3f-46b9-a08b-601da300
  │ a433/identifiers'
  │ 'Bond 7: self link is valid: https://api.staging.merca
  │ p.com.ar/bonds/098d7637-6d3f-46b9-a08b-601da300a433'
  │ 'Bond 7: issueConditions link is valid: https://api.st
  │ aging.mercap.com.ar/bonds/098d7637-6d3f-46b9-a08b-601d
  │ a300a433/issue-conditions'
  │ 'Bond 7: paymentSummary link is valid: https://api.sta
  │ ging.mercap.com.ar/bonds/098d7637-6d3f-46b9-a08b-601da
  │ 300a433/payment-summary'
  │ 'Bond 8: shortName is valid: ADCO27'
  │ 'Bond 8: name is valid: ADECOAGRO 2027 U$S 6% (ADCO27)
  │ '
  │ 'Bond 8: debtType is valid: Obligación Negociable'
  │ 'Bond 8: links object is present.'
  │ 'Bond 8: coupons link is valid: https://api.staging.me
  │ rcap.com.ar/bonds/b8e763aa-8edc-4117-8f39-953f55c26f8e
  │ /coupons'
  │ 'Bond 8: identifiers link is valid: https://api.stagin
  │ g.mercap.com.ar/bonds/b8e763aa-8edc-4117-8f39-953f55c2
  │ 6f8e/identifiers'
  │ 'Bond 8: self link is valid: https://api.staging.merca
  │ p.com.ar/bonds/b8e763aa-8edc-4117-8f39-953f55c26f8e'
  │ 'Bond 8: issueConditions link is valid: https://api.st
  │ aging.mercap.com.ar/bonds/b8e763aa-8edc-4117-8f39-953f
  │ 55c26f8e/issue-conditions'
  │ 'Bond 8: paymentSummary link is valid: https://api.sta
  │ ging.mercap.com.ar/bonds/b8e763aa-8edc-4117-8f39-953f5
  │ 5c26f8e/payment-summary'
  │ 'Bond 9: shortName is valid: AERAO'
  │ 'Bond 9: name is valid: AEROPUERTOS ARG. 2027 U$S 6.87
  │ 5% (AERAO)'
  │ 'Bond 9: debtType is valid: Obligación Negociable'
  │ 'Bond 9: links object is present.'
  │ 'Bond 9: coupons link is valid: https://api.staging.me
  │ rcap.com.ar/bonds/72b1e530-dd47-49e2-91f2-8f3602054bc3
  │ /coupons'
  │ 'Bond 9: identifiers link is valid: https://api.stagin
  │ g.mercap.com.ar/bonds/72b1e530-dd47-49e2-91f2-8f360205
  │ 4bc3/identifiers'
  │ 'Bond 9: self link is valid: https://api.staging.merca
  │ p.com.ar/bonds/72b1e530-dd47-49e2-91f2-8f3602054bc3'
  │ 'Bond 9: issueConditions link is valid: https://api.st
  │ aging.mercap.com.ar/bonds/72b1e530-dd47-49e2-91f2-8f36
  │ 02054bc3/issue-conditions'
  │ 'Bond 9: paymentSummary link is valid: https://api.sta
  │ ging.mercap.com.ar/bonds/72b1e530-dd47-49e2-91f2-8f360
  │ 2054bc3/payment-summary'
  └
  ✓  Each bond property has the correct format
  ┌
  │ "Link 'coupons' in bond 0 is valid:", 'https://api.sta
  │ ging.mercap.com.ar/bonds/9f8d6a98-199c-41e7-ad56-d70f0
  │ 8d78628/coupons'
  │ "Link 'identifiers' in bond 0 is valid:", 'https://api
  │ .staging.mercap.com.ar/bonds/9f8d6a98-199c-41e7-ad56-d
  │ 70f08d78628/identifiers'
  │ "Link 'self' in bond 0 is valid:", 'https://api.stagin
  │ g.mercap.com.ar/bonds/9f8d6a98-199c-41e7-ad56-d70f08d7
  │ 8628'
  │ "Link 'issueConditions' in bond 0 is valid:", 'https:/
  │ /api.staging.mercap.com.ar/bonds/9f8d6a98-199c-41e7-ad
  │ 56-d70f08d78628/issue-conditions'
  │ "Link 'paymentSummary' in bond 0 is valid:", 'https://
  │ api.staging.mercap.com.ar/bonds/9f8d6a98-199c-41e7-ad5
  │ 6-d70f08d78628/payment-summary'
  │ "Link 'coupons' in bond 1 is valid:", 'https://api.sta
  │ ging.mercap.com.ar/bonds/5b5084c6-16b3-49f8-9bed-ee122
  │ ebeef11/coupons'
  │ "Link 'identifiers' in bond 1 is valid:", 'https://api
  │ .staging.mercap.com.ar/bonds/5b5084c6-16b3-49f8-9bed-e
  │ e122ebeef11/identifiers'
  │ "Link 'self' in bond 1 is valid:", 'https://api.stagin
  │ g.mercap.com.ar/bonds/5b5084c6-16b3-49f8-9bed-ee122ebe
  │ ef11'
  │ "Link 'issueConditions' in bond 1 is valid:", 'https:/
  │ /api.staging.mercap.com.ar/bonds/5b5084c6-16b3-49f8-9b
  │ ed-ee122ebeef11/issue-conditions'
  │ "Link 'paymentSummary' in bond 1 is valid:", 'https://
  │ api.staging.mercap.com.ar/bonds/5b5084c6-16b3-49f8-9be
  │ d-ee122ebeef11/payment-summary'
  │ "Link 'coupons' in bond 2 is valid:", 'https://api.sta
  │ ging.mercap.com.ar/bonds/aca1c2b2-0dda-4235-9f91-f61b2
  │ 710a955/coupons'
  │ "Link 'identifiers' in bond 2 is valid:", 'https://api
  │ .staging.mercap.com.ar/bonds/aca1c2b2-0dda-4235-9f91-f
  │ 61b2710a955/identifiers'
  │ "Link 'self' in bond 2 is valid:", 'https://api.stagin
  │ g.mercap.com.ar/bonds/aca1c2b2-0dda-4235-9f91-f61b2710
  │ a955'
  │ "Link 'issueConditions' in bond 2 is valid:", 'https:/
  │ /api.staging.mercap.com.ar/bonds/aca1c2b2-0dda-4235-9f
  │ 91-f61b2710a955/issue-conditions'
  │ "Link 'paymentSummary' in bond 2 is valid:", 'https://
  │ api.staging.mercap.com.ar/bonds/aca1c2b2-0dda-4235-9f9
  │ 1-f61b2710a955/payment-summary'
  │ "Link 'coupons' in bond 3 is valid:", 'https://api.sta
  │ ging.mercap.com.ar/bonds/467a0102-75f2-4b59-aa66-5d182
  │ e6c1d58/coupons'
  │ "Link 'identifiers' in bond 3 is valid:", 'https://api
  │ .staging.mercap.com.ar/bonds/467a0102-75f2-4b59-aa66-5
  │ d182e6c1d58/identifiers'
  │ "Link 'self' in bond 3 is valid:", 'https://api.stagin
  │ g.mercap.com.ar/bonds/467a0102-75f2-4b59-aa66-5d182e6c
  │ 1d58'
  │ "Link 'issueConditions' in bond 3 is valid:", 'https:/
  │ /api.staging.mercap.com.ar/bonds/467a0102-75f2-4b59-aa
  │ 66-5d182e6c1d58/issue-conditions'
  │ "Link 'paymentSummary' in bond 3 is valid:", 'https://
  │ api.staging.mercap.com.ar/bonds/467a0102-75f2-4b59-aa6
  │ 6-5d182e6c1d58/payment-summary'
  │ "Link 'coupons' in bond 4 is valid:", 'https://api.sta
  │ ging.mercap.com.ar/bonds/ca619c61-beaf-4160-9bcc-b9df0
  │ e0e7938/coupons'
  │ "Link 'identifiers' in bond 4 is valid:", 'https://api
  │ .staging.mercap.com.ar/bonds/ca619c61-beaf-4160-9bcc-b
  │ 9df0e0e7938/identifiers'
  │ "Link 'self' in bond 4 is valid:", 'https://api.stagin
  │ g.mercap.com.ar/bonds/ca619c61-beaf-4160-9bcc-b9df0e0e
  │ 7938'
  │ "Link 'issueConditions' in bond 4 is valid:", 'https:/
  │ /api.staging.mercap.com.ar/bonds/ca619c61-beaf-4160-9b
  │ cc-b9df0e0e7938/issue-conditions'
  │ "Link 'paymentSummary' in bond 4 is valid:", 'https://
  │ api.staging.mercap.com.ar/bonds/ca619c61-beaf-4160-9bc
  │ c-b9df0e0e7938/payment-summary'
  │ "Link 'coupons' in bond 5 is valid:", 'https://api.sta
  │ ging.mercap.com.ar/bonds/935718fe-3140-424e-817d-3ba64
  │ bbc60a6/coupons'
  │ "Link 'identifiers' in bond 5 is valid:", 'https://api
  │ .staging.mercap.com.ar/bonds/935718fe-3140-424e-817d-3
  │ ba64bbc60a6/identifiers'
  │ "Link 'self' in bond 5 is valid:", 'https://api.stagin
  │ g.mercap.com.ar/bonds/935718fe-3140-424e-817d-3ba64bbc
  │ 60a6'
  │ "Link 'issueConditions' in bond 5 is valid:", 'https:/
  │ /api.staging.mercap.com.ar/bonds/935718fe-3140-424e-81
  │ 7d-3ba64bbc60a6/issue-conditions'
  │ "Link 'paymentSummary' in bond 5 is valid:", 'https://
  │ api.staging.mercap.com.ar/bonds/935718fe-3140-424e-817
  │ d-3ba64bbc60a6/payment-summary'
  │ "Link 'coupons' in bond 6 is valid:", 'https://api.sta
  │ ging.mercap.com.ar/bonds/c205e424-1203-475f-b83b-127bf
  │ cd77dc6/coupons'
  │ "Link 'identifiers' in bond 6 is valid:", 'https://api
  │ .staging.mercap.com.ar/bonds/c205e424-1203-475f-b83b-1
  │ 27bfcd77dc6/identifiers'
  │ "Link 'self' in bond 6 is valid:", 'https://api.stagin
  │ g.mercap.com.ar/bonds/c205e424-1203-475f-b83b-127bfcd7
  │ 7dc6'
  │ "Link 'issueConditions' in bond 6 is valid:", 'https:/
  │ /api.staging.mercap.com.ar/bonds/c205e424-1203-475f-b8
  │ 3b-127bfcd77dc6/issue-conditions'
  │ "Link 'paymentSummary' in bond 6 is valid:", 'https://
  │ api.staging.mercap.com.ar/bonds/c205e424-1203-475f-b83
  │ b-127bfcd77dc6/payment-summary'
  │ "Link 'coupons' in bond 7 is valid:", 'https://api.sta
  │ ging.mercap.com.ar/bonds/098d7637-6d3f-46b9-a08b-601da
  │ 300a433/coupons'
  │ "Link 'identifiers' in bond 7 is valid:", 'https://api
  │ .staging.mercap.com.ar/bonds/098d7637-6d3f-46b9-a08b-6
  │ 01da300a433/identifiers'
  │ "Link 'self' in bond 7 is valid:", 'https://api.stagin
  │ g.mercap.com.ar/bonds/098d7637-6d3f-46b9-a08b-601da300
  │ a433'
  │ "Link 'issueConditions' in bond 7 is valid:", 'https:/
  │ /api.staging.mercap.com.ar/bonds/098d7637-6d3f-46b9-a0
  │ 8b-601da300a433/issue-conditions'
  │ "Link 'paymentSummary' in bond 7 is valid:", 'https://
  │ api.staging.mercap.com.ar/bonds/098d7637-6d3f-46b9-a08
  │ b-601da300a433/payment-summary'
  │ "Link 'coupons' in bond 8 is valid:", 'https://api.sta
  │ ging.mercap.com.ar/bonds/b8e763aa-8edc-4117-8f39-953f5
  │ 5c26f8e/coupons'
  │ "Link 'identifiers' in bond 8 is valid:", 'https://api
  │ .staging.mercap.com.ar/bonds/b8e763aa-8edc-4117-8f39-9
  │ 53f55c26f8e/identifiers'
  │ "Link 'self' in bond 8 is valid:", 'https://api.stagin
  │ g.mercap.com.ar/bonds/b8e763aa-8edc-4117-8f39-953f55c2
  │ 6f8e'
  │ "Link 'issueConditions' in bond 8 is valid:", 'https:/
  │ /api.staging.mercap.com.ar/bonds/b8e763aa-8edc-4117-8f
  │ 39-953f55c26f8e/issue-conditions'
  │ "Link 'paymentSummary' in bond 8 is valid:", 'https://
  │ api.staging.mercap.com.ar/bonds/b8e763aa-8edc-4117-8f3
  │ 9-953f55c26f8e/payment-summary'
  │ "Link 'coupons' in bond 9 is valid:", 'https://api.sta
  │ ging.mercap.com.ar/bonds/72b1e530-dd47-49e2-91f2-8f360
  │ 2054bc3/coupons'
  │ "Link 'identifiers' in bond 9 is valid:", 'https://api
  │ .staging.mercap.com.ar/bonds/72b1e530-dd47-49e2-91f2-8
  │ f3602054bc3/identifiers'
  │ "Link 'self' in bond 9 is valid:", 'https://api.stagin
  │ g.mercap.com.ar/bonds/72b1e530-dd47-49e2-91f2-8f360205
  │ 4bc3'
  │ "Link 'issueConditions' in bond 9 is valid:", 'https:/
  │ /api.staging.mercap.com.ar/bonds/72b1e530-dd47-49e2-91
  │ f2-8f3602054bc3/issue-conditions'
  │ "Link 'paymentSummary' in bond 9 is valid:", 'https://
  │ api.staging.mercap.com.ar/bonds/72b1e530-dd47-49e2-91f
  │ 2-8f3602054bc3/payment-summary'
  └
  ✓  Links are valid URLs
  ┌
  │ "Global link 'next' is valid: https://api.staging.merc
  │ ap.com.ar/bonds?limit=10&start=11"
  │ "Global link 'self' is valid: https://api.staging.merc
  │ ap.com.ar/bonds"
  │ "Global link 'last' is valid: https://api.staging.merc
  │ ap.com.ar/bonds?limit=10&start=1091"
  └
  ✓  Global links are valid URLs
  ┌
  │ "No 'query' parameter provided in request."
  └
  ✓  Results match the query parameter
  ┌
  │ "No 'shortName' parameter provided in request."
  └
  ✓  Results match the shortName parameter
  ┌
  │ 'Results respect the limit parameter (max 10 items).'
  └
  ✓  Results respect the limit parameter
  ┌
  │ 'Validated that the first bond in response starts at i
  │ ndex 1.'
  └
  ✓  Start parameter skips the correct number of bonds
  ┌
  │ 'Response code is not 406, no validation necessary.'
  └
  ✓  Error 406 response structure
  ┌
  │ 'Limit is not 0, skipping error validation.'
  └
  ✓  Limit parameter is 0, response should be 400

↳ All bonds - deault parameters - bond+json
  ┌
  │ '▶ [undefined] Ejecutando con ticker: AL30'
  └
  GET https://api.staging.mercap.com.ar/tradable-securities?query=AL30&tradeDate=2026-09-16 [200 OK, 2.64kB, 64ms]
  ┌
  │ '🔎 SHORT_NAME: AL30'
  └
  GET https://api.staging.mercap.com.ar/bonds [200 OK, 44.1kB, 493ms]
  ┌
  │ 'Response received successfully.'
  └
  ✓  Response is received
  ┌
  │ 'Status code is 200.'
  └
  ✓  Status code is 200
  ┌
  │ 'Content-Type header is correct.'
  └
  ✓  Media-Type is correct
  ┌
  │ "'items' array is present and not empty."
  └
  ✓  Response contains 'items' array with elements
  ┌
  │ 'Bond 0 validated successfully.'
  │ 'Bond 1 validated successfully.'
  │ 'Bond 2 validated successfully.'
  │ 'Bond 3 validated successfully.'
  │ 'Bond 4 validated successfully.'
  │ 'Bond 5 validated successfully.'
  │ 'Bond 6 validated successfully.'
  │ 'Bond 7 validated successfully.'
  │ 'Bond 8 validated successfully.'
  │ 'Bond 9 validated successfully.'
  └
  ✓  Each bond has required properties
  ┌
  │ 'Bond 0: shortName is valid: GYC5O'
  │ 'Bond 0: name is valid: \t360 ENERGY 2027 U$S 8.75% (G
  │ YC5O)'
  │ 'Bond 0: debtType is valid: https://api.staging.mercap
  │ .com.ar/debt-types/a6af5129-7f88-46ce-879b-bfb0a4ee8a7
  │ b'
  │ 'Bond 0: links object is present.'
  │ 'Bond 0: self link is valid: https://api.staging.merca
  │ p.com.ar/bonds/9f8d6a98-199c-41e7-ad56-d70f08d78628'
  │ 'Bond 1: shortName is valid: BVCPO'
  │ 'Bond 1: name is valid: \tBST 2026 U$S 8 % (BVCPO)'
  │ 'Bond 1: debtType is valid: https://api.staging.mercap
  │ .com.ar/debt-types/a6af5129-7f88-46ce-879b-bfb0a4ee8a7
  │ b'
  │ 'Bond 1: links object is present.'
  │ 'Bond 1: self link is valid: https://api.staging.merca
  │ p.com.ar/bonds/5b5084c6-16b3-49f8-9bed-ee122ebeef11'
  │ 'Bond 2: shortName is valid: MR40O'
  │ 'Bond 2: name is valid: \tGEMSA 2031 u$s 11% (MR40O)'
  │ 'Bond 2: debtType is valid: https://api.staging.mercap
  │ .com.ar/debt-types/a6af5129-7f88-46ce-879b-bfb0a4ee8a7
  │ b'
  │ 'Bond 2: links object is present.'
  │ 'Bond 2: self link is valid: https://api.staging.merca
  │ p.com.ar/bonds/aca1c2b2-0dda-4235-9f91-f61b2710a955'
  │ 'Bond 3: shortName is valid: RES2P'
  │ 'Bond 3: name is valid: \tRECARD S.A 2028 $ Badlar+800
  │ bp (RES2P)'
  │ 'Bond 3: debtType is valid: https://api.staging.mercap
  │ .com.ar/debt-types/a6af5129-7f88-46ce-879b-bfb0a4ee8a7
  │ b'
  │ 'Bond 3: links object is present.'
  │ 'Bond 3: self link is valid: https://api.staging.merca
  │ p.com.ar/bonds/467a0102-75f2-4b59-aa66-5d182e6c1d58'
  │ 'Bond 4: shortName is valid: TTCBO'
  │ 'Bond 4: name is valid: \tTecpetrol 2027 u$s 6.5% (TTC
  │ BO)'
  │ 'Bond 4: debtType is valid: https://api.staging.mercap
  │ .com.ar/debt-types/a6af5129-7f88-46ce-879b-bfb0a4ee8a7
  │ b'
  │ 'Bond 4: links object is present.'
  │ 'Bond 4: self link is valid: https://api.staging.merca
  │ p.com.ar/bonds/ca619c61-beaf-4160-9bcc-b9df0e0e7938'
  │ 'Bond 5: shortName is valid: GYC4O'
  │ 'Bond 5: name is valid: 360 ENERGY 2027 U$S 8% (GYC4O)
  │ '
  │ 'Bond 5: debtType is valid: https://api.staging.mercap
  │ .com.ar/debt-types/a6af5129-7f88-46ce-879b-bfb0a4ee8a7
  │ b'
  │ 'Bond 5: links object is present.'
  │ 'Bond 5: self link is valid: https://api.staging.merca
  │ p.com.ar/bonds/935718fe-3140-424e-817d-3ba64bbc60a6'
  │ 'Bond 6: shortName is valid: GYC3O'
  │ 'Bond 6: name is valid: 360 Energy 2032 u$s-linked 5% 
  │ (GYC3O)'
  │ 'Bond 6: debtType is valid: https://api.staging.mercap
  │ .com.ar/debt-types/a6af5129-7f88-46ce-879b-bfb0a4ee8a7
  │ b'
  │ 'Bond 6: links object is present.'
  │ 'Bond 6: self link is valid: https://api.staging.merca
  │ p.com.ar/bonds/c205e424-1203-475f-b83b-127bfcd77dc6'
  │ 'Bond 7: shortName is valid: DDS1P'
  │ 'Bond 7: name is valid: 3D Latinoamerica 2027 TAMAR + 
  │ 800bp (DDS1P)'
  │ 'Bond 7: debtType is valid: https://api.staging.mercap
  │ .com.ar/debt-types/a6af5129-7f88-46ce-879b-bfb0a4ee8a7
  │ b'
  │ 'Bond 7: links object is present.'
  │ 'Bond 7: self link is valid: https://api.staging.merca
  │ p.com.ar/bonds/098d7637-6d3f-46b9-a08b-601da300a433'
  │ 'Bond 8: shortName is valid: ADCO27'
  │ 'Bond 8: name is valid: ADECOAGRO 2027 U$S 6% (ADCO27)
  │ '
  │ 'Bond 8: debtType is valid: https://api.staging.mercap
  │ .com.ar/debt-types/a6af5129-7f88-46ce-879b-bfb0a4ee8a7
  │ b'
  │ 'Bond 8: links object is present.'
  │ 'Bond 8: self link is valid: https://api.staging.merca
  │ p.com.ar/bonds/b8e763aa-8edc-4117-8f39-953f55c26f8e'
  │ 'Bond 9: shortName is valid: AERAO'
  │ 'Bond 9: name is valid: AEROPUERTOS ARG. 2027 U$S 6.87
  │ 5% (AERAO)'
  │ 'Bond 9: debtType is valid: https://api.staging.mercap
  │ .com.ar/debt-types/a6af5129-7f88-46ce-879b-bfb0a4ee8a7
  │ b'
  │ 'Bond 9: links object is present.'
  │ 'Bond 9: self link is valid: https://api.staging.merca
  │ p.com.ar/bonds/72b1e530-dd47-49e2-91f2-8f3602054bc3'
  └
  ✓  Each bond property has the correct format
  ┌
  │ "Link 'self' in bond 0 is valid:", 'https://api.stagin
  │ g.mercap.com.ar/bonds/9f8d6a98-199c-41e7-ad56-d70f08d7
  │ 8628'
  │ "Link 'self' in bond 1 is valid:", 'https://api.stagin
  │ g.mercap.com.ar/bonds/5b5084c6-16b3-49f8-9bed-ee122ebe
  │ ef11'
  │ "Link 'self' in bond 2 is valid:", 'https://api.stagin
  │ g.mercap.com.ar/bonds/aca1c2b2-0dda-4235-9f91-f61b2710
  │ a955'
  │ "Link 'self' in bond 3 is valid:", 'https://api.stagin
  │ g.mercap.com.ar/bonds/467a0102-75f2-4b59-aa66-5d182e6c
  │ 1d58'
  │ "Link 'self' in bond 4 is valid:", 'https://api.stagin
  │ g.mercap.com.ar/bonds/ca619c61-beaf-4160-9bcc-b9df0e0e
  │ 7938'
  │ "Link 'self' in bond 5 is valid:", 'https://api.stagin
  │ g.mercap.com.ar/bonds/935718fe-3140-424e-817d-3ba64bbc
  │ 60a6'
  │ "Link 'self' in bond 6 is valid:", 'https://api.stagin
  │ g.mercap.com.ar/bonds/c205e424-1203-475f-b83b-127bfcd7
  │ 7dc6'
  │ "Link 'self' in bond 7 is valid:", 'https://api.stagin
  │ g.mercap.com.ar/bonds/098d7637-6d3f-46b9-a08b-601da300
  │ a433'
  │ "Link 'self' in bond 8 is valid:", 'https://api.stagin
  │ g.mercap.com.ar/bonds/b8e763aa-8edc-4117-8f39-953f55c2
  │ 6f8e'
  │ "Link 'self' in bond 9 is valid:", 'https://api.stagin
  │ g.mercap.com.ar/bonds/72b1e530-dd47-49e2-91f2-8f360205
  │ 4bc3'
  └
  ✓  Links are valid URLs
  ┌
  │ "Global link 'next' is valid: https://api.staging.merc
  │ ap.com.ar/bonds?limit=10&start=11"
  │ "Global link 'self' is valid: https://api.staging.merc
  │ ap.com.ar/bonds"
  │ "Global link 'last' is valid: https://api.staging.merc
  │ ap.com.ar/bonds?limit=10&start=1091"
  └
  ✓  Global links are valid URLs
  ┌
  │ "No 'query' parameter provided in request."
  └
  ✓  Results match the query parameter
  ┌
  │ "No 'shortName' parameter provided in request."
  └
  ✓  Results match the shortName parameter
  ┌
  │ 'Results respect the limit parameter (max 10 items).'
  └
  ✓  Results respect the limit parameter
  ┌
  │ 'Validated that the first bond in response starts at i
  │ ndex 1.'
  └
  ✓  Start parameter skips the correct number of bonds
  ┌
  │ 'Response code is not 406, no validation necessary.'
  └
  ✓  Error 406 response structure
  ┌
  │ 'Limit is not 0, skipping error validation.'
  └
  ✓  Limit parameter is 0, response should be 400
  ✓  cashflowUnits: estructura válida por variante

↳ All bonds - for issuer
  ┌
  │ '▶ [undefined] Ejecutando con ticker: AL30'
  └
  GET https://api.staging.mercap.com.ar/tradable-securities?query=AL30&tradeDate=2026-09-16 [200 OK, 2.63kB, 65ms]
  ┌
  │ '🔎 SHORT_NAME: AL30'
  └
  GET https://api.staging.mercap.com.ar/instrument-issuers [200 OK, 135.59kB, 436ms]
  ┌
  │ 'https://api.staging.mercap.com.ar/instrument-issuers/
  │ 89874250-34f0-4358-a261-c13ce5bac46a'
  └
  GET https://api.staging.mercap.com.ar/bonds?issuer=https://api.staging.mercap.com.ar/instrument-issuers/89874250-34f0-4358-a261-c13ce5bac46a [200 OK, 3.31kB, 99ms]
  ┌
  │ 'Status code is 200.'
  └
  ✓  Status code is 200
  ┌
  │ 'Content-Type header is correct.'
  └
  ✓  Media-Type is correct
  ┌
  │ "'items' array is present and not empty."
  └
  ✓  Response contains 'items' array with elements
  ┌
  │ 'Bond 0 validated successfully.'
  │ 'Bond 1 validated successfully.'
  │ 'Bond 2 validated successfully.'
  │ 'Bond 3 validated successfully.'
  └
  ✓  Each bond has required properties
  ┌
  │ 'Bond 0: shortName is valid: US10YT'
  │ 'Bond 0: name is valid: U.S. 10 years 3,875% (US10YT)'
  │ 'Bond 0: debtType is valid: Título Público'
  │ 'Bond 0: links object is present.'
  │ 'Bond 0: coupons link is valid: https://api.staging.me
  │ rcap.com.ar/bonds/65214f51-5808-414b-a656-5eb993b318cf
  │ /coupons'
  │ 'Bond 0: identifiers link is valid: https://api.stagin
  │ g.mercap.com.ar/bonds/65214f51-5808-414b-a656-5eb993b3
  │ 18cf/identifiers'
  │ 'Bond 0: self link is valid: https://api.staging.merca
  │ p.com.ar/bonds/65214f51-5808-414b-a656-5eb993b318cf'
  │ 'Bond 0: issueConditions link is valid: https://api.st
  │ aging.mercap.com.ar/bonds/65214f51-5808-414b-a656-5eb9
  │ 93b318cf/issue-conditions'
  │ 'Bond 0: paymentSummary link is valid: https://api.sta
  │ ging.mercap.com.ar/bonds/65214f51-5808-414b-a656-5eb99
  │ 3b318cf/payment-summary'
  │ 'Bond 1: shortName is valid: US20YT'
  │ 'Bond 1: name is valid: U.S. 20 years 4,375% (US20YT)'
  │ 'Bond 1: debtType is valid: Título Público'
  │ 'Bond 1: links object is present.'
  │ 'Bond 1: coupons link is valid: https://api.staging.me
  │ rcap.com.ar/bonds/4c375038-3be1-462c-b6b0-a435cc6949a6
  │ /coupons'
  │ 'Bond 1: identifiers link is valid: https://api.stagin
  │ g.mercap.com.ar/bonds/4c375038-3be1-462c-b6b0-a435cc69
  │ 49a6/identifiers'
  │ 'Bond 1: self link is valid: https://api.staging.merca
  │ p.com.ar/bonds/4c375038-3be1-462c-b6b0-a435cc6949a6'
  │ 'Bond 1: issueConditions link is valid: https://api.st
  │ aging.mercap.com.ar/bonds/4c375038-3be1-462c-b6b0-a435
  │ cc6949a6/issue-conditions'
  │ 'Bond 1: paymentSummary link is valid: https://api.sta
  │ ging.mercap.com.ar/bonds/4c375038-3be1-462c-b6b0-a435c
  │ c6949a6/payment-summary'
  │ 'Bond 2: shortName is valid: US30YT'
  │ 'Bond 2: name is valid: U.S. 30 years 4,125% (US30YT)'
  │ 'Bond 2: debtType is valid: Título Público'
  │ 'Bond 2: links object is present.'
  │ 'Bond 2: coupons link is valid: https://api.staging.me
  │ rcap.com.ar/bonds/9249de31-2b61-433d-b1fb-5237d5ada837
  │ /coupons'
  │ 'Bond 2: identifiers link is valid: https://api.stagin
  │ g.mercap.com.ar/bonds/9249de31-2b61-433d-b1fb-5237d5ad
  │ a837/identifiers'
  │ 'Bond 2: self link is valid: https://api.staging.merca
  │ p.com.ar/bonds/9249de31-2b61-433d-b1fb-5237d5ada837'
  │ 'Bond 2: issueConditions link is valid: https://api.st
  │ aging.mercap.com.ar/bonds/9249de31-2b61-433d-b1fb-5237
  │ d5ada837/issue-conditions'
  │ 'Bond 2: paymentSummary link is valid: https://api.sta
  │ ging.mercap.com.ar/bonds/9249de31-2b61-433d-b1fb-5237d
  │ 5ada837/payment-summary'
  │ 'Bond 3: shortName is valid: US5YT'
  │ 'Bond 3: name is valid: U.S. 5 years 4,375% (US5YT)'
  │ 'Bond 3: debtType is valid: Título Público'
  │ 'Bond 3: links object is present.'
  │ 'Bond 3: coupons link is valid: https://api.staging.me
  │ rcap.com.ar/bonds/2169000a-980d-4935-a5ae-babf3d5a0420
  │ /coupons'
  │ 'Bond 3: identifiers link is valid: https://api.stagin
  │ g.mercap.com.ar/bonds/2169000a-980d-4935-a5ae-babf3d5a
  │ 0420/identifiers'
  │ 'Bond 3: self link is valid: https://api.staging.merca
  │ p.com.ar/bonds/2169000a-980d-4935-a5ae-babf3d5a0420'
  │ 'Bond 3: issueConditions link is valid: https://api.st
  │ aging.mercap.com.ar/bonds/2169000a-980d-4935-a5ae-babf
  │ 3d5a0420/issue-conditions'
  │ 'Bond 3: paymentSummary link is valid: https://api.sta
  │ ging.mercap.com.ar/bonds/2169000a-980d-4935-a5ae-babf3
  │ d5a0420/payment-summary'
  └
  ✓  Each bond property has the correct format
  ┌
  │ "Link 'coupons' in bond 0 is valid:", 'https://api.sta
  │ ging.mercap.com.ar/bonds/65214f51-5808-414b-a656-5eb99
  │ 3b318cf/coupons'
  │ "Link 'identifiers' in bond 0 is valid:", 'https://api
  │ .staging.mercap.com.ar/bonds/65214f51-5808-414b-a656-5
  │ eb993b318cf/identifiers'
  │ "Link 'self' in bond 0 is valid:", 'https://api.stagin
  │ g.mercap.com.ar/bonds/65214f51-5808-414b-a656-5eb993b3
  │ 18cf'
  │ "Link 'issueConditions' in bond 0 is valid:", 'https:/
  │ /api.staging.mercap.com.ar/bonds/65214f51-5808-414b-a6
  │ 56-5eb993b318cf/issue-conditions'
  │ "Link 'paymentSummary' in bond 0 is valid:", 'https://
  │ api.staging.mercap.com.ar/bonds/65214f51-5808-414b-a65
  │ 6-5eb993b318cf/payment-summary'
  │ "Link 'coupons' in bond 1 is valid:", 'https://api.sta
  │ ging.mercap.com.ar/bonds/4c375038-3be1-462c-b6b0-a435c
  │ c6949a6/coupons'
  │ "Link 'identifiers' in bond 1 is valid:", 'https://api
  │ .staging.mercap.com.ar/bonds/4c375038-3be1-462c-b6b0-a
  │ 435cc6949a6/identifiers'
  │ "Link 'self' in bond 1 is valid:", 'https://api.stagin
  │ g.mercap.com.ar/bonds/4c375038-3be1-462c-b6b0-a435cc69
  │ 49a6'
  │ "Link 'issueConditions' in bond 1 is valid:", 'https:/
  │ /api.staging.mercap.com.ar/bonds/4c375038-3be1-462c-b6
  │ b0-a435cc6949a6/issue-conditions'
  │ "Link 'paymentSummary' in bond 1 is valid:", 'https://
  │ api.staging.mercap.com.ar/bonds/4c375038-3be1-462c-b6b
  │ 0-a435cc6949a6/payment-summary'
  │ "Link 'coupons' in bond 2 is valid:", 'https://api.sta
  │ ging.mercap.com.ar/bonds/9249de31-2b61-433d-b1fb-5237d
  │ 5ada837/coupons'
  │ "Link 'identifiers' in bond 2 is valid:", 'https://api
  │ .staging.mercap.com.ar/bonds/9249de31-2b61-433d-b1fb-5
  │ 237d5ada837/identifiers'
  │ "Link 'self' in bond 2 is valid:", 'https://api.stagin
  │ g.mercap.com.ar/bonds/9249de31-2b61-433d-b1fb-5237d5ad
  │ a837'
  │ "Link 'issueConditions' in bond 2 is valid:", 'https:/
  │ /api.staging.mercap.com.ar/bonds/9249de31-2b61-433d-b1
  │ fb-5237d5ada837/issue-conditions'
  │ "Link 'paymentSummary' in bond 2 is valid:", 'https://
  │ api.staging.mercap.com.ar/bonds/9249de31-2b61-433d-b1f
  │ b-5237d5ada837/payment-summary'
  │ "Link 'coupons' in bond 3 is valid:", 'https://api.sta
  │ ging.mercap.com.ar/bonds/2169000a-980d-4935-a5ae-babf3
  │ d5a0420/coupons'
  │ "Link 'identifiers' in bond 3 is valid:", 'https://api
  │ .staging.mercap.com.ar/bonds/2169000a-980d-4935-a5ae-b
  │ abf3d5a0420/identifiers'
  │ "Link 'self' in bond 3 is valid:", 'https://api.stagin
  │ g.mercap.com.ar/bonds/2169000a-980d-4935-a5ae-babf3d5a
  │ 0420'
  │ "Link 'issueConditions' in bond 3 is valid:", 'https:/
  │ /api.staging.mercap.com.ar/bonds/2169000a-980d-4935-a5
  │ ae-babf3d5a0420/issue-conditions'
  │ "Link 'paymentSummary' in bond 3 is valid:", 'https://
  │ api.staging.mercap.com.ar/bonds/2169000a-980d-4935-a5a
  │ e-babf3d5a0420/payment-summary'
  └
  ✓  Links are valid URLs
  GET https://api.staging.mercap.com.ar/instrument-issuers/89874250-34f0-4358-a261-c13ce5bac46a [200 OK, 863B, 160ms]
  GET https://api.staging.mercap.com.ar/bonds/65214f51-5808-414b-a656-5eb993b318cf/issue-conditions   GET https://api.staging.mercap.com.ar/bonds/4c375038-3be1-462c-b6b0-a435cc6949a6/issue-conditions   GET https://api.staging.mercap.com.ar/bonds/9249de31-2b61-433d-b1fb-5237d5ada837/issue-conditions   GET https://api.staging.mercap.com.ar/bonds/2169000a-980d-4935-a5ae-babf3d5a0420/issue-conditions [200 OK, 1.34kB, 98ms]
[200 OK, 1.34kB, 118ms]
[200 OK, 1.34kB, 198ms]
[200 OK, 1.33kB, 210ms]
  ✓  validar que solo devuelva items asociados al issuer enviado por parametro

↳ All bonds - for issuer - bond+json
  ┌
  │ '▶ [undefined] Ejecutando con ticker: AL30'
  └
  GET https://api.staging.mercap.com.ar/tradable-securities?query=AL30&tradeDate=2026-09-16 [200 OK, 2.63kB, 82ms]
  ┌
  │ '🔎 SHORT_NAME: AL30'
  └
  GET https://api.staging.mercap.com.ar/instrument-issuers [200 OK, 135.58kB, 1076ms]
  ┌
  │ 'https://api.staging.mercap.com.ar/instrument-issuers/
  │ 89874250-34f0-4358-a261-c13ce5bac46a'
  └
  GET https://api.staging.mercap.com.ar/bonds?issuer=https://api.staging.mercap.com.ar/instrument-issuers/89874250-34f0-4358-a261-c13ce5bac46a [200 OK, 32.64kB, 730ms]
  ✓  Status code is 200
  ✓  Media-Type is correct
  ✓  Response contains 'items' array with elements
  ✓  Each bond has required properties
  ✓  Each bond property has the correct format
  ✓  Links are valid URLs
  ✓  validar que solo devuelva items asociados al issuer enviado por parametro
  ✓  cashflowUnits: estructura válida por variante

↳ All bonds - start & limit parameters
  ┌
  │ '▶ [undefined] Ejecutando con ticker: AL30'
  └
  GET https://api.staging.mercap.com.ar/tradable-securities?query=AL30&tradeDate=2026-09-16 [200 OK, 2.65kB, 79ms]
  ┌
  │ '🔎 SHORT_NAME: AL30'
  └
  GET https://api.staging.mercap.com.ar/bonds?limit=5&start=2 [200 OK, 4.29kB, 266ms]
  ┌
  │ 'Response received successfully.'
  └
  ✓  Response is received
  ┌
  │ 'Status code is 200.'
  └
  ✓  Status code is 200
  ┌
  │ 'Content-Type header is correct.'
  └
  ✓  Media-Type is correct
  ┌
  │ "'items' array is present and not empty."
  └
  ✓  Response contains 'items' array with elements
  ┌
  │ 'Bond 0 validated successfully.'
  │ 'Bond 1 validated successfully.'
  │ 'Bond 2 validated successfully.'
  │ 'Bond 3 validated successfully.'
  │ 'Bond 4 validated successfully.'
  └
  ✓  Each bond has required properties
  ┌
  │ 'Bond 0: shortName is valid: BVCPO'
  │ 'Bond 0: name is valid: \tBST 2026 U$S 8 % (BVCPO)'
  │ 'Bond 0: debtType is valid: Obligación Negociable'
  │ 'Bond 0: links object is present.'
  │ 'Bond 0: coupons link is valid: https://api.staging.me
  │ rcap.com.ar/bonds/5b5084c6-16b3-49f8-9bed-ee122ebeef11
  │ /coupons'
  │ 'Bond 0: identifiers link is valid: https://api.stagin
  │ g.mercap.com.ar/bonds/5b5084c6-16b3-49f8-9bed-ee122ebe
  │ ef11/identifiers'
  │ 'Bond 0: self link is valid: https://api.staging.merca
  │ p.com.ar/bonds/5b5084c6-16b3-49f8-9bed-ee122ebeef11'
  │ 'Bond 0: issueConditions link is valid: https://api.st
  │ aging.mercap.com.ar/bonds/5b5084c6-16b3-49f8-9bed-ee12
  │ 2ebeef11/issue-conditions'
  │ 'Bond 0: paymentSummary link is valid: https://api.sta
  │ ging.mercap.com.ar/bonds/5b5084c6-16b3-49f8-9bed-ee122
  │ ebeef11/payment-summary'
  │ 'Bond 1: shortName is valid: MR40O'
  │ 'Bond 1: name is valid: \tGEMSA 2031 u$s 11% (MR40O)'
  │ 'Bond 1: debtType is valid: Obligación Negociable'
  │ 'Bond 1: links object is present.'
  │ 'Bond 1: coupons link is valid: https://api.staging.me
  │ rcap.com.ar/bonds/aca1c2b2-0dda-4235-9f91-f61b2710a955
  │ /coupons'
  │ 'Bond 1: identifiers link is valid: https://api.stagin
  │ g.mercap.com.ar/bonds/aca1c2b2-0dda-4235-9f91-f61b2710
  │ a955/identifiers'
  │ 'Bond 1: self link is valid: https://api.staging.merca
  │ p.com.ar/bonds/aca1c2b2-0dda-4235-9f91-f61b2710a955'
  │ 'Bond 1: issueConditions link is valid: https://api.st
  │ aging.mercap.com.ar/bonds/aca1c2b2-0dda-4235-9f91-f61b
  │ 2710a955/issue-conditions'
  │ 'Bond 1: paymentSummary link is valid: https://api.sta
  │ ging.mercap.com.ar/bonds/aca1c2b2-0dda-4235-9f91-f61b2
  │ 710a955/payment-summary'
  │ 'Bond 2: shortName is valid: RES2P'
  │ 'Bond 2: name is valid: \tRECARD S.A 2028 $ Badlar+800
  │ bp (RES2P)'
  │ 'Bond 2: debtType is valid: Obligación Negociable'
  │ 'Bond 2: links object is present.'
  │ 'Bond 2: coupons link is valid: https://api.staging.me
  │ rcap.com.ar/bonds/467a0102-75f2-4b59-aa66-5d182e6c1d58
  │ /coupons'
  │ 'Bond 2: identifiers link is valid: https://api.stagin
  │ g.mercap.com.ar/bonds/467a0102-75f2-4b59-aa66-5d182e6c
  │ 1d58/identifiers'
  │ 'Bond 2: self link is valid: https://api.staging.merca
  │ p.com.ar/bonds/467a0102-75f2-4b59-aa66-5d182e6c1d58'
  │ 'Bond 2: issueConditions link is valid: https://api.st
  │ aging.mercap.com.ar/bonds/467a0102-75f2-4b59-aa66-5d18
  │ 2e6c1d58/issue-conditions'
  │ 'Bond 2: paymentSummary link is valid: https://api.sta
  │ ging.mercap.com.ar/bonds/467a0102-75f2-4b59-aa66-5d182
  │ e6c1d58/payment-summary'
  │ 'Bond 3: shortName is valid: TTCBO'
  │ 'Bond 3: name is valid: \tTecpetrol 2027 u$s 6.5% (TTC
  │ BO)'
  │ 'Bond 3: debtType is valid: Obligación Negociable'
  │ 'Bond 3: links object is present.'
  │ 'Bond 3: coupons link is valid: https://api.staging.me
  │ rcap.com.ar/bonds/ca619c61-beaf-4160-9bcc-b9df0e0e7938
  │ /coupons'
  │ 'Bond 3: identifiers link is valid: https://api.stagin
  │ g.mercap.com.ar/bonds/ca619c61-beaf-4160-9bcc-b9df0e0e
  │ 7938/identifiers'
  │ 'Bond 3: self link is valid: https://api.staging.merca
  │ p.com.ar/bonds/ca619c61-beaf-4160-9bcc-b9df0e0e7938'
  │ 'Bond 3: issueConditions link is valid: https://api.st
  │ aging.mercap.com.ar/bonds/ca619c61-beaf-4160-9bcc-b9df
  │ 0e0e7938/issue-conditions'
  │ 'Bond 3: paymentSummary link is valid: https://api.sta
  │ ging.mercap.com.ar/bonds/ca619c61-beaf-4160-9bcc-b9df0
  │ e0e7938/payment-summary'
  │ 'Bond 4: shortName is valid: GYC4O'
  │ 'Bond 4: name is valid: 360 ENERGY 2027 U$S 8% (GYC4O)
  │ '
  │ 'Bond 4: debtType is valid: Obligación Negociable'
  │ 'Bond 4: links object is present.'
  │ 'Bond 4: coupons link is valid: https://api.staging.me
  │ rcap.com.ar/bonds/935718fe-3140-424e-817d-3ba64bbc60a6
  │ /coupons'
  │ 'Bond 4: identifiers link is valid: https://api.stagin
  │ g.mercap.com.ar/bonds/935718fe-3140-424e-817d-3ba64bbc
  │ 60a6/identifiers'
  │ 'Bond 4: self link is valid: https://api.staging.merca
  │ p.com.ar/bonds/935718fe-3140-424e-817d-3ba64bbc60a6'
  │ 'Bond 4: issueConditions link is valid: https://api.st
  │ aging.mercap.com.ar/bonds/935718fe-3140-424e-817d-3ba6
  │ 4bbc60a6/issue-conditions'
  │ 'Bond 4: paymentSummary link is valid: https://api.sta
  │ ging.mercap.com.ar/bonds/935718fe-3140-424e-817d-3ba64
  │ bbc60a6/payment-summary'
  └
  ✓  Each bond property has the correct format
  ┌
  │ "Link 'coupons' in bond 0 is valid:", 'https://api.sta
  │ ging.mercap.com.ar/bonds/5b5084c6-16b3-49f8-9bed-ee122
  │ ebeef11/coupons'
  │ "Link 'identifiers' in bond 0 is valid:", 'https://api
  │ .staging.mercap.com.ar/bonds/5b5084c6-16b3-49f8-9bed-e
  │ e122ebeef11/identifiers'
  │ "Link 'self' in bond 0 is valid:", 'https://api.stagin
  │ g.mercap.com.ar/bonds/5b5084c6-16b3-49f8-9bed-ee122ebe
  │ ef11'
  │ "Link 'issueConditions' in bond 0 is valid:", 'https:/
  │ /api.staging.mercap.com.ar/bonds/5b5084c6-16b3-49f8-9b
  │ ed-ee122ebeef11/issue-conditions'
  │ "Link 'paymentSummary' in bond 0 is valid:", 'https://
  │ api.staging.mercap.com.ar/bonds/5b5084c6-16b3-49f8-9be
  │ d-ee122ebeef11/payment-summary'
  │ "Link 'coupons' in bond 1 is valid:", 'https://api.sta
  │ ging.mercap.com.ar/bonds/aca1c2b2-0dda-4235-9f91-f61b2
  │ 710a955/coupons'
  │ "Link 'identifiers' in bond 1 is valid:", 'https://api
  │ .staging.mercap.com.ar/bonds/aca1c2b2-0dda-4235-9f91-f
  │ 61b2710a955/identifiers'
  │ "Link 'self' in bond 1 is valid:", 'https://api.stagin
  │ g.mercap.com.ar/bonds/aca1c2b2-0dda-4235-9f91-f61b2710
  │ a955'
  │ "Link 'issueConditions' in bond 1 is valid:", 'https:/
  │ /api.staging.mercap.com.ar/bonds/aca1c2b2-0dda-4235-9f
  │ 91-f61b2710a955/issue-conditions'
  │ "Link 'paymentSummary' in bond 1 is valid:", 'https://
  │ api.staging.mercap.com.ar/bonds/aca1c2b2-0dda-4235-9f9
  │ 1-f61b2710a955/payment-summary'
  │ "Link 'coupons' in bond 2 is valid:", 'https://api.sta
  │ ging.mercap.com.ar/bonds/467a0102-75f2-4b59-aa66-5d182
  │ e6c1d58/coupons'
  │ "Link 'identifiers' in bond 2 is valid:", 'https://api
  │ .staging.mercap.com.ar/bonds/467a0102-75f2-4b59-aa66-5
  │ d182e6c1d58/identifiers'
  │ "Link 'self' in bond 2 is valid:", 'https://api.stagin
  │ g.mercap.com.ar/bonds/467a0102-75f2-4b59-aa66-5d182e6c
  │ 1d58'
  │ "Link 'issueConditions' in bond 2 is valid:", 'https:/
  │ /api.staging.mercap.com.ar/bonds/467a0102-75f2-4b59-aa
  │ 66-5d182e6c1d58/issue-conditions'
  │ "Link 'paymentSummary' in bond 2 is valid:", 'https://
  │ api.staging.mercap.com.ar/bonds/467a0102-75f2-4b59-aa6
  │ 6-5d182e6c1d58/payment-summary'
  │ "Link 'coupons' in bond 3 is valid:", 'https://api.sta
  │ ging.mercap.com.ar/bonds/ca619c61-beaf-4160-9bcc-b9df0
  │ e0e7938/coupons'
  │ "Link 'identifiers' in bond 3 is valid:", 'https://api
  │ .staging.mercap.com.ar/bonds/ca619c61-beaf-4160-9bcc-b
  │ 9df0e0e7938/identifiers'
  │ "Link 'self' in bond 3 is valid:", 'https://api.stagin
  │ g.mercap.com.ar/bonds/ca619c61-beaf-4160-9bcc-b9df0e0e
  │ 7938'
  │ "Link 'issueConditions' in bond 3 is valid:", 'https:/
  │ /api.staging.mercap.com.ar/bonds/ca619c61-beaf-4160-9b
  │ cc-b9df0e0e7938/issue-conditions'
  │ "Link 'paymentSummary' in bond 3 is valid:", 'https://
  │ api.staging.mercap.com.ar/bonds/ca619c61-beaf-4160-9bc
  │ c-b9df0e0e7938/payment-summary'
  │ "Link 'coupons' in bond 4 is valid:", 'https://api.sta
  │ ging.mercap.com.ar/bonds/935718fe-3140-424e-817d-3ba64
  │ bbc60a6/coupons'
  │ "Link 'identifiers' in bond 4 is valid:", 'https://api
  │ .staging.mercap.com.ar/bonds/935718fe-3140-424e-817d-3
  │ ba64bbc60a6/identifiers'
  │ "Link 'self' in bond 4 is valid:", 'https://api.stagin
  │ g.mercap.com.ar/bonds/935718fe-3140-424e-817d-3ba64bbc
  │ 60a6'
  │ "Link 'issueConditions' in bond 4 is valid:", 'https:/
  │ /api.staging.mercap.com.ar/bonds/935718fe-3140-424e-81
  │ 7d-3ba64bbc60a6/issue-conditions'
  │ "Link 'paymentSummary' in bond 4 is valid:", 'https://
  │ api.staging.mercap.com.ar/bonds/935718fe-3140-424e-817
  │ d-3ba64bbc60a6/payment-summary'
  └
  ✓  Links are valid URLs
  ┌
  │ "Global link 'first' is valid: https://api.staging.mer
  │ cap.com.ar/bonds?limit=5&start=1"
  │ "Global link 'next' is valid: https://api.staging.merc
  │ ap.com.ar/bonds?limit=5&start=7"
  │ "Global link 'self' is valid: https://api.staging.merc
  │ ap.com.ar/bonds?limit=5&start=2"
  │ "Global link 'last' is valid: https://api.staging.merc
  │ ap.com.ar/bonds?limit=5&start=1096"
  └
  ✓  Global links are valid URLs
  ┌
  │ "No 'query' parameter provided in request."
  └
  ✓  Results match the query parameter
  ┌
  │ "No 'shortName' parameter provided in request."
  └
  ✓  Results match the shortName parameter
  ┌
  │ 'Results respect the limit parameter (max 5 items).'
  └
  ✓  Results respect the limit parameter
  ┌
  │ 'Validated that the first bond in response starts at i
  │ ndex 2.'
  └
  ✓  Start parameter skips the correct number of bonds
  ┌
  │ 'Response code is not 406, no validation necessary.'
  └
  ✓  Error 406 response structure
  ┌
  │ 'Limit is not 0, skipping error validation.'
  └
  ✓  Limit parameter is 0, response should be 400

↳ All bonds - start & limit parameters - bond+json
  ┌
  │ '▶ [undefined] Ejecutando con ticker: AL30'
  └
  GET https://api.staging.mercap.com.ar/tradable-securities?query=AL30&tradeDate=2026-09-16 [200 OK, 2.63kB, 109ms]
  ┌
  │ '🔎 SHORT_NAME: AL30'
  └
  GET https://api.staging.mercap.com.ar/bonds?limit=5&start=2 [200 OK, 16.3kB, 740ms]
  ┌
  │ 'Response received successfully.'
  └
  ✓  Response is received
  ┌
  │ 'Status code is 200.'
  └
  ✓  Status code is 200
  ┌
  │ 'Content-Type header is correct.'
  └
  ✓  Media-Type is correct
  ┌
  │ "'items' array is present and not empty."
  └
  ✓  Response contains 'items' array with elements
  ┌
  │ 'Bond 0 validated successfully.'
  │ 'Bond 1 validated successfully.'
  │ 'Bond 2 validated successfully.'
  │ 'Bond 3 validated successfully.'
  │ 'Bond 4 validated successfully.'
  └
  ✓  Each bond has required properties
  ┌
  │ 'Bond 0: shortName is valid: BVCPO'
  │ 'Bond 0: name is valid: \tBST 2026 U$S 8 % (BVCPO)'
  │ 'Bond 0: coupons array is present with 4 items.'
  │ 'Bond 0: maturityDate is valid: 2026-10-21'
  │ 'Bond 0: issue object is present.'
  │ 'Bond 0: debtType is valid: https://api.staging.mercap
  │ .com.ar/debt-types/a6af5129-7f88-46ce-879b-bfb0a4ee8a7
  │ b'
  │ 'Bond 0: links object is present.'
  │ 'Bond 0: self link is valid: https://api.staging.merca
  │ p.com.ar/bonds/5b5084c6-16b3-49f8-9bed-ee122ebeef11'
  │ 'Bond 1: shortName is valid: MR40O'
  │ 'Bond 1: name is valid: \tGEMSA 2031 u$s 11% (MR40O)'
  │ 'Bond 1: coupons array is present with 14 items.'
  │ 'Bond 1: maturityDate is valid: 2031-10-31'
  │ 'Bond 1: issue object is present.'
  │ 'Bond 1: debtType is valid: https://api.staging.mercap
  │ .com.ar/debt-types/a6af5129-7f88-46ce-879b-bfb0a4ee8a7
  │ b'
  │ 'Bond 1: links object is present.'
  │ 'Bond 1: self link is valid: https://api.staging.merca
  │ p.com.ar/bonds/aca1c2b2-0dda-4235-9f91-f61b2710a955'
  │ 'Bond 2: shortName is valid: RES2P'
  │ 'Bond 2: name is valid: \tRECARD S.A 2028 $ Badlar+800
  │ bp (RES2P)'
  │ 'Bond 2: coupons array is present with 8 items.'
  │ 'Bond 2: maturityDate is valid: 2026-09-30'
  │ 'Bond 2: issue object is present.'
  │ 'Bond 2: debtType is valid: https://api.staging.mercap
  │ .com.ar/debt-types/a6af5129-7f88-46ce-879b-bfb0a4ee8a7
  │ b'
  │ 'Bond 2: links object is present.'
  │ 'Bond 2: self link is valid: https://api.staging.merca
  │ p.com.ar/bonds/467a0102-75f2-4b59-aa66-5d182e6c1d58'
  │ 'Bond 3: shortName is valid: TTCBO'
  │ 'Bond 3: name is valid: \tTecpetrol 2027 u$s 6.5% (TTC
  │ BO)'
  │ 'Bond 3: coupons array is present with 4 items.'
  │ 'Bond 3: maturityDate is valid: 2027-10-16'
  │ 'Bond 3: issue object is present.'
  │ 'Bond 3: debtType is valid: https://api.staging.mercap
  │ .com.ar/debt-types/a6af5129-7f88-46ce-879b-bfb0a4ee8a7
  │ b'
  │ 'Bond 3: links object is present.'
  │ 'Bond 3: self link is valid: https://api.staging.merca
  │ p.com.ar/bonds/ca619c61-beaf-4160-9bcc-b9df0e0e7938'
  │ 'Bond 4: shortName is valid: GYC4O'
  │ 'Bond 4: name is valid: 360 ENERGY 2027 U$S 8% (GYC4O)
  │ '
  │ 'Bond 4: coupons array is present with 11 items.'
  │ 'Bond 4: maturityDate is valid: 2027-10-30'
  │ 'Bond 4: issue object is present.'
  │ 'Bond 4: debtType is valid: https://api.staging.mercap
  │ .com.ar/debt-types/a6af5129-7f88-46ce-879b-bfb0a4ee8a7
  │ b'
  │ 'Bond 4: links object is present.'
  │ 'Bond 4: self link is valid: https://api.staging.merca
  │ p.com.ar/bonds/935718fe-3140-424e-817d-3ba64bbc60a6'
  └
  ✓  Each bond property has the correct format
  ┌
  │ "Link 'self' in bond 0 is valid:", 'https://api.stagin
  │ g.mercap.com.ar/bonds/5b5084c6-16b3-49f8-9bed-ee122ebe
  │ ef11'
  │ "Link 'self' in bond 1 is valid:", 'https://api.stagin
  │ g.mercap.com.ar/bonds/aca1c2b2-0dda-4235-9f91-f61b2710
  │ a955'
  │ "Link 'self' in bond 2 is valid:", 'https://api.stagin
  │ g.mercap.com.ar/bonds/467a0102-75f2-4b59-aa66-5d182e6c
  │ 1d58'
  │ "Link 'self' in bond 3 is valid:", 'https://api.stagin
  │ g.mercap.com.ar/bonds/ca619c61-beaf-4160-9bcc-b9df0e0e
  │ 7938'
  │ "Link 'self' in bond 4 is valid:", 'https://api.stagin
  │ g.mercap.com.ar/bonds/935718fe-3140-424e-817d-3ba64bbc
  │ 60a6'
  └
  ✓  Links are valid URLs
  ┌
  │ "Global link 'first' is valid: https://api.staging.mer
  │ cap.com.ar/bonds?limit=5&start=1"
  │ "Global link 'next' is valid: https://api.staging.merc
  │ ap.com.ar/bonds?limit=5&start=7"
  │ "Global link 'self' is valid: https://api.staging.merc
  │ ap.com.ar/bonds?limit=5&start=2"
  │ "Global link 'last' is valid: https://api.staging.merc
  │ ap.com.ar/bonds?limit=5&start=1096"
  └
  ✓  Global links are valid URLs
  ┌
  │ "No 'query' parameter provided in request."
  └
  ✓  Results match the query parameter
  ┌
  │ "No 'shortName' parameter provided in request."
  └
  ✓  Results match the shortName parameter
  ┌
  │ 'Results respect the limit parameter (max 5 items).'
  └
  ✓  Results respect the limit parameter
  ┌
  │ 'Validated that the response self link starts at index
  │  2.'
  └
  ✓  Start parameter skips the correct number of bonds
  ┌
  │ 'Response code is not 406, no validation necessary.'
  └
  ✓  Error 406 response structure
  ┌
  │ 'Limit is not 0, skipping error validation.'
  └
  ✓  Limit parameter is 0, response should be 400
  ✓  cashflowUnits: estructura válida por variante

↳ Only shortName parameter
  ┌
  │ '▶ [undefined] Ejecutando con ticker: AL30'
  └
  GET https://api.staging.mercap.com.ar/tradable-securities?query=AL30&tradeDate=2026-09-16 [200 OK, 2.64kB, 107ms]
  ┌
  │ '🔎 SHORT_NAME: AL30'
  └
  GET https://api.staging.mercap.com.ar/bonds?shortName=AL30 [200 OK, 1.41kB, 152ms]
  ┌
  │ 'Response received successfully.'
  └
  ✓  Response is received
  ┌
  │ 'Status code is 200.'
  └
  ✓  Status code is 200
  ┌
  │ 'Content-Type header is correct.'
  └
  ✓  Media-Type is correct
  ┌
  │ "'items' array is present and not empty."
  └
  ✓  Response contains 'items' array with elements
  ┌
  │ 'Bond 0 validated successfully.'
  └
  ✓  Each bond has required properties
  ✓  Each bond property has the correct format
  ✓  Links are valid URLs
  ✓  Global links are valid URLs
  ✓  Results match the query parameter
  ✓  Results respect the limit parameter
  ✓  Start parameter skips the correct number of bonds
  ✓  Error 406 response structure
  ✓  Limit parameter is 0, response should be 400
  ┌
  │ '✔ Variables seteadas:'
  │ 'COUPONS:', 'https://api.staging.mercap.com.ar/bonds/e
  │ cfe885d-8163-4222-acb1-f7020cf05a4a/coupons'
  │ 'IDENTIFIERS:', 'https://api.staging.mercap.com.ar/bon
  │ ds/ecfe885d-8163-4222-acb1-f7020cf05a4a/identifiers'
  │ 'SELF:', 'https://api.staging.mercap.com.ar/bonds/ecfe
  │ 885d-8163-4222-acb1-f7020cf05a4a'
  │ 'ISSUE_CONDITIONS:', 'https://api.staging.mercap.com.a
  │ r/bonds/ecfe885d-8163-4222-acb1-f7020cf05a4a/issue-con
  │ ditions'
  │ 'PAYMENT_SUMMARY:', 'https://api.staging.mercap.com.ar
  │ /bonds/ecfe885d-8163-4222-acb1-f7020cf05a4a/payment-su
  │ mmary'
  └

↳ Only shortName parameter - bond+json
  ┌
  │ '▶ [undefined] Ejecutando con ticker: AL30'
  └
  GET https://api.staging.mercap.com.ar/tradable-securities?query=AL30&tradeDate=2026-09-16 [200 OK, 2.63kB, 68ms]
  ┌
  │ '🔎 SHORT_NAME: AL30'
  └
  GET https://api.staging.mercap.com.ar/bonds?shortName=AL30 [200 OK, 5.84kB, 689ms]
  ┌
  │ 'Response received successfully.'
  └
  ✓  Response is received
  ┌
  │ 'Status code is 200.'
  └
  ✓  Status code is 200
  ┌
  │ 'Content-Type header is correct.'
  └
  ✓  Media-Type is correct
  ┌
  │ "'items' array is present and not empty."
  └
  ✓  Response contains 'items' array with elements
  ┌
  │ 'Bond 0 validated successfully.'
  └
  ✓  Each bond has required properties
  ┌
  │ 'Bond 0 format validated.'
  └
  ✓  Each bond property has the correct format
  ✓  Links are valid URLs
  ✓  Global links are valid URLs
  ✓  Results match the query parameter
  ✓  Results match the shortName parameter
  ✓  Results respect the limit parameter
  ✓  Start parameter skips the correct number of bonds
  ✓  Error 406 response structure
  ✓  Limit parameter is 0, response should be 400
  ┌
  │ '✔ Variables seteadas:'
  │ 'BOND_SELF:', 'https://api.staging.mercap.com.ar/bonds
  │ /ecfe885d-8163-4222-acb1-f7020cf05a4a'
  │ 'DEBT_TYPE:', 'https://api.staging.mercap.com.ar/debt-
  │ types/e3da5be4-2107-4ca2-97d9-77b5cf8e8725'
  └
  ✓  cashflowUnits: estructura válida por variante

↳ Bond by UUID
  ┌
  │ '▶ [undefined] Ejecutando con ticker: AL30'
  └
  GET https://api.staging.mercap.com.ar/tradable-securities?query=AL30&tradeDate=2026-09-16 [200 OK, 2.64kB, 75ms]
  ┌
  │ '🔎 SHORT_NAME: AL30'
  └
  GET https://api.staging.mercap.com.ar/bonds/ecfe885d-8163-4222-acb1-f7020cf05a4a [200 OK, 1.36kB, 191ms]
  ┌
  │ 'Response received successfully.'
  └
  ✓  Response is received
  ┌
  │ 'Status code is 200.'
  └
  ✓  Status code is 200
  ┌
  │ 'Content-Type header is correct.'
  └
  ✓  Media-Type is correct
  ┌
  │ 'All required properties are present.'
  └
  ✓  Response has required properties
  ┌
  │ 'All properties have correct data types.'
  └
  ✓  Response properties have correct data types
  ┌
  │ 'All required link properties are present.'
  └
  ✓  Links object has required properties
  ┌
  │ 'All links are valid URLs.'
  └
  ✓  Links are valid URLs
  ┌
  │ 'shortName is the expected:', 'AL30'
  └
  ✓  ShortName and name are as expected

↳ Bond by UUID - bond+json
  ┌
  │ '▶ [undefined] Ejecutando con ticker: AL30'
  └
  GET https://api.staging.mercap.com.ar/tradable-securities?query=AL30&tradeDate=2026-09-16 [200 OK, 2.64kB, 64ms]
  ┌
  │ '🔎 SHORT_NAME: AL30'
  └
  GET https://api.staging.mercap.com.ar/bonds/ecfe885d-8163-4222-acb1-f7020cf05a4a [200 OK, 5.8kB, 620ms]
  ┌
  │ 'Response received successfully.'
  └
  ✓  Response is received
  ┌
  │ 'Status code is 200.'
  └
  ✓  Status code is 200
  ┌
  │ 'Content-Type header is correct.'
  └
  ✓  Media-Type is correct
  ┌
  │ 'All required properties are present.'
  └
  ✓  Response has required properties
  ┌
  │ 'All properties have correct data types.'
  └
  ✓  Response properties have correct data types
  ┌
  │ 'Required link property (self) is present.'
  └
  ✓  Links object has required properties
  ┌
  │ 'All links are valid URLs.'
  └
  ✓  Links are valid URLs
  ┌
  │ 'debtType is a valid URL:', 'https://api.staging.merca
  │ p.com.ar/debt-types/e3da5be4-2107-4ca2-97d9-77b5cf8e87
  │ 25'
  └
  ✓  debtType is a valid URL
  ┌
  │ 'shortName is the expected:', 'AL30'
  └
  ✓  ShortName is as expected
  ✓  cashflowUnits: estructura válida

↳ Bond payment summary by UUID
  ┌
  │ '▶ [undefined] Ejecutando con ticker: AL30'
  └
  GET https://api.staging.mercap.com.ar/tradable-securities?query=AL30&tradeDate=2026-09-16 [200 OK, 2.64kB, 114ms]
  ┌
  │ '🔎 SHORT_NAME: AL30'
  └
  GET https://api.staging.mercap.com.ar/bonds/ecfe885d-8163-4222-acb1-f7020cf05a4a/payment-summary [200 OK, 1.15kB, 147ms]
  ┌
  │ 'Response received successfully.'
  └
  ✓  Response is received
  ┌
  │ 'Status code is 200.'
  └
  ✓  Status code is 200
  ┌
  │ 'Content-Type header is correct.'
  └
  ✓  Media-Type is correct
  ✓  All main properties have the correct type
  ✓  Amortization has correct properties and should be bullet
  ✓  Links URLs are valid
  ✓  Interest has correct properties
  ✓  Accruement has correct properties

↳ Bond payment summary by UUID - json v1
  ┌
  │ '▶ [undefined] Ejecutando con ticker: AL30'
  └
  GET https://api.staging.mercap.com.ar/tradable-securities?query=AL30&tradeDate=2026-09-16 [200 OK, 2.64kB, 65ms]
  ┌
  │ '🔎 SHORT_NAME: AL30'
  └
  GET https://api.staging.mercap.com.ar/bonds/ecfe885d-8163-4222-acb1-f7020cf05a4a/payment-summary [200 OK, 1.16kB, 103ms]
  ┌
  │ 'Response received successfully.'
  └
  ✓  Response is received
  ┌
  │ 'Status code is 200.'
  └
  ✓  Status code is 200
  ┌
  │ 'Content-Type header is correct.'
  └
  ✓  Media-Type is correct
  ✓  All main properties have the correct type
  ✓  DueDateStrategy has correct properties
  ✓  Amortization has correct properties and should be bullet
  ✓  Links URLs are valid
  ✓  Interest has correct properties
  ✓  Accruement has correct properties

↳ Bond coupons by UUID
  ┌
  │ '▶ [undefined] Ejecutando con ticker: AL30'
  └
  GET https://api.staging.mercap.com.ar/tradable-securities?query=AL30&tradeDate=2026-09-16 [200 OK, 2.64kB, 113ms]
  ┌
  │ '🔎 SHORT_NAME: AL30'
  └
  GET https://api.staging.mercap.com.ar/bonds/ecfe885d-8163-4222-acb1-f7020cf05a4a/coupons [200 OK, 7.12kB, 165ms]
  ┌
  │ 'Response received successfully.'
  └
  ✓  Response is received
  ┌
  │ 'Status code is 200.'
  └
  ✓  Status code is 200
  ┌
  │ 'Content-Type header is correct.'
  └
  ✓  Media-Type is correct
  ┌
  │ "'items' array is present."
  └
  ✓  Response has 'items' array
  ┌
  │ 'All items have required properties.'
  └
  ✓  Each item has required properties
  ┌
  │ "All 'interestRate' objects have required properties."
  └
  ✓  Verify that 'interestRate' has required properties
  ┌
  │ "All 'links' objects have required properties."
  └
  ✓  All 'links' objects have required properties
  ┌
  │ 'All dates have correct format.'
  └
  ✓  Dates have correct format
  ┌
  │ 'All links are valid URLs.'
  └
  ✓  Links are valid URLs
  ┌
  │ "The 'self' link is correct."
  └
  ✓  Verify that 'self' has the correct link
  ┌
  │ 'Coupon numbers are consecutive.'
  └
  ✓  Coupon numbers are consecutive
  ┌
  │ "All 'type' values in 'interestRate' are 'fixed'."
  └
  ✓  Verify that 'type' in 'interestRate' is 'fixed' for each item

↳ Bond issue conditions by UUID
  ┌
  │ '▶ [undefined] Ejecutando con ticker: AL30'
  └
  GET https://api.staging.mercap.com.ar/tradable-securities?query=AL30&tradeDate=2026-09-16 [200 OK, 2.64kB, 75ms]
  ┌
  │ '🔎 SHORT_NAME: AL30'
  └
  GET https://api.staging.mercap.com.ar/bonds/ecfe885d-8163-4222-acb1-f7020cf05a4a/issue-conditions [200 OK, 1.37kB, 184ms]
  ┌
  │ 'Response received successfully.'
  └
  ✓  Response is received
  ┌
  │ 'Status code is 200.'
  └
  ✓  Status code is 200
  ┌
  │ 'Content-Type header is correct.'
  └
  ✓  Media-Type is correct
  ✓  All main properties have the correct type
  ✓  Dates have correct format
  ✓  SmallestDenomination has base and increment
  ✓  FaceValue is greater than zero
  ✓  Term has correct format
  ✓  IssueUnit and PaymentCurrency are valid URLs
  ✓  IssueCountry and Issuer are not empty

↳ Bond issue conditions by UUID - json v1
  ┌
  │ '▶ [undefined] Ejecutando con ticker: AL30'
  └
  GET https://api.staging.mercap.com.ar/tradable-securities?query=AL30&tradeDate=2026-09-16 [200 OK, 2.64kB, 68ms]
  ┌
  │ '🔎 SHORT_NAME: AL30'
  └
  GET https://api.staging.mercap.com.ar/bonds/ecfe885d-8163-4222-acb1-f7020cf05a4a/issue-conditions [200 OK, 1.37kB, 99ms]
  ┌
  │ 'Response received successfully.'
  └
  ✓  Response is received
  ┌
  │ 'Status code is 200.'
  └
  ✓  Status code is 200
  ┌
  │ 'Content-Type header is correct.'
  └
  ✓  Media-Type is correct
  ✓  All main properties have the correct type
  ✓  Dates have correct format
  ✓  SmallestDenomination has base and increment
  ✓  FaceValue is greater than zero
  ✓  Term has correct format
  ✓  IssueCurrency and PaymentCurrency are valid URLs
  ✓  IssueCountry and Issuer are not empty

↳ Bond identifiers by UUID
  ┌
  │ '▶ [undefined] Ejecutando con ticker: AL30'
  └
  GET https://api.staging.mercap.com.ar/tradable-securities?query=AL30&tradeDate=2026-09-16 [200 OK, 2.64kB, 177ms]
  ┌
  │ '🔎 SHORT_NAME: AL30'
  └
  GET https://api.staging.mercap.com.ar/bonds/ecfe885d-8163-4222-acb1-f7020cf05a4a/identifiers [200 OK, 738B, 82ms]
  ✓  Status code is 200
  ✓  Response is an array
  ┌
  │ 'Content-Type header is correct.'
  └
  ✓  Media-Type is correct
  ✓  Each item has type and value
  ✓  Type is a non-empty string
  ✓  Value is a non-empty string
  ✓  Identifiers contain expected types
  ✓  ISIN value format is correct

❏ Pepper-GS32 / Regression-Test / Bond IRRS
↳ Get irrs - one bond
  GET https://historical-data.mercapabbaco.com/irrs?short-names=AL30 [200 OK, 67.71kB, 180ms]
  ✓  Response is received
  ✓  Status code is 200
  ✓  Media-Type is correct
  ✓  Response body is not empty
  ✓  Response is valid JSON

❏ Pepper-GS32 / Regression-Test / Bond Payment Forecasts
↳ Get one bond cashflow - only dateInterval from
  ┌
  │ '▶ [undefined] Ejecutando con ticker: AL30'
  └
  GET https://api.staging.mercap.com.ar/tradable-securities?query=AL30&tradeDate=2026-09-16 [200 OK, 2.63kB, 106ms]
  ┌
  │ '📌 BOND_INSTRUMENT_URL: https://api.staging.mercap.co
  │ m.ar/bonds/ecfe885d-8163-4222-acb1-f7020cf05a4a'
  └
  POST https://api.staging.mercap.com.ar/bond-payment-forecast [200 OK, 5.38kB, 1162ms]
  ┌
  │ 'Response received successfully.'
  └
  ✓  Response is received
  ┌
  │ 'Status code is 200.'
  └
  ✓  Status code is 200
  ┌
  │ 'Content-Type header is correct.'
  └
  ✓  Media-Type is correct
  ┌
  │ 'Result is a non-empty array.'
  └
  ✓  Result is a non-empty array
  ┌
  │ 'Each cashflow has the expected properties.'
  └
  ✓  Each cashflow has correct properties
  ┌
  │ 'Coupon values are incremental by 1.'
  └
  ✓  Verify that coupon value is incremental by 1
  ┌
  │ 'Due dates are in ascending order for each cashflow.'
  └
  ✓  Due dates are in ascending order
  ┌
  │ 'The bond link is correct:', 'https://api.staging.merc
  │ ap.com.ar/bonds/ecfe885d-8163-4222-acb1-f7020cf05a4a'
  └
  ✓  Bond link is correct

↳ Get one bond cashflow - dateInterval from and to
  ┌
  │ '▶ [undefined] Ejecutando con ticker: AL30'
  └
  GET https://api.staging.mercap.com.ar/tradable-securities?query=AL30&tradeDate=2026-09-16 [200 OK, 2.63kB, 109ms]
  ┌
  │ '📌 BOND_INSTRUMENT_URL: https://api.staging.mercap.co
  │ m.ar/bonds/ecfe885d-8163-4222-acb1-f7020cf05a4a'
  └
  POST https://api.staging.mercap.com.ar/bond-payment-forecast [200 OK, 3.59kB, 751ms]
  ┌
  │ 'Response received successfully.'
  └
  ✓  Response is received
  ┌
  │ 'Status code is 200.'
  └
  ✓  Status code is 200
  ┌
  │ 'Content-Type header is correct.'
  └
  ✓  Media-Type is correct
  ┌
  │ 'Result is a non-empty array.'
  └
  ✓  Result is a non-empty array
  ┌
  │ 'Each cashflow has the expected properties.'
  └
  ✓  Each cashflow has correct properties
  ┌
  │ 'Coupon values are incremental by 1.'
  └
  ✓  Verify that coupon value is incremental by 1
  ┌
  │ 'Due dates are in ascending order for each cashflow.'
  └
  ✓  Due dates are in ascending order
  ┌
  │ 'The bond link is correct:', 'https://api.staging.merc
  │ ap.com.ar/bonds/ecfe885d-8163-4222-acb1-f7020cf05a4a'
  └
  ✓  Bond link is correct

↳ Get payment forecasts
  ┌
  │ '▶ [undefined] Ejecutando con ticker: AL30'
  └
  GET https://api.staging.mercap.com.ar/tradable-securities?query=AL30&tradeDate=2026-09-16 [200 OK, 2.64kB, 76ms]
  ┌
  │ '📌 BOND_INSTRUMENT_URL: https://api.staging.mercap.co
  │ m.ar/bonds/ecfe885d-8163-4222-acb1-f7020cf05a4a'
  └
  POST https://api.staging.mercap.com.ar/bond-payment-forecast [200 OK, 1.22kB, 315ms]
  ┌
  │ 'Response received successfully.'
  └
  ✓  Response is received
  ┌
  │ 'Status code is 200.'
  └
  ✓  Status code is 200
  ┌
  │ 'Content-Type header is correct.'
  └
  ✓  Media-Type is correct
  ┌
  │ 'Result is a non-empty array.'
  └
  ✓  Result is a non-empty array
  ┌
  │ 'Each flow has the expected properties.'
  └
  ✓  Each flow has correct properties
  ┌
  │ 'Bond link is correct.'
  └
  ✓  Bond link is correct
  ┌
  │ 'Response has id and jsonrpc.'
  └
  ✓  Response has id and jsonrpc
  ┌
  │ "'concept' is 'Renta' when 'flowMessage' is 'interestT
  │ oPay'."
  └
  ✓  Validate that 'concept' is 'Renta' when 'flowMessage' is 'interestToPay'
  ┌
  │ "'concept' is 'Amortización' when 'flowMessage' is 'am
  │ ortizationToPay'."
  └
  ✓  Validate that 'concept' is 'Amortización' when 'flowMessage' is 'amortizationToPay'

↳ Post /bond-payment-forecast - bond-cashflow - only dateInterval from - Bond Fixed rate, no adjustment, European-30-360
  ┌
  │ '▶ [undefined] Ejecutando con ticker: AL30'
  └
  GET https://api.staging.mercap.com.ar/tradable-securities?query=AL30&tradeDate=2026-09-16 [200 OK, 2.63kB, 67ms]
  ┌
  │ '📌 BOND_INSTRUMENT_URL: https://api.staging.mercap.co
  │ m.ar/bonds/ecfe885d-8163-4222-acb1-f7020cf05a4a'
  └
  GET https://api.staging.mercap.com.ar/tradable-securities?query=US105756CN87&tradeDate=2026-09-16 [200 OK, 2.08kB, 85ms]
  ┌
  │ '📌 BOND_SECURITY_SELF: https://api.staging.mercap.com
  │ .ar/bonds/54fcd3a7-01b2-4136-81f8-b5924d9b14c4'
  └
  POST https://api.staging.mercap.com.ar/bond-payment-forecast [200 OK, 33.46kB, 7.1s]
  ┌
  │ 'Response received successfully.'
  └
  ✓  Response is received
  ┌
  │ 'Status code is 200.'
  └
  ✓  Status code is 200
  ┌
  │ 'Content-Type header is correct.'
  └
  ✓  Media-Type is correct
  ┌
  │ 'Result is a non-empty array.'
  └
  ✓  Result is a non-empty array
  ┌
  │ 'Each cashflow has the expected properties.'
  └
  ✓  Each cashflow has correct properties
  ┌
  │ 'Coupon values are incremental by 1.'
  └
  ✓  Verify that coupon value is incremental by 1
  ┌
  │ 'Due dates are in ascending order for each cashflow.'
  └
  ✓  Due dates are in ascending order
  ┌
  │ 'The bond link is correct:', 'https://api.staging.merc
  │ ap.com.ar/bonds/54fcd3a7-01b2-4136-81f8-b5924d9b14c4'
  └
  ✓  Bond link is correct

↳ Post /bond-payment-forecast - bond-cashflow - dateInterval from and to - Bond Fixed rate, no adjustment, European-30-360
  ┌
  │ '▶ [undefined] Ejecutando con ticker: AL30'
  └
  GET https://api.staging.mercap.com.ar/tradable-securities?query=AL30&tradeDate=2026-09-16 [200 OK, 2.64kB, 158ms]
  ┌
  │ '📌 BOND_INSTRUMENT_URL: https://api.staging.mercap.co
  │ m.ar/bonds/ecfe885d-8163-4222-acb1-f7020cf05a4a'
  └
  GET https://api.staging.mercap.com.ar/tradable-securities?query=US105756CN87&tradeDate=2026-09-16 [200 OK, 2.08kB, 72ms]
  ┌
  │ '📌 BOND_SECURITY_SELF: https://api.staging.mercap.com
  │ .ar/bonds/54fcd3a7-01b2-4136-81f8-b5924d9b14c4'
  └
  POST https://api.staging.mercap.com.ar/bond-payment-forecast [200 OK, 1.85kB, 548ms]
  ┌
  │ 'Response received successfully.'
  └
  ✓  Response is received
  ┌
  │ 'Status code is 200.'
  └
  ✓  Status code is 200
  ┌
  │ 'Content-Type header is correct.'
  └
  ✓  Media-Type is correct
  ┌
  │ 'Result is a non-empty array.'
  └
  ✓  Result is a non-empty array
  ┌
  │ 'Each cashflow has the expected properties.'
  └
  ✓  Each cashflow has correct properties
  ┌
  │ 'Coupon values are incremental by 1.'
  └
  ✓  Verify that coupon value is incremental by 1
  ┌
  │ 'Due dates are in ascending order for each cashflow.'
  └
  ✓  Due dates are in ascending order
  ┌
  │ 'The bond link is correct:', 'https://api.staging.merc
  │ ap.com.ar/bonds/54fcd3a7-01b2-4136-81f8-b5924d9b14c4'
  └
  ✓  Bond link is correct

↳ Post  /bond-payment-forecast - bond-payment-forecasts - Bond Fixed rate, no adjustment, European-30-360
  ┌
  │ '▶ [undefined] Ejecutando con ticker: AL30'
  └
  GET https://api.staging.mercap.com.ar/tradable-securities?query=AL30&tradeDate=2026-09-16 [200 OK, 2.64kB, 74ms]
  ┌
  │ '📌 BOND_INSTRUMENT_URL: https://api.staging.mercap.co
  │ m.ar/bonds/ecfe885d-8163-4222-acb1-f7020cf05a4a'
  └
  GET https://api.staging.mercap.com.ar/tradable-securities?query=US105756CN87&tradeDate=2026-09-16 [200 OK, 2.07kB, 99ms]
  ┌
  │ '📌 BOND_SECURITY_SELF: https://api.staging.mercap.com
  │ .ar/bonds/54fcd3a7-01b2-4136-81f8-b5924d9b14c4'
  └
  POST https://api.staging.mercap.com.ar/bond-payment-forecast [200 OK, 1.19kB, 438ms]
  ┌
  │ 'Response received successfully.'
  └
  ✓  Response is received
  ┌
  │ 'Status code is 200.'
  └
  ✓  Status code is 200
  ┌
  │ 'Content-Type header is correct.'
  └
  ✓  Media-Type is correct
  ┌
  │ 'Result is a non-empty array.'
  └
  ✓  Result is a non-empty array
  ┌
  │ 'Each flow has the expected properties.'
  └
  ✓  Each flow has correct properties
  ┌
  │ 'Bond link is correct.'
  └
  ✓  Bond link is correct
  ┌
  │ 'Response has id and jsonrpc.'
  └
  ✓  Response has id and jsonrpc
  ┌
  │ "'concept' is 'Renta' when 'flowMessage' is 'interestT
  │ oPay'."
  └
  ✓  Validate that 'concept' is 'Renta' when 'flowMessage' is 'interestToPay'
  ┌
  │ "'concept' is 'Amortización' when 'flowMessage' is 'am
  │ ortizationToPay'."
  └
  ✓  Validate that 'concept' is 'Amortización' when 'flowMessage' is 'amortizationToPay'

❏ Pepper-GS32 / Regression-Test / Bond laws
↳ Get all bond laws - validate each self link
  GET https://api.staging.mercap.com.ar/bond-laws [200 OK, 1.86kB, 155ms]
  ✓  Response is received
  ✓  Status code is 200
  ✓  Response contains 'items' array with at least one element
  ✓  Response contains 'links.self'
  ✓  No duplicate bond law names
  ┌
  │ '🔎 Testing Item 1 (Ley Argentina)'
  └
  ✓  Item 1 (Ley Argentina) contains expected properties
  ✓  Item 1 (Ley Argentina) 'name' is a non-empty string
  ✓  Item 1 (Ley Argentina) self link is a valid URL
  GET https://api.staging.mercap.com.ar/bond-laws/18bb25d4-8ab8-4837-b574-1754811dd222 [200 OK, 843B, 183ms]
  ✓  Item 1 (Ley Argentina) self link returns status 200
  ┌
  │ '🔎 Testing Item 2 (Ley N.Y.)'
  └
  ✓  Item 2 (Ley N.Y.) contains expected properties
  ✓  Item 2 (Ley N.Y.) 'name' is a non-empty string
  ✓  Item 2 (Ley N.Y.) self link is a valid URL
  GET https://api.staging.mercap.com.ar/bond-laws/828bc536-1bff-4d3d-bff2-8c98ec12c57b [200 OK, 842B, 97ms]
  ✓  Item 2 (Ley N.Y.) self link returns status 200
  ┌
  │ '🔎 Testing Item 3 (Ley Inglesa)'
  └
  ✓  Item 3 (Ley Inglesa) contains expected properties
  ✓  Item 3 (Ley Inglesa) 'name' is a non-empty string
  ✓  Item 3 (Ley Inglesa) self link is a valid URL
  GET https://api.staging.mercap.com.ar/bond-laws/f7f0b5a4-b1a8-4095-a1c6-dcccd2a42410 [200 OK, 847B, 98ms]
  ✓  Item 3 (Ley Inglesa) self link returns status 200
  ┌
  │ '🔎 Testing Item 4 (Ley Chilena)'
  └
  ✓  Item 4 (Ley Chilena) contains expected properties
  ✓  Item 4 (Ley Chilena) 'name' is a non-empty string
  ✓  Item 4 (Ley Chilena) self link is a valid URL
  GET https://api.staging.mercap.com.ar/bond-laws/b7a5d364-9a04-42a3-9605-921eb5b704a8 [200 OK, 841B, 198ms]
  ✓  Item 4 (Ley Chilena) self link returns status 200
  ┌
  │ '🔎 Testing Item 5 (Ley Paraguaya)'
  └
  ✓  Item 5 (Ley Paraguaya) contains expected properties
  ✓  Item 5 (Ley Paraguaya) 'name' is a non-empty string
  ✓  Item 5 (Ley Paraguaya) self link is a valid URL
  GET https://api.staging.mercap.com.ar/bond-laws/8c970aa1-9fa0-46a1-b355-4a8a79adbee6 [200 OK, 847B, 197ms]
  ✓  Item 5 (Ley Paraguaya) self link returns status 200
  ┌
  │ '🔎 Testing Item 6 (Ley Europea)'
  └
  ✓  Item 6 (Ley Europea) contains expected properties
  ✓  Item 6 (Ley Europea) 'name' is a non-empty string
  ✓  Item 6 (Ley Europea) self link is a valid URL
  GET https://api.staging.mercap.com.ar/bond-laws/2a2af6f8-8264-41c9-86e9-a9eb810c4deb [200 OK, 845B, 96ms]
  ✓  Item 6 (Ley Europea) self link returns status 200
  ┌
  │ '🔎 Testing Item 7 (Ley Brasilera)'
  └
  ✓  Item 7 (Ley Brasilera) contains expected properties
  ✓  Item 7 (Ley Brasilera) 'name' is a non-empty string
  ✓  Item 7 (Ley Brasilera) self link is a valid URL
  GET https://api.staging.mercap.com.ar/bond-laws/5ef6489e-1b5c-4864-8fd2-c57c11038319 [200 OK, 839B, 97ms]
  ✓  Item 7 (Ley Brasilera) self link returns status 200
  ┌
  │ '🔎 Testing Item 8 (Ley Mexicana)'
  └
  ✓  Item 8 (Ley Mexicana) contains expected properties
  ✓  Item 8 (Ley Mexicana) 'name' is a non-empty string
  ✓  Item 8 (Ley Mexicana) self link is a valid URL
  GET https://api.staging.mercap.com.ar/bond-laws/faaf8f43-b147-4c68-aaf9-ffbaf7d27695 [200 OK, 846B, 198ms]
  ✓  Item 8 (Ley Mexicana) self link returns status 200
  ┌
  │ '🔎 Testing Item 9 (Ley Federal (EEUU))'
  └
  ✓  Item 9 (Ley Federal (EEUU)) contains expected properties
  ✓  Item 9 (Ley Federal (EEUU)) 'name' is a non-empty string
  ✓  Item 9 (Ley Federal (EEUU)) self link is a valid URL
  GET https://api.staging.mercap.com.ar/bond-laws/88948c32-92b6-4394-8505-00acd0124a7f [200 OK, 850B, 198ms]
  ✓  Item 9 (Ley Federal (EEUU)) self link returns status 200

❏ Pepper-GS32 / Regression-Test / Bond Screener
↳ Filter by debt-type, issueCurrency, paymentCurrency, issuer & law

❏ Pepper-GS32 / Regression-Test / Currencies
↳ Get all curencies - validate each self link
  GET https://api.staging.mercap.com.ar/currencies [200 OK, 1.91kB, 62ms]
  ✓  Response is received
  ✓  Status code is 200
  ✓  Response contains 'items' array with at least one element
  ✓  Response contains 'links.self'
  ✓  No duplicate currency signs
  ✓  No duplicate singular names
  ┌
  │ '🔎 Testing Item 1 (ARS)'
  └
  ✓  Item 1 (ARS) contains expected properties
  ✓  Item 1 (ARS) text fields are non-empty strings
  ✓  Item 1 (ARS) self link is a valid URL
  GET https://api.staging.mercap.com.ar/currencies/1ab0ad33-7b34-4e64-8a52-a3d4f9cf8452 [200 OK, 889B, 95ms]
  ✓  Item 1 (ARS) self link returns status 200
  ┌
  │ '🔎 Testing Item 2 (USD)'
  └
  ✓  Item 2 (USD) contains expected properties
  ✓  Item 2 (USD) text fields are non-empty strings
  ✓  Item 2 (USD) self link is a valid URL
  GET https://api.staging.mercap.com.ar/currencies/e852e30f-42ad-4343-a7f6-3bc4ec840ed1 [200 OK, 881B, 95ms]
  ✓  Item 2 (USD) self link returns status 200
  ┌
  │ '🔎 Testing Item 3 (EUR)'
  └
  ✓  Item 3 (EUR) contains expected properties
  ✓  Item 3 (EUR) text fields are non-empty strings
  ✓  Item 3 (EUR) self link is a valid URL
  GET https://api.staging.mercap.com.ar/currencies/baeef6f0-0294-4ae5-bc16-dade743ae049 [200 OK, 879B, 97ms]
  ✓  Item 3 (EUR) self link returns status 200
  ┌
  │ '🔎 Testing Item 4 (GBP)'
  └
  ✓  Item 4 (GBP) contains expected properties
  ✓  Item 4 (GBP) text fields are non-empty strings
  ✓  Item 4 (GBP) self link is a valid URL
  GET https://api.staging.mercap.com.ar/currencies/695a7f24-199f-4bf6-984f-0ba08c803956 [200 OK, 877B, 201ms]
  ✓  Item 4 (GBP) self link returns status 200
  ┌
  │ '🔎 Testing Item 5 (CLP)'
  └
  ✓  Item 5 (CLP) contains expected properties
  ✓  Item 5 (CLP) text fields are non-empty strings
  ✓  Item 5 (CLP) self link is a valid URL
  GET https://api.staging.mercap.com.ar/currencies/076f26bd-f0ee-4ead-9f6b-e3881eec23d2 [200 OK, 881B, 196ms]
  ✓  Item 5 (CLP) self link returns status 200
  ┌
  │ '🔎 Testing Item 6 (PYG)'
  └
  ✓  Item 6 (PYG) contains expected properties
  ✓  Item 6 (PYG) text fields are non-empty strings
  ✓  Item 6 (PYG) self link is a valid URL
  GET https://api.staging.mercap.com.ar/currencies/fd3c2d5a-267d-4c93-aa8a-15a490e283e5 [200 OK, 877B, 115ms]
  ✓  Item 6 (PYG) self link returns status 200
  ┌
  │ '🔎 Testing Item 7 (MXN)'
  └
  ✓  Item 7 (MXN) contains expected properties
  ✓  Item 7 (MXN) text fields are non-empty strings
  ✓  Item 7 (MXN) self link is a valid URL
  GET https://api.staging.mercap.com.ar/currencies/6684ef14-e0cf-4096-a088-9071a409e8b8 [200 OK, 875B, 192ms]
  ✓  Item 7 (MXN) self link returns status 200

❏ Pepper-GS32 / Regression-Test / Debt types
↳ Get all debt types - validate each self link
  GET https://api.staging.mercap.com.ar/debt-types [200 OK, 1.15kB, 176ms]
  ✓  Response is received
  ✓  Status code is 200
  ✓  Response contains 'items' array with at least one element
  ✓  Response contains 'links.self'
  ✓  No duplicate debt type names
  ┌
  │ '🔎 Testing Item 1 (Título Público)'
  └
  ✓  Item 1 (Título Público) contains expected properties
  ✓  Item 1 (Título Público) 'singularName' is a non-empty string
  ✓  Item 1 (Título Público) self link is a valid URL
  GET https://api.staging.mercap.com.ar/debt-types/e3da5be4-2107-4ca2-97d9-77b5cf8e8725 [200 OK, 858B, 196ms]
  ✓  Item 1 (Título Público) self link returns status 200
  ┌
  │ '🔎 Testing Item 2 (Obligación Negociable)'
  └
  ✓  Item 2 (Obligación Negociable) contains expected properties
  ✓  Item 2 (Obligación Negociable) 'singularName' is a non-empty string
  ✓  Item 2 (Obligación Negociable) self link is a valid URL
  GET https://api.staging.mercap.com.ar/debt-types/a6af5129-7f88-46ce-879b-bfb0a4ee8a7b [200 OK, 866B, 181ms]
  ✓  Item 2 (Obligación Negociable) self link returns status 200
  ┌
  │ '🔎 Testing Item 3 (Fideicomiso)'
  └
  ✓  Item 3 (Fideicomiso) contains expected properties
  ✓  Item 3 (Fideicomiso) 'singularName' is a non-empty string
  ✓  Item 3 (Fideicomiso) self link is a valid URL
  GET https://api.staging.mercap.com.ar/debt-types/c2b8670a-dec7-4bfd-b5ba-5ce86c0d5eab [200 OK, 851B, 200ms]
  ✓  Item 3 (Fideicomiso) self link returns status 200

❏ Pepper-GS32 / Regression-Test / Exchange Schemes
↳ Get all exchange schemes
  GET https://api.staging.mercap.com.ar/exchange-schemes [200 OK, 4.41kB, 69ms]
  ✓  Response is received
  ✓  Status code is 200
  ✓  Media-Type is correct
  ✓  Items array is present and not empty
  ✓  No duplicate names in items
  ✓  Links are unique for each item
  ✓  Self link matches expected URL
  ┌
  │ '✔ EXCHANGE_SCHEMES_UUID seteado: https://api.staging.
  │ mercap.com.ar/exchange-schemes/150dd7f3-1420-4c76-8ed6
  │ -827667455276'
  └
  ✓  Item 1 (Esquema ARS - USD Oficial) contains expected properties
  ✓  Item 1 (Esquema ARS - USD Oficial) 'name' is non-empty
  ✓  Item 1 (Esquema ARS - USD Oficial) 'targetCurrency' is a valid URL
  ✓  Item 1 (Esquema ARS - USD Oficial) 'self' link is valid URL
  GET https://api.staging.mercap.com.ar/exchange-schemes/150dd7f3-1420-4c76-8ed6-827667455276 [200 OK, 998B, 106ms]
  ✓  Item 1 (Esquema ARS - USD Oficial) self link returns status 200
  ✓  Item 2 (Esquema USD) contains expected properties
  ✓  Item 2 (Esquema USD) 'name' is non-empty
  ✓  Item 2 (Esquema USD) 'targetCurrency' is a valid URL
  ✓  Item 2 (Esquema USD) 'self' link is valid URL
  GET https://api.staging.mercap.com.ar/exchange-schemes/f8886784-c23d-4de1-a058-5b27fce14ffe [200 OK, 984B, 76ms]
  ✓  Item 2 (Esquema USD) self link returns status 200
  ✓  Item 3 (Esquema EUR) contains expected properties
  ✓  Item 3 (Esquema EUR) 'name' is non-empty
  ✓  Item 3 (Esquema EUR) 'targetCurrency' is a valid URL
  ✓  Item 3 (Esquema EUR) 'self' link is valid URL
  GET https://api.staging.mercap.com.ar/exchange-schemes/1bf50dde-4343-49e7-8a60-62997a6b5001 [200 OK, 986B, 100ms]
  ✓  Item 3 (Esquema EUR) self link returns status 200
  ✓  Item 4 (Esquema CLP) contains expected properties
  ✓  Item 4 (Esquema CLP) 'name' is non-empty
  ✓  Item 4 (Esquema CLP) 'targetCurrency' is a valid URL
  ✓  Item 4 (Esquema CLP) 'self' link is valid URL
  GET https://api.staging.mercap.com.ar/exchange-schemes/1cb8b99b-86b7-4036-9124-8f809066ed41 [200 OK, 982B, 80ms]
  ✓  Item 4 (Esquema CLP) self link returns status 200
  ✓  Item 5 (Esquema GBP) contains expected properties
  ✓  Item 5 (Esquema GBP) 'name' is non-empty
  ✓  Item 5 (Esquema GBP) 'targetCurrency' is a valid URL
  ✓  Item 5 (Esquema GBP) 'self' link is valid URL
  GET https://api.staging.mercap.com.ar/exchange-schemes/9bd90858-0402-49fc-9975-0a1daf381643 [200 OK, 988B, 70ms]
  ✓  Item 5 (Esquema GBP) self link returns status 200
  ✓  Item 6 (Esquema PYG) contains expected properties
  ✓  Item 6 (Esquema PYG) 'name' is non-empty
  ✓  Item 6 (Esquema PYG) 'targetCurrency' is a valid URL
  ✓  Item 6 (Esquema PYG) 'self' link is valid URL
  GET https://api.staging.mercap.com.ar/exchange-schemes/d85f0a6d-1a80-4f8d-b58b-b4818a47d8c6 [200 OK, 984B, 133ms]
  ✓  Item 6 (Esquema PYG) self link returns status 200
  ✓  Item 7 (USD MEP) contains expected properties
  ✓  Item 7 (USD MEP) 'name' is non-empty
  ✓  Item 7 (USD MEP) 'targetCurrency' is a valid URL
  ✓  Item 7 (USD MEP) 'self' link is valid URL
  GET https://api.staging.mercap.com.ar/exchange-schemes/cf410c0e-ab29-489f-96d3-db0c857240d2 [200 OK, 976B, 92ms]
  ✓  Item 7 (USD MEP) self link returns status 200
  ✓  Item 8 (Esquema ARS - USD MEP) contains expected properties
  ✓  Item 8 (Esquema ARS - USD MEP) 'name' is non-empty
  ✓  Item 8 (Esquema ARS - USD MEP) 'targetCurrency' is a valid URL
  ✓  Item 8 (Esquema ARS - USD MEP) 'self' link is valid URL
  GET https://api.staging.mercap.com.ar/exchange-schemes/b0692058-1c49-4ed8-b2ca-3fe84a8c2c49 [200 OK, 998B, 232ms]
  ✓  Item 8 (Esquema ARS - USD MEP) self link returns status 200
  ✓  Item 9 (Esquema ARS - USD CCL) contains expected properties
  ✓  Item 9 (Esquema ARS - USD CCL) 'name' is non-empty
  ✓  Item 9 (Esquema ARS - USD CCL) 'targetCurrency' is a valid URL
  ✓  Item 9 (Esquema ARS - USD CCL) 'self' link is valid URL
  GET https://api.staging.mercap.com.ar/exchange-schemes/f512817f-1d31-4cea-b325-691c2c05c031 [200 OK, 1kB, 63ms]
  ✓  Item 9 (Esquema ARS - USD CCL) self link returns status 200
  ✓  Item 10 ((MPC) Esquema USD - Oficial) contains expected properties
  ✓  Item 10 ((MPC) Esquema USD - Oficial) 'name' is non-empty
  ✓  Item 10 ((MPC) Esquema USD - Oficial) 'targetCurrency' is a valid URL
  ✓  Item 10 ((MPC) Esquema USD - Oficial) 'self' link is valid URL
  GET https://api.staging.mercap.com.ar/exchange-schemes/c0f4f0d8-6db9-44b2-8679-019e8029e79a [200 OK, 1.01kB, 115ms]
  ✓  Item 10 ((MPC) Esquema USD - Oficial) self link returns status 200

↳ Get exchange scheme by UUID
  GET https://api.staging.mercap.com.ar/exchange-schemes/150dd7f3-1420-4c76-8ed6-827667455276 [200 OK, 1kB, 60ms]
  ✓  Response is received
  ✓  Status code is 200
  ✓  Media-Type is correct
  ┌
  │ 'Response has correct properties.'
  └
  ✓  Response has correct properties
  ┌
  │ 'targetCurrency belongs to the correct domain.'
  └
  ✓  TargetCurrency belongs to the correct domain
  ┌
  │ 'Self link is correct:', 'https://api.staging.mercap.c
  │ om.ar/exchange-schemes/150dd7f3-1420-4c76-8ed6-8276674
  │ 55276'
  └
  ✓  Self link is correct

❏ Pepper-GS32 / Regression-Test / Investments
↳ Create an investment
  ┌
  │ '▶ [undefined] Ejecutando con ticker: AL30'
  └
  GET https://api.staging.mercap.com.ar/tradable-securities?query=AL30&tradeDate=2026-09-16 [200 OK, 2.63kB, 70ms]
  ┌
  │ '📌 TRADABLE_SECURITY_URL: https://api.staging.mercap.
  │ com.ar/tradable-securities/6cfdf5ed-d8da-411a-8e86-b1b
  │ beef54f45'
  └
  POST https://api.staging.mercap.com.ar/investments [201 Created, 1.83kB, 182ms]
  ┌
  │ 'Response received successfully with status 201 Create
  │ d.'
  └
  ✓  Response is received
  ┌
  │ 'Content-Type header is correct.'
  └
  ✓  Media-Type is correct
  ┌
  │ 'Response body is not empty.'
  └
  ✓  Response body is not empty
  ┌
  │ 'Response contains all expected properties.'
  └
  ✓  Response contains expected properties
  ┌
  │ 'No fields are null.'
  └
  ✓  No fields are null
  ┌
  │ 'Optional property exchangeRateSensitivity is present.
  │ '
  └
  ✓  Links contain expected mandatory and optional properties
  ┌
  │ 'All links are valid URLs.'
  └
  ✓  All links are valid URLs
  ┌
  │ 'Security link is valid.'
  └
  ✓  Security is a valid URL
  ┌
  │ 'Security link is correct:', 'https://api.staging.merc
  │ ap.com.ar/tradable-securities/6cfdf5ed-d8da-411a-8e86-
  │ b1bbeef54f45'
  └
  ✓  Security link is correct
  ┌
  │ 'Investment contains all expected properties.'
  └
  ✓  Investment contains expected properties
  ┌
  │ 'Settlement Date is correct.'
  └
  ✓  Settlement Date is correct
  ┌
  │ 'Investment Settlement Date is correct.'
  └
  ✓  Investment Settlement Date is correct
  ┌
  │ 'Asset amount is correct.'
  └
  ✓  Asset amount is correct
  ┌
  │ 'Every amount is correct.'
  └
  ✓  Every amount is correct
  ┌
  │ 'Price type is correct.'
  └
  ✓  Price type is correct
  ┌
  │ 'Price isDirty is true.'
  └
  ✓  Price isDirty is true
  ┌
  │ '✔ SELF_INVESTMENT =', 'https://api.staging.mercap.com
  │ .ar/investments/4'
  │ '✔ INTERNAL_RATE_OF_RETURN_SENSITIVITY =', 'https://ap
  │ i.staging.mercap.com.ar/investments/4/irr-sensitivity'
  │ '✔ INVESTMENT_METRICS =', 'https://api.staging.mercap.
  │ com.ar/investments/4/metrics'
  │ '✔ PRICE_SENSITIVITY =', 'https://api.staging.mercap.c
  │ om.ar/investments/4/price-sensitivity'
  │ '✔ EXCHANGE_RATE_SENSITIVITY =', 'https://api.staging.
  │ mercap.com.ar/investments/4/exchange-rate-sensitivity'
  └

↳ Get investment by ID
  ┌
  │ '▶ [undefined] Ejecutando con ticker: AL30'
  └
  GET https://api.staging.mercap.com.ar/tradable-securities?query=AL30&tradeDate=2026-09-16 [200 OK, 2.64kB, 132ms]
  ┌
  │ '📌 TRADABLE_SECURITY_URL: https://api.staging.mercap.
  │ com.ar/tradable-securities/6cfdf5ed-d8da-411a-8e86-b1b
  │ beef54f45'
  └
  GET https://api.staging.mercap.com.ar/investments/4 [200 OK, 1.85kB, 211ms]
  ┌
  │ 'Response received successfully with status 200 OK.'
  └
  ✓  Response is received
  ┌
  │ 'Content-Type header is correct.'
  └
  ✓  Media-Type is correct
  ┌
  │ 'Response body is not empty.'
  └
  ✓  Response body is not empty
  ┌
  │ 'Response contains all expected properties.'
  └
  ✓  Response contains expected properties
  ┌
  │ 'No fields are null.'
  └
  ✓  No fields are null
  ┌
  │ 'Optional property exchangeRateSensitivity is present.
  │ '
  └
  ✓  Links contain expected mandatory and optional properties
  ┌
  │ 'All links are valid URLs.'
  └
  ✓  All links are valid URLs
  ┌
  │ 'Security link is valid.'
  └
  ✓  Security is a valid URL
  ┌
  │ 'Security link is correct:', 'https://api.staging.merc
  │ ap.com.ar/tradable-securities/6cfdf5ed-d8da-411a-8e86-
  │ b1bbeef54f45'
  └
  ✓  Security link is correct
  ┌
  │ 'Investment contains all expected properties.'
  └
  ✓  Investment contains expected properties
  ┌
  │ 'Settlement Date is correct.'
  └
  ✓  Settlement Date is correct
  ┌
  │ 'Investment Settlement Date is correct.'
  └
  ✓  Investment Settlement Date is correct
  ┌
  │ 'Asset amount is correct.'
  └
  ✓  Asset amount is correct
  ┌
  │ 'Every amount is correct.'
  └
  ✓  Every amount is correct
  ┌
  │ 'Price type is correct.'
  └
  ✓  Price type is correct
  ┌
  │ 'Price isDirty is true.'
  └
  ✓  Price isDirty is true
  ┌
  │ '✔ SELF_INVESTMENT =', 'https://api.staging.mercap.com
  │ .ar/investments/4'
  │ '✔ INTERNAL_RATE_OF_RETURN_SENSITIVITY =', 'https://ap
  │ i.staging.mercap.com.ar/investments/4/irr-sensitivity'
  │ '✔ INVESTMENT_METRICS =', 'https://api.staging.mercap.
  │ com.ar/investments/4/metrics'
  │ '✔ PRICE_SENSITIVITY =', 'https://api.staging.mercap.c
  │ om.ar/investments/4/price-sensitivity'
  │ '✔ EXCHANGE_RATE_SENSITIVITY =', 'https://api.staging.
  │ mercap.com.ar/investments/4/exchange-rate-sensitivity'
  └

↳ Get investment metrics by ID
  ┌
  │ '▶ [undefined] Ejecutando con ticker: AL30'
  └
  GET https://api.staging.mercap.com.ar/tradable-securities?query=AL30&tradeDate=2026-09-16 [200 OK, 2.63kB, 195ms]
  ┌
  │ '📌 TRADABLE_SECURITY_URL: https://api.staging.mercap.
  │ com.ar/tradable-securities/6cfdf5ed-d8da-411a-8e86-b1b
  │ beef54f45'
  └
  GET https://api.staging.mercap.com.ar/investments/4/metrics [200 OK, 2.19kB, 1430ms]
  ✓  Response is received
  ✓  Status code is 200
  ✓  Media-Type is correct
  ✓  Response contains required properties
  ✓  Mandatory numeric fields have correct type
  ✓  lastQuote structure is valid when present
  ✓  lastIntradayQuote structure is valid
  ✓  Cost and residualAmount structure is valid
  ✓  Optional fields are valid when present
  ✓  Links object exists

↳ Get investment irr sensitivity by ID
  ┌
  │ '▶ [undefined] Ejecutando con ticker: AL30'
  └
  GET https://api.staging.mercap.com.ar/tradable-securities?query=AL30&tradeDate=2026-09-16 [200 OK, 2.64kB, 94ms]
  ┌
  │ '📌 TRADABLE_SECURITY_URL: https://api.staging.mercap.
  │ com.ar/tradable-securities/6cfdf5ed-d8da-411a-8e86-b1b
  │ beef54f45'
  └
  GET https://api.staging.mercap.com.ar/investments/4/irr-sensitivity [200 OK, 2.44kB, 493ms]
  ✓  Response is received
  ✓  Status code is 200
  ✓  Media-Type is correct
  ✓  Response body is not empty
  ✓  No main fields are null
  ✓  Results array is valid
  ┌
  │ 'Baseline contains all mandatory properties.'
  └
  ✓  Baseline mandatory properties are present
  ✓  Baseline optional properties are valid when present
  ┌
  │ 'Result 1 contains all mandatory fields.'
  │ 'Result 2 contains all mandatory fields.'
  │ 'Result 3 contains all mandatory fields.'
  │ 'Result 4 contains all mandatory fields.'
  │ 'Result 5 contains all mandatory fields.'
  │ 'Result 6 contains all mandatory fields.'
  │ 'Result 7 contains all mandatory fields.'
  │ 'Result 8 contains all mandatory fields.'
  │ 'Result 9 contains all mandatory fields.'
  │ 'Result 10 contains all mandatory fields.'
  │ 'Result 11 contains all mandatory fields.'
  └
  ✓  Each result contains mandatory properties

↳ Get investment price sensitivity by ID
  ┌
  │ '▶ [undefined] Ejecutando con ticker: AL30'
  └
  GET https://api.staging.mercap.com.ar/tradable-securities?query=AL30&tradeDate=2026-09-16 [200 OK, 2.64kB, 123ms]
  ┌
  │ '📌 TRADABLE_SECURITY_URL: https://api.staging.mercap.
  │ com.ar/tradable-securities/6cfdf5ed-d8da-411a-8e86-b1b
  │ beef54f45'
  └
  GET https://api.staging.mercap.com.ar/investments/4/price-sensitivity [200 OK, 2.31kB, 258ms]
  ✓  Response is received
  ✓  Status code is 200
  ✓  Media-Type is correct
  ✓  Response body is not empty
  ✓  No main fields are null
  ✓  Results array is valid
  ┌
  │ 'Step contains numberOfBasisPoint: 500'
  └
  ✓  Step contains expected properties
  ┌
  │ 'Baseline contains all expected properties.'
  └
  ✓  Baseline contains expected properties
  ┌
  │ 'Result 1 contains all expected properties.'
  │ 'Result 2 contains all expected properties.'
  │ 'Result 3 contains all expected properties.'
  │ 'Result 4 contains all expected properties.'
  │ 'Result 5 contains all expected properties.'
  │ 'Result 6 contains all expected properties.'
  │ 'Result 7 contains all expected properties.'
  │ 'Result 8 contains all expected properties.'
  │ 'Result 9 contains all expected properties.'
  │ 'Result 10 contains all expected properties.'
  │ 'Result 11 contains all expected properties.'
  └
  ✓  Each result contains expected properties
  ✓  Check that properties in each 'results' have the expected format

↳ Get investment exchange rate sensitivity by ID
  ┌
  │ '▶ [undefined] Ejecutando con ticker: AL30'
  └
  GET https://api.staging.mercap.com.ar/tradable-securities?query=AL30&tradeDate=2026-09-16 [200 OK, 2.65kB, 60ms]
  ┌
  │ '📌 TRADABLE_SECURITY_URL: https://api.staging.mercap.
  │ com.ar/tradable-securities/6cfdf5ed-d8da-411a-8e86-b1b
  │ beef54f45'
  └
  GET https://api.staging.mercap.com.ar/investments/4/exchange-rate-sensitivity [200 OK, 2.52kB, 519ms]
  ✓  Response is received
  ✓  Status code is 200
  ✓  Media-Type is correct
  ✓  Response body is not empty
  ✓  No main fields are null
  ✓  Results array is valid
  ┌
  │ 'Step is correct: 0.01'
  └
  ✓  Step contains expected value
  ┌
  │ 'NumberOfScenarios is 10 and step is 0.01'
  └
  ✓  NumberOfScenarios and step have the expected values

❏ Pepper-GS32 / Regression-Test / Instrument Issuers
↳ Get all instrument issuers
  GET https://api.staging.mercap.com.ar/instrument-issuers [200 OK, 135.59kB, 606ms]
  ✓  Response is received
  ✓  Status code is 200
  ✓  Media-Type is correct
  ✓  Items array is present and not empty
  ✓  No duplicate names in items
  ✓  Links are unique for each item
  ✓  Self link matches expected URL
  ┌
  │ '✔ INSTRUMENT_ISSUERS_UUID seteado: https://api.stagin
  │ g.mercap.com.ar/instrument-issuers/6f5616c7-d1f0-4cd2-
  │ b4b3-bb99184712cf'
  └
  ✓  Item 1 (BCRA) contains expected properties
  ✓  Item 1 (BCRA) 'name' is a non-empty string
  ✓  Item 1 (BCRA) 'self' link is a valid URL
  ✓  Item 2 (Federal Reserve) contains expected properties
  ✓  Item 2 (Federal Reserve) 'name' is a non-empty string
  ✓  Item 2 (Federal Reserve) 'self' link is a valid URL
  ✓  Item 3 (Republica Argentina) contains expected properties
  ✓  Item 3 (Republica Argentina) 'name' is a non-empty string
  ✓  Item 3 (Republica Argentina) 'self' link is a valid URL
  ✓  Item 4 (BCE) contains expected properties
  ✓  Item 4 (BCE) 'name' is a non-empty string
  ✓  Item 4 (BCE) 'self' link is a valid URL
  ✓  Item 5 (Pcia. de Buenos Aires) contains expected properties
  ✓  Item 5 (Pcia. de Buenos Aires) 'name' is a non-empty string
  ✓  Item 5 (Pcia. de Buenos Aires) 'self' link is a valid URL
  ✓  Item 6 (Cdad. de Buenos Aires) contains expected properties
  ✓  Item 6 (Cdad. de Buenos Aires) 'name' is a non-empty string
  ✓  Item 6 (Cdad. de Buenos Aires) 'self' link is a valid URL
  ✓  Item 7 (Tesorería General de la Nación (Argentina)) contains expected properties
  ✓  Item 7 (Tesorería General de la Nación (Argentina)) 'name' is a non-empty string
  ✓  Item 7 (Tesorería General de la Nación (Argentina)) 'self' link is a valid URL
  ✓  Item 8 (Pcia. de Chaco) contains expected properties
  ✓  Item 8 (Pcia. de Chaco) 'name' is a non-empty string
  ✓  Item 8 (Pcia. de Chaco) 'self' link is a valid URL
  ✓  Item 9 (Pcia. de Chubut) contains expected properties
  ✓  Item 9 (Pcia. de Chubut) 'name' is a non-empty string
  ✓  Item 9 (Pcia. de Chubut) 'self' link is a valid URL
  ✓  Item 10 (Pcia. de Entre Ríos) contains expected properties
  ✓  Item 10 (Pcia. de Entre Ríos) 'name' is a non-empty string
  ✓  Item 10 (Pcia. de Entre Ríos) 'self' link is a valid URL
  GET https://api.staging.mercap.com.ar/instrument-issuers/6f5616c7-d1f0-4cd2-b4b3-bb99184712cf   GET https://api.staging.mercap.com.ar/instrument-issuers/89874250-34f0-4358-a261-c13ce5bac46a   GET https://api.staging.mercap.com.ar/instrument-issuers/6dbaafee-d41d-4262-a53e-9df48c0de55a   GET https://api.staging.mercap.com.ar/instrument-issuers/383ff553-5419-4d7a-888d-48c68b1abcd4   GET https://api.staging.mercap.com.ar/instrument-issuers/0cf0cba4-9ccc-4904-9a26-68666dba6568   GET https://api.staging.mercap.com.ar/instrument-issuers/26e53912-2587-4855-9c61-d5e4915b3e49   GET https://api.staging.mercap.com.ar/instrument-issuers/b11a569e-610e-4519-b775-c6cd35dc72fc   GET https://api.staging.mercap.com.ar/instrument-issuers/8d1ba67d-5751-4ccc-8f59-242234628a68   GET https://api.staging.mercap.com.ar/instrument-issuers/88400bd6-f8f5-4da4-91d2-ad6fea90a273   GET https://api.staging.mercap.com.ar/instrument-issuers/66da8712-1d05-4180-b17f-27df7c13b8e2 [200 OK, 863B, 79ms]
  ✓  Item 3 (Republica Argentina) self link returns status 200
[200 OK, 888B, 183ms]
  ✓  Item 7 (Tesorería General de la Nación (Argentina)) self link returns status 200
[200 OK, 861B, 188ms]
  ✓  Item 9 (Pcia. de Chubut) self link returns status 200
[200 OK, 848B, 195ms]
  ✓  Item 1 (BCRA) self link returns status 200
[200 OK, 875B, 198ms]
  ✓  Item 6 (Cdad. de Buenos Aires) self link returns status 200
[200 OK, 864B, 200ms]
  ✓  Item 8 (Pcia. de Chaco) self link returns status 200
[200 OK, 868B, 203ms]
  ✓  Item 10 (Pcia. de Entre Ríos) self link returns status 200
[200 OK, 865B, 212ms]
  ✓  Item 5 (Pcia. de Buenos Aires) self link returns status 200
[200 OK, 855B, 215ms]
  ✓  Item 4 (BCE) self link returns status 200
[200 OK, 863B, 219ms]
  ✓  Item 2 (Federal Reserve) self link returns status 200

↳ Get instrument issuers by UUID
  GET https://api.staging.mercap.com.ar/instrument-issuers/6f5616c7-d1f0-4cd2-b4b3-bb99184712cf [200 OK, 848B, 248ms]
  ✓  Response is received
  ✓  Status code is 200
  ✓  Media-Type is correct
  ┌
  │ 'Response has correct properties (including optional l
  │ inks).'
  └
  ✓  Response has correct properties
  ┌
  │ 'Self link is correct:', 'https://api.staging.mercap.c
  │ om.ar/instrument-issuers/6f5616c7-d1f0-4cd2-b4b3-bb991
  │ 84712cf'
  └
  ✓  Self link is correct

❏ Pepper-GS32 / Regression-Test / Markets
↳ Get all markets
  GET https://api.staging.mercap.com.ar/markets [200 OK, 1.54kB, 48ms]
  ✓  Response is received
  ✓  Status code is 200
  ✓  Media-Type is correct
  ✓  Items array is present and not empty
  ✓  No duplicate names in items
  ✓  Links are unique for each item
  ✓  Self link matches expected URL
  ┌
  │ '✔ MARKETS_UUID seteado: https://api.staging.mercap.co
  │ m.ar/markets/4caa715b-06cb-428f-ac4c-f40a872a1064'
  └
  ✓  Item 1 (BYMA) contains expected properties
  ✓  Item 1 (BYMA) 'name' is a non-empty string
  ✓  Item 1 (BYMA) 'self' link is a valid URL
  ✓  Item 2 (Mercado Internacional) contains expected properties
  ✓  Item 2 (Mercado Internacional) 'name' is a non-empty string
  ✓  Item 2 (Mercado Internacional) 'self' link is a valid URL
  ✓  Item 3 (Mercado de Fondos) contains expected properties
  ✓  Item 3 (Mercado de Fondos) 'name' is a non-empty string
  ✓  Item 3 (Mercado de Fondos) 'self' link is a valid URL
  ✓  Item 4 (VALMERCAP) contains expected properties
  ✓  Item 4 (VALMERCAP) 'name' is a non-empty string
  ✓  Item 4 (VALMERCAP) 'self' link is a valid URL
  ✓  Item 5 (OTC) contains expected properties
  ✓  Item 5 (OTC) 'name' is a non-empty string
  ✓  Item 5 (OTC) 'self' link is a valid URL
  ✓  Item 6 (CBONDS) contains expected properties
  ✓  Item 6 (CBONDS) 'name' is a non-empty string
  ✓  Item 6 (CBONDS) 'self' link is a valid URL
  GET https://api.staging.mercap.com.ar/markets/4caa715b-06cb-428f-ac4c-f40a872a1064   GET https://api.staging.mercap.com.ar/markets/48ad8a13-23a9-4a7d-81bb-32d0f7135f83   GET https://api.staging.mercap.com.ar/markets/400215b2-e24b-45a2-b0bc-ba3fee932ba2   GET https://api.staging.mercap.com.ar/markets/09f99b78-0440-48d1-a438-44d1e798d774   GET https://api.staging.mercap.com.ar/markets/8d92b182-30ea-4bc0-9d84-d221a606bc91   GET https://api.staging.mercap.com.ar/markets/384d384f-5c45-4d90-9ead-f022c6b970f6 [200 OK, 882B, 55ms]
  ✓  Item 2 (Mercado Internacional) self link returns status 200
[200 OK, 870B, 62ms]
  ✓  Item 4 (VALMERCAP) self link returns status 200
[200 OK, 861B, 64ms]
  ✓  Item 1 (BYMA) self link returns status 200
[200 OK, 872B, 74ms]
  ✓  Item 3 (Mercado de Fondos) self link returns status 200
[200 OK, 863B, 95ms]
  ✓  Item 6 (CBONDS) self link returns status 200
[200 OK, 862B, 102ms]
  ✓  Item 5 (OTC) self link returns status 200

↳ Get markets by UUID
  GET https://api.staging.mercap.com.ar/markets/4caa715b-06cb-428f-ac4c-f40a872a1064 [200 OK, 861B, 63ms]
  ✓  Response is received
  ✓  Status code is 200
  ✓  Media-Type is correct
  ┌
  │ 'Response has correct properties.'
  └
  ✓  Response has correct properties
  ┌
  │ 'Self link is correct:', 'https://api.staging.mercap.c
  │ om.ar/markets/4caa715b-06cb-428f-ac4c-f40a872a1064'
  └
  ✓  Self link is correct

❏ Pepper-GS32 / Regression-Test / Mutual Fund Types
↳ Get all mutual fund types
  GET https://api.staging.mercap.com.ar/mutual-fund-types [200 OK, 1.54kB, 110ms]
  ✓  Response is received
  ✓  Status code is 200
  ✓  Media-Type is correct
  ✓  Items array is present and not empty
  ✓  No duplicate names in items
  ✓  Links are unique for each item
  ✓  Self link matches expected URL
  ┌
  │ '✔ MUTUAL_FUND_TYPES_UUID seteado: https://api.staging
  │ .mercap.com.ar/mutual-fund-types/01d9b1af-d6e9-43a8-a1
  │ 0a-6675bdf9992c'
  └
  ✓  Item 1 (Renta Fija) contains expected properties
  ✓  Item 1 (Renta Fija) 'name' is a non-empty string
  ✓  Item 1 (Renta Fija) 'self' link is a valid URL
  ✓  Item 2 (Renta Variable) contains expected properties
  ✓  Item 2 (Renta Variable) 'name' is a non-empty string
  ✓  Item 2 (Renta Variable) 'self' link is a valid URL
  ✓  Item 3 (Mixto) contains expected properties
  ✓  Item 3 (Mixto) 'name' is a non-empty string
  ✓  Item 3 (Mixto) 'self' link is a valid URL
  ✓  Item 4 (Money Market) contains expected properties
  ✓  Item 4 (Money Market) 'name' is a non-empty string
  ✓  Item 4 (Money Market) 'self' link is a valid URL
  ✓  Item 5 (Infraestructura) contains expected properties
  ✓  Item 5 (Infraestructura) 'name' is a non-empty string
  ✓  Item 5 (Infraestructura) 'self' link is a valid URL
  ✓  Item 6 (Otros) contains expected properties
  ✓  Item 6 (Otros) 'name' is a non-empty string
  ✓  Item 6 (Otros) 'self' link is a valid URL
  ┌
  │ "At least one item has 'Renta Variable' as name."
  └
  ✓  At least one item has 'Renta Variable' as name
  GET https://api.staging.mercap.com.ar/mutual-fund-types/01d9b1af-d6e9-43a8-a10a-6675bdf9992c   GET https://api.staging.mercap.com.ar/mutual-fund-types/5b136c50-48ff-4147-ba18-458b6915bb08   GET https://api.staging.mercap.com.ar/mutual-fund-types/8ad01c33-186b-4ca7-8b05-37afe197fa52   GET https://api.staging.mercap.com.ar/mutual-fund-types/fe2a9cf8-c614-4815-89fa-60892afad14e   GET https://api.staging.mercap.com.ar/mutual-fund-types/ebf42d78-8395-4bd0-8dbb-048976b7a2f5   GET https://api.staging.mercap.com.ar/mutual-fund-types/c53586fa-4327-459b-b059-1e75dc824816 [200 OK, 867B, 82ms]
  ✓  Item 5 (Infraestructura) self link returns status 200
[200 OK, 855B, 89ms]
  ✓  Item 6 (Otros) self link returns status 200
[200 OK, 858B, 93ms]
  ✓  Item 4 (Money Market) self link returns status 200
[200 OK, 849B, 98ms]
  ✓  Item 3 (Mixto) self link returns status 200
[200 OK, 862B, 191ms]
  ✓  Item 1 (Renta Fija) self link returns status 200
[200 OK, 864B, 193ms]
  ✓  Item 2 (Renta Variable) self link returns status 200

↳ Get mutual fund type by UUID
  GET https://api.staging.mercap.com.ar/mutual-fund-types/01d9b1af-d6e9-43a8-a10a-6675bdf9992c [200 OK, 856B, 179ms]
  ✓  Response is received
  ✓  Status code is 200
  ✓  Media-Type is correct
  ┌
  │ 'Response has the correct properties.'
  └
  ✓  Response has correct properties
  ┌
  │ 'Self link is correct:', 'https://api.staging.mercap.c
  │ om.ar/mutual-fund-types/01d9b1af-d6e9-43a8-a10a-6675bd
  │ f9992c'
  └
  ✓  Self link is correct

❏ Pepper-GS32 / Regression-Test / Mutual Fund Shares
↳ Get all mutual fund shares
  GET https://api.staging.mercap.com.ar/mutual-fund-shares [200 OK, 5.16kB, 68ms]
  ✓  Response is received
  ✓  Status code is 200
  ✓  Media-Type is correct
  ✓  Items array is present
  ✓  No duplicate names in items
  ✓  Links are unique for each item
  ✓  Self link matches expected URL
  ┌
  │ '✔ MUTUAL_FUND_SHARE_UUID seteado: https://api.staging
  │ .mercap.com.ar/mutual-fund-shares/b45091ea-b613-47c1-8
  │ 1b5-955f6e689f4d'
  │ '▶ Testing Item 1 (Gainvest Renta Variable - Clase A)'
  └
  ✓  Item 1 (Gainvest Renta Variable - Clase A) contains expected properties
  ✓  Item 1 (Gainvest Renta Variable - Clase A) 'name' is a non-empty string
  ✓  Item 1 (Gainvest Renta Variable - Clase A) 'issueCurrency' is a valid URL
  ✓  Item 1 (Gainvest Renta Variable - Clase A) 'smallestDenomination' has valid values
  ┌
  │ '▶ Testing Item 2 (Gainvest Renta Variable - Clase B)'
  └
  ✓  Item 2 (Gainvest Renta Variable - Clase B) contains expected properties
  ✓  Item 2 (Gainvest Renta Variable - Clase B) 'name' is a non-empty string
  ✓  Item 2 (Gainvest Renta Variable - Clase B) 'issueCurrency' is a valid URL
  ✓  Item 2 (Gainvest Renta Variable - Clase B) 'smallestDenomination' has valid values
  ┌
  │ '▶ Testing Item 3 (Pellegrini Renta Fija - Clase A)'
  └
  ✓  Item 3 (Pellegrini Renta Fija - Clase A) contains expected properties
  ✓  Item 3 (Pellegrini Renta Fija - Clase A) 'name' is a non-empty string
  ✓  Item 3 (Pellegrini Renta Fija - Clase A) 'issueCurrency' is a valid URL
  ✓  Item 3 (Pellegrini Renta Fija - Clase A) 'smallestDenomination' has valid values
  ┌
  │ '▶ Testing Item 4 (Pellegrini Renta Fija - Clase B)'
  └
  ✓  Item 4 (Pellegrini Renta Fija - Clase B) contains expected properties
  ✓  Item 4 (Pellegrini Renta Fija - Clase B) 'name' is a non-empty string
  ✓  Item 4 (Pellegrini Renta Fija - Clase B) 'issueCurrency' is a valid URL
  ✓  Item 4 (Pellegrini Renta Fija - Clase B) 'smallestDenomination' has valid values
  ┌
  │ '▶ Testing Item 5 (Pellegrini Renta Publica Federal - 
  │ Clase A)'
  └
  ✓  Item 5 (Pellegrini Renta Publica Federal - Clase A) contains expected properties
  ✓  Item 5 (Pellegrini Renta Publica Federal - Clase A) 'name' is a non-empty string
  ✓  Item 5 (Pellegrini Renta Publica Federal - Clase A) 'issueCurrency' is a valid URL
  ✓  Item 5 (Pellegrini Renta Publica Federal - Clase A) 'smallestDenomination' has valid values
  ┌
  │ '▶ Testing Item 6 (Pellegrini Renta Publica Federal - 
  │ Clase B)'
  └
  ✓  Item 6 (Pellegrini Renta Publica Federal - Clase B) contains expected properties
  ✓  Item 6 (Pellegrini Renta Publica Federal - Clase B) 'name' is a non-empty string
  ✓  Item 6 (Pellegrini Renta Publica Federal - Clase B) 'issueCurrency' is a valid URL
  ✓  Item 6 (Pellegrini Renta Publica Federal - Clase B) 'smallestDenomination' has valid values
  ┌
  │ '▶ Testing Item 7 (Alpha Renta Fija Serie 4 - Clase A)
  │ '
  └
  ✓  Item 7 (Alpha Renta Fija Serie 4 - Clase A) contains expected properties
  ✓  Item 7 (Alpha Renta Fija Serie 4 - Clase A) 'name' is a non-empty string
  ✓  Item 7 (Alpha Renta Fija Serie 4 - Clase A) 'issueCurrency' is a valid URL
  ✓  Item 7 (Alpha Renta Fija Serie 4 - Clase A) 'smallestDenomination' has valid values
  ┌
  │ '▶ Testing Item 8 (Alpha Renta Fija Serie 4 - Clase B)
  │ '
  └
  ✓  Item 8 (Alpha Renta Fija Serie 4 - Clase B) contains expected properties
  ✓  Item 8 (Alpha Renta Fija Serie 4 - Clase B) 'name' is a non-empty string
  ✓  Item 8 (Alpha Renta Fija Serie 4 - Clase B) 'issueCurrency' is a valid URL
  ✓  Item 8 (Alpha Renta Fija Serie 4 - Clase B) 'smallestDenomination' has valid values
  ┌
  │ '▶ Testing Item 9 (Alpha Pesos - Clase A)'
  └
  ✓  Item 9 (Alpha Pesos - Clase A) contains expected properties
  ✓  Item 9 (Alpha Pesos - Clase A) 'name' is a non-empty string
  ✓  Item 9 (Alpha Pesos - Clase A) 'issueCurrency' is a valid URL
  ✓  Item 9 (Alpha Pesos - Clase A) 'smallestDenomination' has valid values
  ┌
  │ '▶ Testing Item 10 (Alpha Pesos - Clase B)'
  └
  ✓  Item 10 (Alpha Pesos - Clase B) contains expected properties
  ✓  Item 10 (Alpha Pesos - Clase B) 'name' is a non-empty string
  ✓  Item 10 (Alpha Pesos - Clase B) 'issueCurrency' is a valid URL
  ✓  Item 10 (Alpha Pesos - Clase B) 'smallestDenomination' has valid values
  GET https://api.staging.mercap.com.ar/mutual-fund-shares/b45091ea-b613-47c1-81b5-955f6e689f4d   GET https://api.staging.mercap.com.ar/mutual-fund-shares/e6dd7274-3da3-4fa9-8058-cb4cf0bfa2c5   GET https://api.staging.mercap.com.ar/mutual-fund-shares/2943749b-fd71-483c-8bc2-d0f88763254f   GET https://api.staging.mercap.com.ar/mutual-fund-shares/506c915b-6e58-4a0d-96c2-a1be22065424   GET https://api.staging.mercap.com.ar/mutual-fund-shares/13854960-b51d-4b8c-a67e-4dccc3495fff   GET https://api.staging.mercap.com.ar/mutual-fund-shares/bfe687a7-17f7-41c6-89ab-5ec793d05b88   GET https://api.staging.mercap.com.ar/mutual-fund-shares/6e5ddd18-7bb6-4ee5-8fae-143a7780f92d   GET https://api.staging.mercap.com.ar/mutual-fund-shares/d9221c2a-4e98-424b-993e-174ac44e02dd   GET https://api.staging.mercap.com.ar/mutual-fund-shares/86836316-069d-4c49-9a7f-2bb1b3290380   GET https://api.staging.mercap.com.ar/mutual-fund-shares/63e912ff-869b-4cf4-8eb8-7dec0a9736de [200 OK, 1.16kB, 42ms]
  ✓  Item 4 (Pellegrini Renta Fija - Clase B) self link returns status 200
[200 OK, 1.19kB, 47ms]
  ✓  Item 5 (Pellegrini Renta Publica Federal - Clase A) self link returns status 200
[200 OK, 1.14kB, 49ms]
  ✓  Item 10 (Alpha Pesos - Clase B) self link returns status 200
[200 OK, 1.15kB, 51ms]
  ✓  Item 3 (Pellegrini Renta Fija - Clase A) self link returns status 200
[200 OK, 1.15kB, 52ms]
  ✓  Item 9 (Alpha Pesos - Clase A) self link returns status 200
[200 OK, 1.18kB, 62ms]
  ✓  Item 6 (Pellegrini Renta Publica Federal - Clase B) self link returns status 200
[200 OK, 1.14kB, 66ms]
  ✓  Item 1 (Gainvest Renta Variable - Clase A) self link returns status 200
[200 OK, 1.14kB, 69ms]
  ✓  Item 2 (Gainvest Renta Variable - Clase B) self link returns status 200
[200 OK, 1.18kB, 71ms]
  ✓  Item 7 (Alpha Renta Fija Serie 4 - Clase A) self link returns status 200
[200 OK, 1.17kB, 87ms]
  ✓  Item 8 (Alpha Renta Fija Serie 4 - Clase B) self link returns status 200

↳ Get mutual fund share by UUID
  ┌
  │ '🚀 Ejecutando request para UUID: https://api.staging.
  │ mercap.com.ar/mutual-fund-shares/b45091ea-b613-47c1-81
  │ b5-955f6e689f4d'
  └
  GET https://api.staging.mercap.com.ar/mutual-fund-shares/b45091ea-b613-47c1-81b5-955f6e689f4d [200 OK, 1.14kB, 70ms]
  ✓  Response is received
  ✓  Status code is 200
  ✓  Media-Type is correct
  ┌
  │ 'Response has correct properties.'
  └
  ✓  Response has correct properties
  ┌
  │ 'Self link is correct:', 'https://api.staging.mercap.c
  │ om.ar/mutual-fund-shares/b45091ea-b613-47c1-81b5-955f6
  │ e689f4d'
  └
  ✓  Self link is correct
  ┌
  │ "smallestDenomination base is '1'."
  └
  ✓  smallestDenomination base is '1'
  ┌
  │ "smallestDenomination increment is '1'."
  └
  ✓  smallestDenomination increment is '1'

❏ Pepper-GS32 / Regression-Test / Stocks
↳ Get all stocks
  GET https://api.staging.mercap.com.ar/stocks [200 OK, 4.32kB, 114ms]
  ✓  Response is received
  ✓  Status code is 200
  ✓  Media-Type is correct
  ✓  Items array is present
  ✓  No duplicate names in items
  ✓  Links are unique for each item
  ✓  Self link matches expected URL
  ┌
  │ '✔ STOCKS_UUID seteado: https://api.staging.mercap.com
  │ .ar/stocks/6ff2eccb-d13f-49d1-9f6e-afda6e43ab96'
  │ '\n▶ Testing Item 1 (A3.BA)'
  └
  ✓  Item 1 (A3.BA) contains expected properties
  ✓  Item 1 (A3.BA) 'name' is a non-empty string
  ✓  Item 1 (A3.BA) 'issuer' is a non-empty string
  ✓  Item 1 (A3.BA) 'issueCurrency' is a valid URL
  ✓  Item 1 (A3.BA) 'self' link is a valid URL
  GET https://api.staging.mercap.com.ar/stocks/6ff2eccb-d13f-49d1-9f6e-afda6e43ab96 [200 OK, 1.06kB, 91ms]
  ✓  Item 1 (A3.BA) self link returns status 200
  ┌
  │ '\n▶ Testing Item 2 (AAL.BA)'
  └
  ✓  Item 2 (AAL.BA) contains expected properties
  ✓  Item 2 (AAL.BA) 'name' is a non-empty string
  ✓  Item 2 (AAL.BA) 'issuer' is a non-empty string
  ✓  Item 2 (AAL.BA) 'issueCurrency' is a valid URL
  ✓  Item 2 (AAL.BA) 'self' link is a valid URL
  GET https://api.staging.mercap.com.ar/stocks/7480a764-16d4-48fb-965f-ff92f84ed477 [200 OK, 1.09kB, 62ms]
  ✓  Item 2 (AAL.BA) self link returns status 200
  ┌
  │ '\n▶ Testing Item 3 (AAP.BA)'
  └
  ✓  Item 3 (AAP.BA) contains expected properties
  ✓  Item 3 (AAP.BA) 'name' is a non-empty string
  ✓  Item 3 (AAP.BA) 'issuer' is a non-empty string
  ✓  Item 3 (AAP.BA) 'issueCurrency' is a valid URL
  ✓  Item 3 (AAP.BA) 'self' link is a valid URL
  GET https://api.staging.mercap.com.ar/stocks/b36e04ad-6d91-47a4-8eaa-1d831dad62d3 [200 OK, 1.08kB, 73ms]
  ✓  Item 3 (AAP.BA) self link returns status 200
  ┌
  │ '\n▶ Testing Item 4 (AAPL.BA)'
  └
  ✓  Item 4 (AAPL.BA) contains expected properties
  ✓  Item 4 (AAPL.BA) 'name' is a non-empty string
  ✓  Item 4 (AAPL.BA) 'issuer' is a non-empty string
  ✓  Item 4 (AAPL.BA) 'issueCurrency' is a valid URL
  ✓  Item 4 (AAPL.BA) 'self' link is a valid URL
  GET https://api.staging.mercap.com.ar/stocks/2d21bb48-4e8c-498d-b0a2-f30db68511ea [200 OK, 1.08kB, 85ms]
  ✓  Item 4 (AAPL.BA) self link returns status 200
  ┌
  │ '\n▶ Testing Item 5 (ABBV.BA)'
  └
  ✓  Item 5 (ABBV.BA) contains expected properties
  ✓  Item 5 (ABBV.BA) 'name' is a non-empty string
  ✓  Item 5 (ABBV.BA) 'issuer' is a non-empty string
  ✓  Item 5 (ABBV.BA) 'issueCurrency' is a valid URL
  ✓  Item 5 (ABBV.BA) 'self' link is a valid URL
  GET https://api.staging.mercap.com.ar/stocks/14dafd91-1407-4e04-a0a6-c91c04faf5fe [200 OK, 1.07kB, 79ms]
  ✓  Item 5 (ABBV.BA) self link returns status 200
  ┌
  │ '\n▶ Testing Item 6 (ABEV.BA)'
  └
  ✓  Item 6 (ABEV.BA) contains expected properties
  ✓  Item 6 (ABEV.BA) 'name' is a non-empty string
  ✓  Item 6 (ABEV.BA) 'issuer' is a non-empty string
  ✓  Item 6 (ABEV.BA) 'issueCurrency' is a valid URL
  ✓  Item 6 (ABEV.BA) 'self' link is a valid URL
  GET https://api.staging.mercap.com.ar/stocks/41590ed6-55a6-4c2f-a318-7d21c131216e [200 OK, 1.06kB, 114ms]
  ✓  Item 6 (ABEV.BA) self link returns status 200
  ┌
  │ '\n▶ Testing Item 7 (ABNB.BA)'
  └
  ✓  Item 7 (ABNB.BA) contains expected properties
  ✓  Item 7 (ABNB.BA) 'name' is a non-empty string
  ✓  Item 7 (ABNB.BA) 'issuer' is a non-empty string
  ✓  Item 7 (ABNB.BA) 'issueCurrency' is a valid URL
  ✓  Item 7 (ABNB.BA) 'self' link is a valid URL
  GET https://api.staging.mercap.com.ar/stocks/e3684bf6-56f5-4c13-97e7-16a34173a060 [200 OK, 1.06kB, 74ms]
  ✓  Item 7 (ABNB.BA) self link returns status 200
  ┌
  │ '\n▶ Testing Item 8 (ABT.BA)'
  └
  ✓  Item 8 (ABT.BA) contains expected properties
  ✓  Item 8 (ABT.BA) 'name' is a non-empty string
  ✓  Item 8 (ABT.BA) 'issuer' is a non-empty string
  ✓  Item 8 (ABT.BA) 'issueCurrency' is a valid URL
  ✓  Item 8 (ABT.BA) 'self' link is a valid URL
  GET https://api.staging.mercap.com.ar/stocks/e901db1d-386b-4c80-b6ee-252367b8fe07 [200 OK, 1.07kB, 168ms]
  ✓  Item 8 (ABT.BA) self link returns status 200
  ┌
  │ '\n▶ Testing Item 9 (ACN.BA)'
  └
  ✓  Item 9 (ACN.BA) contains expected properties
  ✓  Item 9 (ACN.BA) 'name' is a non-empty string
  ✓  Item 9 (ACN.BA) 'issuer' is a non-empty string
  ✓  Item 9 (ACN.BA) 'issueCurrency' is a valid URL
  ✓  Item 9 (ACN.BA) 'self' link is a valid URL
  GET https://api.staging.mercap.com.ar/stocks/d7cc9c4a-da99-458d-b18b-08ec11ac9540 [200 OK, 1.05kB, 70ms]
  ✓  Item 9 (ACN.BA) self link returns status 200
  ┌
  │ '\n▶ Testing Item 10 (ACWI.BA)'
  └
  ✓  Item 10 (ACWI.BA) contains expected properties
  ✓  Item 10 (ACWI.BA) 'name' is a non-empty string
  ✓  Item 10 (ACWI.BA) 'issuer' is a non-empty string
  ✓  Item 10 (ACWI.BA) 'issueCurrency' is a valid URL
  ✓  Item 10 (ACWI.BA) 'self' link is a valid URL
  GET https://api.staging.mercap.com.ar/stocks/54692919-4306-4c23-8323-4f26f6a08af6 [200 OK, 1.08kB, 72ms]
  ✓  Item 10 (ACWI.BA) self link returns status 200
  ┌
  │ '✔ Finished testing stocks (or no stocks to test)'
  └

↳ Get stocks by UUID
  ┌
  │ '🚀 Ejecutando request para Stock UUID: https://api.st
  │ aging.mercap.com.ar/stocks/6ff2eccb-d13f-49d1-9f6e-afd
  │ a6e43ab96'
  └
  GET https://api.staging.mercap.com.ar/stocks/6ff2eccb-d13f-49d1-9f6e-afda6e43ab96 [200 OK, 1.07kB, 79ms]
  ✓  Response is received
  ✓  Status code is 200
  ✓  Media-Type is correct
  ┌
  │ 'Response has correct properties.'
  └
  ✓  Response has correct properties
  ┌
  │ 'Self link is correct:', 'https://api.staging.mercap.c
  │ om.ar/stocks/6ff2eccb-d13f-49d1-9f6e-afda6e43ab96'
  └
  ✓  Self link is correct
  ┌
  │ "smallestDenomination base is '1'."
  └
  ✓  smallestDenomination base is '1'
  ┌
  │ "smallestDenomination increment is '1'."
  └
  ✓  smallestDenomination increment is '1'

❏ Pepper-GS32 / Regression-Test / Tradable Securities
↳ Get tradable securities using only mandatory filters
  ┌
  │ '▶ [undefined] Ejecutando con ticker: AL30'
  │ '📅 VALUATION_DATE seteado a: 2026-09-16'
  └
  GET https://api.staging.mercap.com.ar/tradable-securities?tradeDate=2026-09-16 [200 OK, 13.14kB, 113ms]
  ✓  Response is received
  ✓  Status code is 200
  ✓  Media-Type is correct
  ✓  Items array is present and not empty
  ✓  Each item has correct properties
  ✓  No duplicate tickers in items
  ✓  Links are unique for each tradable security
  ✓  TradingEvery has value 100 or 1000 for each item
  ✓  Security.type has value Bond for each item
  ✓  Self link is present and has correct structure

↳ Get tradable securities using optional filters - only query
  ┌
  │ '▶ [undefined] Ejecutando con ticker: AL30'
  │ '📅 VALUATION_DATE seteado a: 2026-09-16'
  └
  GET https://api.staging.mercap.com.ar/tradable-securities?tradeDate=2026-09-16&query=AL30 [200 OK, 2.64kB, 89ms]
  ✓  Response is received
  ✓  Status code is 200
  ✓  Media-Type is correct
  ✓  Items array is present and not empty
  ✓  Each item has correct properties
  ✓  No duplicate tickers in items
  ✓  Links are unique for each tradable security
  ✓  TradingEvery has value 100 or 1000 for each item
  ✓  Security.type has value Bond for each item
  ┌
  │ '✔ TS_SELF: https://api.staging.mercap.com.ar/tradable
  │ -securities/6cfdf5ed-d8da-411a-8e86-b1bbeef54f45'
  │ '✔ TS_METRICS: https://api.staging.mercap.com.ar/trada
  │ ble-securities/6cfdf5ed-d8da-411a-8e86-b1bbeef54f45/me
  │ trics'
  └

↳ Get tradable securities using optional filters - only type
  ┌
  │ '▶ [undefined] Ejecutando con ticker: AL30'
  │ '📅 VALUATION_DATE seteado a: 2026-09-16'
  └
  GET https://api.staging.mercap.com.ar/tradable-securities?tradeDate=2026-09-16&type=Bond [200 OK, 13.19kB, 76ms]
  ✓  Response is received
  ✓  Status code is 200
  ✓  Media-Type is correct
  ✓  Items array is present and not empty
  ✓  Each item has correct properties
  ✓  No duplicate tickers in items
  ✓  Links are unique for each tradable security
  ✓  TradingEvery has value 100 or 1000 for each item
  ✓  Security.type has value Bond for each item
  ✓  Self link is present and has correct structure

↳ Get tradable securities using optional filters - only market
  ┌
  │ '▶ [undefined] Ejecutando con ticker: AL30'
  │ '📅 VALUATION_DATE seteado a: 2026-09-16'
  │ '🌍 Ubicación: Argentina | 📈 Market asignado: BYMA'
  └
  GET https://api.staging.mercap.com.ar/tradable-securities?tradeDate=2026-09-16&market=BYMA [200 OK, 13.11kB, 74ms]
  ✓  Response is received
  ✓  Status code is 200
  ✓  Media-Type is correct
  ✓  Items array is present and not empty
  ✓  Each item has correct properties
  ✓  No duplicate tickers in items
  ✓  Links are unique for each tradable security
  ✓  TradingEvery has value 100 or 1000 for each item
  ✓  Security.type has value Bond for each item
  ✓  Self link is present and has correct structure

↳ Get tradable security by UUID
  ┌
  │ '▶ [undefined] Ejecutando con ticker: AL30'
  └
  GET https://api.staging.mercap.com.ar/tradable-securities/6cfdf5ed-d8da-411a-8e86-b1bbeef54f45 [200 OK, 1.35kB, 127ms]
  ┌
  │ 'Response received successfully.'
  └
  ✓  Response is received
  ┌
  │ 'Status code is 200.'
  └
  ✓  Status code is 200
  ┌
  │ 'Content-Type header is correct.'
  └
  ✓  Media-Type is correct
  ┌
  │ 'Each item has the correct properties (Validated as si
  │ ngle object)'
  └
  ✓  Each item has correct properties
  ┌
  │ 'Type is Bond.'
  └
  ✓  Type is Bond
  ┌
  │ 'tradingEvery validated correctly.'
  └
  ✓  TradingEvery has value 100 or 1000 for each item
  ✓  Ticker on response is the expected

↳ Get tradable security metrics
  ┌
  │ '▶ [undefined] Ejecutando con ticker: AL30'
  └
  GET https://api.staging.mercap.com.ar/tradable-securities/6cfdf5ed-d8da-411a-8e86-b1bbeef54f45/metrics [200 OK, 2.42kB, 181ms]
  ✓  Response is received
  ✓  Status code is 200
  ✓  Media-Type is correct
  ✓  Response contains expected properties
  ✓  Numeric values are valid
  ✓  All dates are valid (YYYY-MM-DD)
  ✓  Last quote contains expected properties
  ✓  Last intraday quote contains expected properties
  ┌
  │ 'Verified every.amount is 100 for Argentina'
  └
  ✓  Every.amount logic is correct based on location
  ✓  Links are valid URLs
  ✓  Cost and ResidualAmount are valid objects
  ✓  Coupon yearly rate is valid
  ✓  Links match environment variables

↳ Get tradable securities using optional filters - ticker & tradeDate
  ┌
  │ '▶ [undefined] Ejecutando con ticker: AL30'
  └
  GET https://api.staging.mercap.com.ar/bonds?shortName=AL30 [200 OK, 5.84kB, 631ms]
  GET https://api.staging.mercap.com.ar/tradable-securities?security=https://api.staging.mercap.com.ar/bonds/ecfe885d-8163-4222-acb1-f7020cf05a4a&tradeDate=2026-09-16 [200 OK, 1.95kB, 2.9s]
  ✓  items es un array no vacío
  ✓  ticker es string no vacío
  ✓  quoteInformation existe y no esta vacio
  ✓  quotedType es valor permitido 
  ✓  quotedAmount es número positivo
  ✓  quoted es string no vacío
  ✓  currency es valor permitido (ARS, USD, BRL)
  ✓  settlementLocation es valor permitido (Local, Extranjero)
  ✓  links existe y es objeto
  ✓  links.self es URL válida con UUID
  ✓  links.metrics es URL válida terminada en /metrics
  ✓  links.self y links.metrics comparten el mismo UUID
  ✓  ticker es string no vacío
  ✓  quoteInformation existe y no esta vacio
  ✓  quotedType es valor permitido 
  ✓  quotedAmount es número positivo
  ✓  quoted es string no vacío
  ✓  currency es valor permitido (ARS, USD, BRL)
  ✓  settlementLocation es valor permitido (Local, Extranjero)
  ✓  links existe y es objeto
  ✓  links.self es URL válida con UUID
  ✓  links.metrics es URL válida terminada en /metrics
  ✓  links.self y links.metrics comparten el mismo UUID
  ✓  ticker es string no vacío
  ✓  quoteInformation existe y no esta vacio
  ✓  quotedType es valor permitido 
  ✓  quotedAmount es número positivo
  ✓  quoted es string no vacío
  ✓  currency es valor permitido (ARS, USD, BRL)
  ✓  settlementLocation es valor permitido (Local, Extranjero)
  ✓  links existe y es objeto
  ✓  links.self es URL válida con UUID
  ✓  links.metrics es URL válida terminada en /metrics
  ✓  links.self y links.metrics comparten el mismo UUID

❏ Pepper-GS32 / Regression-Test / Valuation Schemes
↳ Get all valuation schemes
  GET https://api.staging.mercap.com.ar/valuation-schemes [200 OK, 5.25kB, 180ms]
  ✓  Response is received
  ✓  Status code is 200
  ✓  Media-Type is correct
  ✓  Items array is present and not empty
  ✓  No duplicate names in items
  ✓  Links are unique for each item
  ✓  Self link matches expected URL
  ┌
  │ '✔ VALUATION_SCHEMES_UUID seteado: https://api.staging
  │ .mercap.com.ar/valuation-schemes/3082e254-40ce-4d06-b2
  │ df-58b5f14f97ef'
  │ '\n' +
  │   '▶ Testing Item 1 (Esquema Mercado Default Nuevo)'
  └
  ✓  Item 1 (Esquema Mercado Default Nuevo) contains expected properties
  ✓  Item 1 (Esquema Mercado Default Nuevo) 'name' is a non-empty string
  ✓  Item 1 (Esquema Mercado Default Nuevo) 'self' link is a valid URL
  GET https://api.staging.mercap.com.ar/valuation-schemes/3082e254-40ce-4d06-b2df-58b5f14f97ef [200 OK, 899B, 84ms]
  ✓  Item 1 (Esquema Mercado Default Nuevo) self link returns status 200
  ┌
  │ '\n▶ Testing Item 2 (Valuacion BYMA ARS)'
  └
  ✓  Item 2 (Valuacion BYMA ARS) contains expected properties
  ✓  Item 2 (Valuacion BYMA ARS) 'name' is a non-empty string
  ✓  Item 2 (Valuacion BYMA ARS) 'self' link is a valid URL
  GET https://api.staging.mercap.com.ar/valuation-schemes/f1552208-5cb2-40aa-9ebf-489a11678bf7 [200 OK, 896B, 59ms]
  ✓  Item 2 (Valuacion BYMA ARS) self link returns status 200
  ┌
  │ '\n' +
  │   '▶ Testing Item 3 (Valuacion BYMA USD Bolsa)'
  └
  ✓  Item 3 (Valuacion BYMA USD Bolsa) contains expected properties
  ✓  Item 3 (Valuacion BYMA USD Bolsa) 'name' is a non-empty string
  ✓  Item 3 (Valuacion BYMA USD Bolsa) 'self' link is a valid URL
  GET https://api.staging.mercap.com.ar/valuation-schemes/f9eec1df-b8de-4454-bae4-8a1ebf54bb11 [200 OK, 898B, 64ms]
  ✓  Item 3 (Valuacion BYMA USD Bolsa) self link returns status 200
  ┌
  │ '\n' +
  │   '▶ Testing Item 4 (Valuacion BYMA USD Cable)'
  └
  ✓  Item 4 (Valuacion BYMA USD Cable) contains expected properties
  ✓  Item 4 (Valuacion BYMA USD Cable) 'name' is a non-empty string
  ✓  Item 4 (Valuacion BYMA USD Cable) 'self' link is a valid URL
  GET https://api.staging.mercap.com.ar/valuation-schemes/5072d341-e66f-439b-b759-9140f80ccd8c [200 OK, 906B, 80ms]
  ✓  Item 4 (Valuacion BYMA USD Cable) self link returns status 200
  ┌
  │ '\n▶ Testing Item 5 (Valuación ISIN - CLP)'
  └
  ✓  Item 5 (Valuación ISIN - CLP) contains expected properties
  ✓  Item 5 (Valuación ISIN - CLP) 'name' is a non-empty string
  ✓  Item 5 (Valuación ISIN - CLP) 'self' link is a valid URL
  GET https://api.staging.mercap.com.ar/valuation-schemes/8baf19d7-b1be-4fbd-aef8-bc857f604e46 [200 OK, 893B, 66ms]
  ✓  Item 5 (Valuación ISIN - CLP) self link returns status 200
  ┌
  │ '\n▶ Testing Item 6 (Valuación ISIN - EUR)'
  └
  ✓  Item 6 (Valuación ISIN - EUR) contains expected properties
  ✓  Item 6 (Valuación ISIN - EUR) 'name' is a non-empty string
  ✓  Item 6 (Valuación ISIN - EUR) 'self' link is a valid URL
  GET https://api.staging.mercap.com.ar/valuation-schemes/b79d71ac-1319-42b9-a6a9-b58456e41699 [200 OK, 903B, 74ms]
  ✓  Item 6 (Valuación ISIN - EUR) self link returns status 200
  ┌
  │ '\n▶ Testing Item 7 (Valuación ISIN - GBP)'
  └
  ✓  Item 7 (Valuación ISIN - GBP) contains expected properties
  ✓  Item 7 (Valuación ISIN - GBP) 'name' is a non-empty string
  ✓  Item 7 (Valuación ISIN - GBP) 'self' link is a valid URL
  GET https://api.staging.mercap.com.ar/valuation-schemes/e56546cd-f85f-4ae4-9ddd-c37c08cf9c33 [200 OK, 903B, 64ms]
  ✓  Item 7 (Valuación ISIN - GBP) self link returns status 200
  ┌
  │ '\n▶ Testing Item 8 (Valuación ISIN - PYG)'
  └
  ✓  Item 8 (Valuación ISIN - PYG) contains expected properties
  ✓  Item 8 (Valuación ISIN - PYG) 'name' is a non-empty string
  ✓  Item 8 (Valuación ISIN - PYG) 'self' link is a valid URL
  GET https://api.staging.mercap.com.ar/valuation-schemes/989d7d2e-0e19-4147-8079-eb58f0992789 [200 OK, 901B, 69ms]
  ✓  Item 8 (Valuación ISIN - PYG) self link returns status 200
  ┌
  │ '\n▶ Testing Item 9 (Valuacion ISIN - USD)'
  └
  ✓  Item 9 (Valuacion ISIN - USD) contains expected properties
  ✓  Item 9 (Valuacion ISIN - USD) 'name' is a non-empty string
  ✓  Item 9 (Valuacion ISIN - USD) 'self' link is a valid URL
  GET https://api.staging.mercap.com.ar/valuation-schemes/d88805b9-4869-4672-a367-52d5a3e92dba [200 OK, 906B, 93ms]
  ✓  Item 9 (Valuacion ISIN - USD) self link returns status 200
  ┌
  │ '\n' +
  │   '▶ Testing Item 10 (Valuacion BYMA ARS + Instrumento
  │ s No Liquidos - USD MEP)'
  └
  ✓  Item 10 (Valuacion BYMA ARS + Instrumentos No Liquidos - USD MEP) contains expected properties
  ✓  Item 10 (Valuacion BYMA ARS + Instrumentos No Liquidos - USD MEP) 'name' is a non-empty string
  ✓  Item 10 (Valuacion BYMA ARS + Instrumentos No Liquidos - USD MEP) 'self' link is a valid URL
  GET https://api.staging.mercap.com.ar/valuation-schemes/0c023c86-2bba-4784-906e-ba295da322c0 [200 OK, 933B, 75ms]
  ✓  Item 10 (Valuacion BYMA ARS + Instrumentos No Liquidos - USD MEP) self link returns status 200
  ┌
  │ '\n' +
  │   '▶ Testing Item 11 (Valucion Tecnica Instrumentos No
  │  Liquidos)'
  └
  ✓  Item 11 (Valucion Tecnica Instrumentos No Liquidos) contains expected properties
  ✓  Item 11 (Valucion Tecnica Instrumentos No Liquidos) 'name' is a non-empty string
  ✓  Item 11 (Valucion Tecnica Instrumentos No Liquidos) 'self' link is a valid URL
  GET https://api.staging.mercap.com.ar/valuation-schemes/5e97d0ac-ff92-41b4-adc9-607e24798066 [200 OK, 911B, 74ms]
  ✓  Item 11 (Valucion Tecnica Instrumentos No Liquidos) self link returns status 200
  ┌
  │ '\n' +
  │   '▶ Testing Item 12 (Valuacion BYMA ARS + Instrumento
  │ s No Liquidos - USD Oficial)'
  └
  ✓  Item 12 (Valuacion BYMA ARS + Instrumentos No Liquidos - USD Oficial) contains expected properties
  ✓  Item 12 (Valuacion BYMA ARS + Instrumentos No Liquidos - USD Oficial) 'name' is a non-empty string
  ✓  Item 12 (Valuacion BYMA ARS + Instrumentos No Liquidos - USD Oficial) 'self' link is a valid URL
  GET https://api.staging.mercap.com.ar/valuation-schemes/5792abb7-7d88-4533-afeb-de2137b6e553 [200 OK, 939B, 68ms]
  ✓  Item 12 (Valuacion BYMA ARS + Instrumentos No Liquidos - USD Oficial) self link returns status 200
  ┌
  │ '\n▶ Testing Item 13 (Brasil)'
  └
  ✓  Item 13 (Brasil) contains expected properties
  ✓  Item 13 (Brasil) 'name' is a non-empty string
  ✓  Item 13 (Brasil) 'self' link is a valid URL
  GET https://api.staging.mercap.com.ar/valuation-schemes/defd88c7-32a9-4765-a945-41c0e7d74fd8 [200 OK, 884B, 81ms]
  ✓  Item 13 (Brasil) self link returns status 200
  ┌
  │ '\n' +
  │   '▶ Testing Item 14 (Valuacion BYMA ARS + Instrumento
  │ s No Liquidos - USD CCL)'
  └
  ✓  Item 14 (Valuacion BYMA ARS + Instrumentos No Liquidos - USD CCL) contains expected properties
  ✓  Item 14 (Valuacion BYMA ARS + Instrumentos No Liquidos - USD CCL) 'name' is a non-empty string
  ✓  Item 14 (Valuacion BYMA ARS + Instrumentos No Liquidos - USD CCL) 'self' link is a valid URL
  GET https://api.staging.mercap.com.ar/valuation-schemes/d6358214-68de-479c-bddb-edb7cf5a0bec [200 OK, 931B, 78ms]
  ✓  Item 14 (Valuacion BYMA ARS + Instrumentos No Liquidos - USD CCL) self link returns status 200
  ┌
  │ '\n' +
  │   '▶ Testing Item 15 (Valuacion Tecnica Bonos CER)'
  └
  ✓  Item 15 (Valuacion Tecnica Bonos CER) contains expected properties
  ✓  Item 15 (Valuacion Tecnica Bonos CER) 'name' is a non-empty string
  ✓  Item 15 (Valuacion Tecnica Bonos CER) 'self' link is a valid URL
  GET https://api.staging.mercap.com.ar/valuation-schemes/9093cb69-0fef-4e29-a53e-a597aef4f115 [200 OK, 909B, 176ms]
  ✓  Item 15 (Valuacion Tecnica Bonos CER) self link returns status 200
  ┌
  │ '\n' +
  │   '▶ Testing Item 16 ((AV) Valuacion BYMA ARS + Instru
  │ mentos No Liquidos VT - USD MEP)'
  └
  ✓  Item 16 ((AV) Valuacion BYMA ARS + Instrumentos No Liquidos VT - USD MEP) contains expected properties
  ✓  Item 16 ((AV) Valuacion BYMA ARS + Instrumentos No Liquidos VT - USD MEP) 'name' is a non-empty string
  ✓  Item 16 ((AV) Valuacion BYMA ARS + Instrumentos No Liquidos VT - USD MEP) 'self' link is a valid URL
  GET https://api.staging.mercap.com.ar/valuation-schemes/66b74cee-6431-4f80-a282-f536276d9516 [200 OK, 935B, 101ms]
  ✓  Item 16 ((AV) Valuacion BYMA ARS + Instrumentos No Liquidos VT - USD MEP) self link returns status 200
  ┌
  │ '\n' +
  │   '▶ Testing Item 17 ((AV) Valuacion BYMA ARS + Instru
  │ mentos No Liquidos VT - USD CCL)'
  └
  ✓  Item 17 ((AV) Valuacion BYMA ARS + Instrumentos No Liquidos VT - USD CCL) contains expected properties
  ✓  Item 17 ((AV) Valuacion BYMA ARS + Instrumentos No Liquidos VT - USD CCL) 'name' is a non-empty string
  ✓  Item 17 ((AV) Valuacion BYMA ARS + Instrumentos No Liquidos VT - USD CCL) 'self' link is a valid URL
  GET https://api.staging.mercap.com.ar/valuation-schemes/434fb1df-45ec-483b-b786-058f0cb829e3 [200 OK, 935B, 64ms]
  ✓  Item 17 ((AV) Valuacion BYMA ARS + Instrumentos No Liquidos VT - USD CCL) self link returns status 200
  ┌
  │ '\n' +
  │   '▶ Testing Item 18 ((AV) Valuacion BYMA ARS + Instru
  │ mentos No Liquidos VT - USD Oficial)'
  └
  ✓  Item 18 ((AV) Valuacion BYMA ARS + Instrumentos No Liquidos VT - USD Oficial) contains expected properties
  ✓  Item 18 ((AV) Valuacion BYMA ARS + Instrumentos No Liquidos VT - USD Oficial) 'name' is a non-empty string
  ✓  Item 18 ((AV) Valuacion BYMA ARS + Instrumentos No Liquidos VT - USD Oficial) 'self' link is a valid URL
  GET https://api.staging.mercap.com.ar/valuation-schemes/bfa1c297-5f18-404c-873c-eb6a952994a4 [200 OK, 939B, 63ms]
  ✓  Item 18 ((AV) Valuacion BYMA ARS + Instrumentos No Liquidos VT - USD Oficial) self link returns status 200
  ┌
  │ '\n' +
  │   '▶ Testing Item 19 (Valuacion BYMA USD + Instrumento
  │ s No Liquidos - USD MEP)'
  └
  ✓  Item 19 (Valuacion BYMA USD + Instrumentos No Liquidos - USD MEP) contains expected properties
  ✓  Item 19 (Valuacion BYMA USD + Instrumentos No Liquidos - USD MEP) 'name' is a non-empty string
  ✓  Item 19 (Valuacion BYMA USD + Instrumentos No Liquidos - USD MEP) 'self' link is a valid URL
  GET https://api.staging.mercap.com.ar/valuation-schemes/5c659860-3ecf-4574-9c64-cf6e08ede086 [200 OK, 937B, 71ms]
  ✓  Item 19 (Valuacion BYMA USD + Instrumentos No Liquidos - USD MEP) self link returns status 200
  ┌
  │ '\n' +
  │   '▶ Testing Item 20 (Valuacion BYMA USD + Instrumento
  │ s No Liquidos - USD Oficial)'
  └
  ✓  Item 20 (Valuacion BYMA USD + Instrumentos No Liquidos - USD Oficial) contains expected properties
  ✓  Item 20 (Valuacion BYMA USD + Instrumentos No Liquidos - USD Oficial) 'name' is a non-empty string
  ✓  Item 20 (Valuacion BYMA USD + Instrumentos No Liquidos - USD Oficial) 'self' link is a valid URL
  GET https://api.staging.mercap.com.ar/valuation-schemes/c45389ee-a34c-4c7b-a427-ef0d9d184297 [200 OK, 931B, 51ms]
  ✓  Item 20 (Valuacion BYMA USD + Instrumentos No Liquidos - USD Oficial) self link returns status 200
  ┌
  │ '\n' +
  │   '▶ Testing Item 21 (Valuacion BYMA USD + Instrumento
  │ s No Liquidos - USD CCL)'
  └
  ✓  Item 21 (Valuacion BYMA USD + Instrumentos No Liquidos - USD CCL) contains expected properties
  ✓  Item 21 (Valuacion BYMA USD + Instrumentos No Liquidos - USD CCL) 'name' is a non-empty string
  ✓  Item 21 (Valuacion BYMA USD + Instrumentos No Liquidos - USD CCL) 'self' link is a valid URL
  GET https://api.staging.mercap.com.ar/valuation-schemes/73f92601-22f0-4ced-bac1-dc149c5db36e [200 OK, 927B, 60ms]
  ✓  Item 21 (Valuacion BYMA USD + Instrumentos No Liquidos - USD CCL) self link returns status 200
  ┌
  │ '\n' +
  │   '▶ Testing Item 22 (Valuacion Tenica Bonos)'
  └
  ✓  Item 22 (Valuacion Tenica Bonos) contains expected properties
  ✓  Item 22 (Valuacion Tenica Bonos) 'name' is a non-empty string
  ✓  Item 22 (Valuacion Tenica Bonos) 'self' link is a valid URL
  GET https://api.staging.mercap.com.ar/valuation-schemes/161e4468-60b8-4f75-aae7-c9f4637a6258 [200 OK, 912B, 67ms]
  ✓  Item 22 (Valuacion Tenica Bonos) self link returns status 200
  ┌
  │ '\n▶ Testing Item 23 (Valuacion CBONDS)'
  └
  ✓  Item 23 (Valuacion CBONDS) contains expected properties
  ✓  Item 23 (Valuacion CBONDS) 'name' is a non-empty string
  ✓  Item 23 (Valuacion CBONDS) 'self' link is a valid URL
  GET https://api.staging.mercap.com.ar/valuation-schemes/cd9c07ec-a9ec-4469-a0b9-efd63f8c771c [200 OK, 892B, 78ms]
  ✓  Item 23 (Valuacion CBONDS) self link returns status 200
  ┌
  │ '\n' +
  │   '▶ Testing Item 24 ((LH) Valuacion BYMA ARS - USD BN
  │ A Compra)'
  └
  ✓  Item 24 ((LH) Valuacion BYMA ARS - USD BNA Compra) contains expected properties
  ✓  Item 24 ((LH) Valuacion BYMA ARS - USD BNA Compra) 'name' is a non-empty string
  ✓  Item 24 ((LH) Valuacion BYMA ARS - USD BNA Compra) 'self' link is a valid URL
  GET https://api.staging.mercap.com.ar/valuation-schemes/f4c7aca1-f8f3-4dfc-8189-f54414e038e2 [200 OK, 916B, 60ms]
  ✓  Item 24 ((LH) Valuacion BYMA ARS - USD BNA Compra) self link returns status 200
  ┌
  │ '\n' +
  │   '▶ Testing Item 25 ((LH) Valuacion BYMA ARS - USD ME
  │ P)'
  └
  ✓  Item 25 ((LH) Valuacion BYMA ARS - USD MEP) contains expected properties
  ✓  Item 25 ((LH) Valuacion BYMA ARS - USD MEP) 'name' is a non-empty string
  ✓  Item 25 ((LH) Valuacion BYMA ARS - USD MEP) 'self' link is a valid URL
  GET https://api.staging.mercap.com.ar/valuation-schemes/915dfd79-e2a9-44f1-a33f-b4b6a4276d20 [200 OK, 913B, 67ms]
  ✓  Item 25 ((LH) Valuacion BYMA ARS - USD MEP) self link returns status 200
  ┌
  │ '\n' +
  │   '▶ Testing Item 26 (Valuacion BYMA ARS + Instrumento
  │ s No Liquidos - USD BNA)'
  └
  ✓  Item 26 (Valuacion BYMA ARS + Instrumentos No Liquidos - USD BNA) contains expected properties
  ✓  Item 26 (Valuacion BYMA ARS + Instrumentos No Liquidos - USD BNA) 'name' is a non-empty string
  ✓  Item 26 (Valuacion BYMA ARS + Instrumentos No Liquidos - USD BNA) 'self' link is a valid URL
  GET https://api.staging.mercap.com.ar/valuation-schemes/54ab04bb-99f2-4cb6-b2b1-7926a9403be7 [200 OK, 929B, 93ms]
  ✓  Item 26 (Valuacion BYMA ARS + Instrumentos No Liquidos - USD BNA) self link returns status 200
  ┌
  │ '\n' +
  │   '▶ Testing Item 27 ((OL) Valuacion BYMA  ARS - USD B
  │ NA Venta)'
  └
  ✓  Item 27 ((OL) Valuacion BYMA  ARS - USD BNA Venta) contains expected properties
  ✓  Item 27 ((OL) Valuacion BYMA  ARS - USD BNA Venta) 'name' is a non-empty string
  ✓  Item 27 ((OL) Valuacion BYMA  ARS - USD BNA Venta) 'self' link is a valid URL
  GET https://api.staging.mercap.com.ar/valuation-schemes/add50e16-acf7-4e05-b6da-878bb2a2213e [200 OK, 916B, 65ms]
  ✓  Item 27 ((OL) Valuacion BYMA  ARS - USD BNA Venta) self link returns status 200
  ┌
  │ '\n' +
  │   '▶ Testing Item 28 ((OL) Valuacion BYMA USD - USD BN
  │ A Venta)'
  └
  ✓  Item 28 ((OL) Valuacion BYMA USD - USD BNA Venta) contains expected properties
  ✓  Item 28 ((OL) Valuacion BYMA USD - USD BNA Venta) 'name' is a non-empty string
  ✓  Item 28 ((OL) Valuacion BYMA USD - USD BNA Venta) 'self' link is a valid URL
  GET https://api.staging.mercap.com.ar/valuation-schemes/be635bcc-8f01-49df-971c-45b50fe8089c [200 OK, 909B, 62ms]
  ✓  Item 28 ((OL) Valuacion BYMA USD - USD BNA Venta) self link returns status 200
  ┌
  │ '✔ Finished testing valuation schemes'
  └

↳ Get valuation schemes by UUID
  GET https://api.staging.mercap.com.ar/valuation-schemes/3082e254-40ce-4d06-b2df-58b5f14f97ef [200 OK, 901B, 150ms]
  ✓  Response is received
  ✓  Status code is 200
  ✓  Media-Type is correct
  ┌
  │ 'Response has correct properties.'
  └
  ✓  Response has correct properties
  ┌
  │ 'Self link is correct:', 'https://api.staging.mercap.c
  │ om.ar/valuation-schemes/3082e254-40ce-4d06-b2df-58b5f1
  │ 4f97ef'
  └
  ✓  Self link is correct

❏ Pepper-GS32 / Regression-Test / Yield Curves
↳ Get all yield curves - validate each self link
  GET https://api.staging.mercap.com.ar/yield-curves [200 OK, 20.92kB, 178ms]
  ✓  Response is received
  ✓  Status code is 200
  ✓  Response contains 'items' array with at least one element
  ✓  No fields are null
  ┌
  │ '🔎 Testing Item 1 (Argentina - BCRA - BOPREALs - USD)
  │ '
  └
  ✓  Item 1 (Argentina - BCRA - BOPREALs - USD) contains expected properties
  ✓  Item 1 (Argentina - BCRA - BOPREALs - USD) 'name' is a non-empty string
  ✓  Item 1 (Argentina - BCRA - BOPREALs - USD) links contain valid URLs
  GET https://api.staging.mercap.com.ar/yield-curves/c7955d2f-7731-43c4-80ec-fd70662ec57f [200 OK, 1.25kB, 186ms]
  ✓  Item 1 (Argentina - BCRA - BOPREALs - USD) self link returns 200
  ┌
  │ '🔎 Testing Item 2 (Argentina - Corporativos - Aliment
  │ os - USD\t)'
  └
  ✓  Item 2 (Argentina - Corporativos - Alimentos - USD	) contains expected properties
  ✓  Item 2 (Argentina - Corporativos - Alimentos - USD	) 'name' is a non-empty string
  ✓  Item 2 (Argentina - Corporativos - Alimentos - USD	) links contain valid URLs
  GET https://api.staging.mercap.com.ar/yield-curves/fefe3e07-ef73-491d-836e-6295a611487e [200 OK, 1.26kB, 215ms]
  ✓  Item 2 (Argentina - Corporativos - Alimentos - USD	) self link returns 200
  ┌
  │ '🔎 Testing Item 3 (Argentina - Corporativos - Bancos 
  │ Comerciales - Tasa TAMAR\t)'
  └
  ✓  Item 3 (Argentina - Corporativos - Bancos Comerciales - Tasa TAMAR	) contains expected properties
  ✓  Item 3 (Argentina - Corporativos - Bancos Comerciales - Tasa TAMAR	) 'name' is a non-empty string
  ✓  Item 3 (Argentina - Corporativos - Bancos Comerciales - Tasa TAMAR	) links contain valid URLs
  GET https://api.staging.mercap.com.ar/yield-curves/b14671bb-771e-43be-a110-e22fa5f1181b [200 OK, 1.26kB, 171ms]
  ✓  Item 3 (Argentina - Corporativos - Bancos Comerciales - Tasa TAMAR	) self link returns 200
  ┌
  │ '🔎 Testing Item 4 (Argentina - Corporativos - Bancos 
  │ Comerciales - USD\t)'
  └
  ✓  Item 4 (Argentina - Corporativos - Bancos Comerciales - USD	) contains expected properties
  ✓  Item 4 (Argentina - Corporativos - Bancos Comerciales - USD	) 'name' is a non-empty string
  ✓  Item 4 (Argentina - Corporativos - Bancos Comerciales - USD	) links contain valid URLs
  GET https://api.staging.mercap.com.ar/yield-curves/3eb6de95-31e7-4e1f-9f72-e59a49e7a246 [200 OK, 1.26kB, 158ms]
  ✓  Item 4 (Argentina - Corporativos - Bancos Comerciales - USD	) self link returns 200
  ┌
  │ '🔎 Testing Item 5 (Argentina - Corporativos - Desarro
  │ llo y Admin. de Bienes Inmobiliarios - USD\t)'
  └
  ✓  Item 5 (Argentina - Corporativos - Desarrollo y Admin. de Bienes Inmobiliarios - USD	) contains expected properties
  ✓  Item 5 (Argentina - Corporativos - Desarrollo y Admin. de Bienes Inmobiliarios - USD	) 'name' is a non-empty string
  ✓  Item 5 (Argentina - Corporativos - Desarrollo y Admin. de Bienes Inmobiliarios - USD	) links contain valid URLs
  GET https://api.staging.mercap.com.ar/yield-curves/9c5949e1-fc58-4755-bbd1-149b880df9f3 [200 OK, 1.29kB, 144ms]
  ✓  Item 5 (Argentina - Corporativos - Desarrollo y Admin. de Bienes Inmobiliarios - USD	) self link returns 200
  ┌
  │ '🔎 Testing Item 6 (Argentina - Corporativos - Metales
  │  y Mineria - USD\t)'
  └
  ✓  Item 6 (Argentina - Corporativos - Metales y Mineria - USD	) contains expected properties
  ✓  Item 6 (Argentina - Corporativos - Metales y Mineria - USD	) 'name' is a non-empty string
  ✓  Item 6 (Argentina - Corporativos - Metales y Mineria - USD	) links contain valid URLs
  GET https://api.staging.mercap.com.ar/yield-curves/9a0416e2-c4b3-4010-9480-41100aa00612 [200 OK, 1.26kB, 202ms]
  ✓  Item 6 (Argentina - Corporativos - Metales y Mineria - USD	) self link returns 200
  ┌
  │ '🔎 Testing Item 7 (Argentina - Corporativos - ONs Dol
  │ lar Linked cero cupon - ARS)'
  └
  ✓  Item 7 (Argentina - Corporativos - ONs Dollar Linked cero cupon - ARS) contains expected properties
  ✓  Item 7 (Argentina - Corporativos - ONs Dollar Linked cero cupon - ARS) 'name' is a non-empty string
  ✓  Item 7 (Argentina - Corporativos - ONs Dollar Linked cero cupon - ARS) links contain valid URLs
  GET https://api.staging.mercap.com.ar/yield-curves/067f21ab-6ee5-480a-8983-eae81a9905f9 [200 OK, 1.27kB, 194ms]
  ✓  Item 7 (Argentina - Corporativos - ONs Dollar Linked cero cupon - ARS) self link returns 200
  ┌
  │ '🔎 Testing Item 8 (Argentina - Corporativos - ONs Dol
  │ lar Linked con cupones - ARS)'
  └
  ✓  Item 8 (Argentina - Corporativos - ONs Dollar Linked con cupones - ARS) contains expected properties
  ✓  Item 8 (Argentina - Corporativos - ONs Dollar Linked con cupones - ARS) 'name' is a non-empty string
  ✓  Item 8 (Argentina - Corporativos - ONs Dollar Linked con cupones - ARS) links contain valid URLs
  GET https://api.staging.mercap.com.ar/yield-curves/827b8d5e-06ae-43cb-ad7e-bfda0f85c1ba [200 OK, 1.27kB, 256ms]
  ✓  Item 8 (Argentina - Corporativos - ONs Dollar Linked con cupones - ARS) self link returns 200
  ┌
  │ '🔎 Testing Item 9 (Argentina - Corporativos - ONs en 
  │ UVA - ARS)'
  └
  ✓  Item 9 (Argentina - Corporativos - ONs en UVA - ARS) contains expected properties
  ✓  Item 9 (Argentina - Corporativos - ONs en UVA - ARS) 'name' is a non-empty string
  ✓  Item 9 (Argentina - Corporativos - ONs en UVA - ARS) links contain valid URLs
  GET https://api.staging.mercap.com.ar/yield-curves/c93100f0-4113-4e99-a8f4-26bb00a60562 [200 OK, 1.27kB, 148ms]
  ✓  Item 9 (Argentina - Corporativos - ONs en UVA - ARS) self link returns 200
  ┌
  │ '🔎 Testing Item 10 (Argentina - Corporativos - ONs Le
  │ y Argentina - USD en Argentina)'
  └
  ✓  Item 10 (Argentina - Corporativos - ONs Ley Argentina - USD en Argentina) contains expected properties
  ✓  Item 10 (Argentina - Corporativos - ONs Ley Argentina - USD en Argentina) 'name' is a non-empty string
  ✓  Item 10 (Argentina - Corporativos - ONs Ley Argentina - USD en Argentina) links contain valid URLs
  GET https://api.staging.mercap.com.ar/yield-curves/592b2907-1322-490b-88e9-b4b8f9eb3560 [200 OK, 1.28kB, 713ms]
  ✓  Item 10 (Argentina - Corporativos - ONs Ley Argentina - USD en Argentina) self link returns 200
  ┌
  │ '🔎 Testing Item 11 (Argentina - Corporativos - ONs Le
  │ y Argentina - USD en el Exterior)'
  └
  ✓  Item 11 (Argentina - Corporativos - ONs Ley Argentina - USD en el Exterior) contains expected properties
  ✓  Item 11 (Argentina - Corporativos - ONs Ley Argentina - USD en el Exterior) 'name' is a non-empty string
  ✓  Item 11 (Argentina - Corporativos - ONs Ley Argentina - USD en el Exterior) links contain valid URLs
  GET https://api.staging.mercap.com.ar/yield-curves/0817836d-c512-4b66-a048-0aa6346020f3 [200 OK, 1.27kB, 186ms]
  ✓  Item 11 (Argentina - Corporativos - ONs Ley Argentina - USD en el Exterior) self link returns 200
  ┌
  │ '🔎 Testing Item 12 (Argentina - Corporativos - ONs Le
  │ y Extranjera - USD)'
  └
  ✓  Item 12 (Argentina - Corporativos - ONs Ley Extranjera - USD) contains expected properties
  ✓  Item 12 (Argentina - Corporativos - ONs Ley Extranjera - USD) 'name' is a non-empty string
  ✓  Item 12 (Argentina - Corporativos - ONs Ley Extranjera - USD) links contain valid URLs
  GET https://api.staging.mercap.com.ar/yield-curves/45ef3a43-28cc-4878-9329-cbed2dacc258 [200 OK, 1.26kB, 324ms]
  ✓  Item 12 (Argentina - Corporativos - ONs Ley Extranjera - USD) self link returns 200
  ┌
  │ '🔎 Testing Item 13 (Argentina - Corporativos - ONs TA
  │ MAR - ARS)'
  └
  ✓  Item 13 (Argentina - Corporativos - ONs TAMAR - ARS) contains expected properties
  ✓  Item 13 (Argentina - Corporativos - ONs TAMAR - ARS) 'name' is a non-empty string
  ✓  Item 13 (Argentina - Corporativos - ONs TAMAR - ARS) links contain valid URLs
  GET https://api.staging.mercap.com.ar/yield-curves/d35422e9-f639-4ee8-8654-1d489e0af78e [200 OK, 1.26kB, 174ms]
  ✓  Item 13 (Argentina - Corporativos - ONs TAMAR - ARS) self link returns 200
  ┌
  │ '🔎 Testing Item 14 (Argentina - Corporativos - Petrol
  │ eo, Gas y Combustibles - USD\t)'
  └
  ✓  Item 14 (Argentina - Corporativos - Petroleo, Gas y Combustibles - USD	) contains expected properties
  ✓  Item 14 (Argentina - Corporativos - Petroleo, Gas y Combustibles - USD	) 'name' is a non-empty string
  ✓  Item 14 (Argentina - Corporativos - Petroleo, Gas y Combustibles - USD	) links contain valid URLs
  GET https://api.staging.mercap.com.ar/yield-curves/562ff5d6-a30e-4e18-a181-985dc783e842 [200 OK, 1.27kB, 318ms]
  ✓  Item 14 (Argentina - Corporativos - Petroleo, Gas y Combustibles - USD	) self link returns 200
  ┌
  │ '🔎 Testing Item 15 (Argentina - Corporativos - Produc
  │ tos Quimicos - USD\t)'
  └
  ✓  Item 15 (Argentina - Corporativos - Productos Quimicos - USD	) contains expected properties
  ✓  Item 15 (Argentina - Corporativos - Productos Quimicos - USD	) 'name' is a non-empty string
  ✓  Item 15 (Argentina - Corporativos - Productos Quimicos - USD	) links contain valid URLs
  GET https://api.staging.mercap.com.ar/yield-curves/a46c78e3-71d2-483b-ab4d-497c18be5378 [200 OK, 1.27kB, 156ms]
  ✓  Item 15 (Argentina - Corporativos - Productos Quimicos - USD	) self link returns 200
  ┌
  │ '🔎 Testing Item 16 (Argentina - Corporativos - Servic
  │ ios de Telecomunicaciones Diversos - USD\t)'
  └
  ✓  Item 16 (Argentina - Corporativos - Servicios de Telecomunicaciones Diversos - USD	) contains expected properties
  ✓  Item 16 (Argentina - Corporativos - Servicios de Telecomunicaciones Diversos - USD	) 'name' is a non-empty string
  ✓  Item 16 (Argentina - Corporativos - Servicios de Telecomunicaciones Diversos - USD	) links contain valid URLs
  GET https://api.staging.mercap.com.ar/yield-curves/65f4c86f-5f55-4a03-a3db-d223ec88acf1 [200 OK, 1.28kB, 205ms]
  ✓  Item 16 (Argentina - Corporativos - Servicios de Telecomunicaciones Diversos - USD	) self link returns 200
  ┌
  │ '🔎 Testing Item 17 (Argentina - Corporativos - Servic
  │ ios Financieros Personales - USD\t)'
  └
  ✓  Item 17 (Argentina - Corporativos - Servicios Financieros Personales - USD	) contains expected properties
  ✓  Item 17 (Argentina - Corporativos - Servicios Financieros Personales - USD	) 'name' is a non-empty string
  ✓  Item 17 (Argentina - Corporativos - Servicios Financieros Personales - USD	) links contain valid URLs
  GET https://api.staging.mercap.com.ar/yield-curves/89e1fa10-5fe8-4b2d-9e42-70767154759c [200 OK, 1.28kB, 204ms]
  ✓  Item 17 (Argentina - Corporativos - Servicios Financieros Personales - USD	) self link returns 200
  ┌
  │ '🔎 Testing Item 18 (Argentina - Corporativos - Sumini
  │ stro Electrico - USD\t)'
  └
  ✓  Item 18 (Argentina - Corporativos - Suministro Electrico - USD	) contains expected properties
  ✓  Item 18 (Argentina - Corporativos - Suministro Electrico - USD	) 'name' is a non-empty string
  ✓  Item 18 (Argentina - Corporativos - Suministro Electrico - USD	) links contain valid URLs
  GET https://api.staging.mercap.com.ar/yield-curves/590a70ce-0175-4679-8409-d8be1dce306d [200 OK, 1.27kB, 241ms]
  ✓  Item 18 (Argentina - Corporativos - Suministro Electrico - USD	) self link returns 200
  ┌
  │ '🔎 Testing Item 19 (Argentina - Corporativos - Transp
  │ ortes - USD\t)'
  └
  ✓  Item 19 (Argentina - Corporativos - Transportes - USD	) contains expected properties
  ✓  Item 19 (Argentina - Corporativos - Transportes - USD	) 'name' is a non-empty string
  ✓  Item 19 (Argentina - Corporativos - Transportes - USD	) links contain valid URLs
  GET https://api.staging.mercap.com.ar/yield-curves/0d88324d-d0bc-4c44-9ff9-fb406dbd880a [200 OK, 1.26kB, 241ms]
  ✓  Item 19 (Argentina - Corporativos - Transportes - USD	) self link returns 200
  ┌
  │ '🔎 Testing Item 20 (Argentina - Soberanos - Bonos del
  │  Tesoro Capitalizables BONCAP - ARS)'
  └
  ✓  Item 20 (Argentina - Soberanos - Bonos del Tesoro Capitalizables BONCAP - ARS) contains expected properties
  ✓  Item 20 (Argentina - Soberanos - Bonos del Tesoro Capitalizables BONCAP - ARS) 'name' is a non-empty string
  ✓  Item 20 (Argentina - Soberanos - Bonos del Tesoro Capitalizables BONCAP - ARS) links contain valid URLs
  GET https://api.staging.mercap.com.ar/yield-curves/7654381b-b94b-44dd-97d2-d6c846ef1046 [200 OK, 1.27kB, 206ms]
  ✓  Item 20 (Argentina - Soberanos - Bonos del Tesoro Capitalizables BONCAP - ARS) self link returns 200
  ┌
  │ '🔎 Testing Item 21 (Argentina - Soberanos - Dollar Li
  │ nked - USD)'
  └
  ✓  Item 21 (Argentina - Soberanos - Dollar Linked - USD) contains expected properties
  ✓  Item 21 (Argentina - Soberanos - Dollar Linked - USD) 'name' is a non-empty string
  ✓  Item 21 (Argentina - Soberanos - Dollar Linked - USD) links contain valid URLs
  GET https://api.staging.mercap.com.ar/yield-curves/f2488f82-4e37-4326-aec7-b7d268d58f3e [200 OK, 1.26kB, 194ms]
  ✓  Item 21 (Argentina - Soberanos - Dollar Linked - USD) self link returns 200
  ┌
  │ '🔎 Testing Item 22 (Argentina - Soberanos - Letras de
  │ l Tesoro (LECER) - ARS )'
  └
  ✓  Item 22 (Argentina - Soberanos - Letras del Tesoro (LECER) - ARS ) contains expected properties
  ✓  Item 22 (Argentina - Soberanos - Letras del Tesoro (LECER) - ARS ) 'name' is a non-empty string
  ✓  Item 22 (Argentina - Soberanos - Letras del Tesoro (LECER) - ARS ) links contain valid URLs
  GET https://api.staging.mercap.com.ar/yield-curves/583f592b-ff37-47ed-a796-698767d4114c [200 OK, 1.26kB, 192ms]
  ✓  Item 22 (Argentina - Soberanos - Letras del Tesoro (LECER) - ARS ) self link returns 200
  ┌
  │ '🔎 Testing Item 23 (Argentina - Soberanos - Letras de
  │ l Tesoro Capitalizables (LECAP) - ARS)'
  └
  ✓  Item 23 (Argentina - Soberanos - Letras del Tesoro Capitalizables (LECAP) - ARS) contains expected properties
  ✓  Item 23 (Argentina - Soberanos - Letras del Tesoro Capitalizables (LECAP) - ARS) 'name' is a non-empty string
  ✓  Item 23 (Argentina - Soberanos - Letras del Tesoro Capitalizables (LECAP) - ARS) links contain valid URLs
  GET https://api.staging.mercap.com.ar/yield-curves/dafe5d79-334c-4861-a28b-8ffeb595abad [200 OK, 1.29kB, 208ms]
  ✓  Item 23 (Argentina - Soberanos - Letras del Tesoro Capitalizables (LECAP) - ARS) self link returns 200
  ┌
  │ '🔎 Testing Item 24 (Argentina - Soberanos - Letras de
  │ l Tesoro vinculadas al u$s (LELINK) - ARS)'
  └
  ✓  Item 24 (Argentina - Soberanos - Letras del Tesoro vinculadas al u$s (LELINK) - ARS) contains expected properties
  ✓  Item 24 (Argentina - Soberanos - Letras del Tesoro vinculadas al u$s (LELINK) - ARS) 'name' is a non-empty string
  ✓  Item 24 (Argentina - Soberanos - Letras del Tesoro vinculadas al u$s (LELINK) - ARS) links contain valid URLs
  GET https://api.staging.mercap.com.ar/yield-curves/3edb7ca4-ff54-496b-bae0-4e1c367b07c6 [200 OK, 1.28kB, 198ms]
  ✓  Item 24 (Argentina - Soberanos - Letras del Tesoro vinculadas al u$s (LELINK) - ARS) self link returns 200
  ┌
  │ '🔎 Testing Item 25 (Argentina - Soberanos - Ley Argen
  │ tina - USD )'
  └
  ✓  Item 25 (Argentina - Soberanos - Ley Argentina - USD ) contains expected properties
  ✓  Item 25 (Argentina - Soberanos - Ley Argentina - USD ) 'name' is a non-empty string
  ✓  Item 25 (Argentina - Soberanos - Ley Argentina - USD ) links contain valid URLs
  GET https://api.staging.mercap.com.ar/yield-curves/1eb1c353-c294-4fee-a932-297f3b11448f [200 OK, 1.25kB, 224ms]
  ✓  Item 25 (Argentina - Soberanos - Ley Argentina - USD ) self link returns 200
  ┌
  │ '🔎 Testing Item 26 (Argentina - Soberanos - Ley Extra
  │ njera - USD)'
  └
  ✓  Item 26 (Argentina - Soberanos - Ley Extranjera - USD) contains expected properties
  ✓  Item 26 (Argentina - Soberanos - Ley Extranjera - USD) 'name' is a non-empty string
  ✓  Item 26 (Argentina - Soberanos - Ley Extranjera - USD) links contain valid URLs
  GET https://api.staging.mercap.com.ar/yield-curves/9d234b34-d635-4ace-bd37-a2a4f2e86faf [200 OK, 1.25kB, 166ms]
  ✓  Item 26 (Argentina - Soberanos - Ley Extranjera - USD) self link returns 200
  ┌
  │ '🔎 Testing Item 27 (Argentina - Soberanos - Tasa Fija
  │  + CER - ARS)'
  └
  ✓  Item 27 (Argentina - Soberanos - Tasa Fija + CER - ARS) contains expected properties
  ✓  Item 27 (Argentina - Soberanos - Tasa Fija + CER - ARS) 'name' is a non-empty string
  ✓  Item 27 (Argentina - Soberanos - Tasa Fija + CER - ARS) links contain valid URLs
  GET https://api.staging.mercap.com.ar/yield-curves/f9c0db3d-9190-4692-9c70-0d7b0eb9e9ee [200 OK, 1.26kB, 246ms]
  ✓  Item 27 (Argentina - Soberanos - Tasa Fija + CER - ARS) self link returns 200
  ┌
  │ '🔎 Testing Item 28 (Argentina - Soberanos - Tasa Fija
  │  - ARS)'
  └
  ✓  Item 28 (Argentina - Soberanos - Tasa Fija - ARS) contains expected properties
  ✓  Item 28 (Argentina - Soberanos - Tasa Fija - ARS) 'name' is a non-empty string
  ✓  Item 28 (Argentina - Soberanos - Tasa Fija - ARS) links contain valid URLs
  GET https://api.staging.mercap.com.ar/yield-curves/8e165b0c-69f7-4ddb-b346-a73b47aeef0e [200 OK, 1.25kB, 140ms]
  ✓  Item 28 (Argentina - Soberanos - Tasa Fija - ARS) self link returns 200
  ┌
  │ '🔎 Testing Item 29 (Argentina - Soberanos - Tasa Flot
  │ ante - ARS)'
  └
  ✓  Item 29 (Argentina - Soberanos - Tasa Flotante - ARS) contains expected properties
  ✓  Item 29 (Argentina - Soberanos - Tasa Flotante - ARS) 'name' is a non-empty string
  ✓  Item 29 (Argentina - Soberanos - Tasa Flotante - ARS) links contain valid URLs
  GET https://api.staging.mercap.com.ar/yield-curves/9bdc4ab6-b86b-43c0-bb1e-f78e4c11ca55 [200 OK, 1.25kB, 220ms]
  ✓  Item 29 (Argentina - Soberanos - Tasa Flotante - ARS) self link returns 200
  ┌
  │ '🔎 Testing Item 30 (Argentina - SubSoberanos - Tasa f
  │ ija + CER - ARS)'
  └
  ✓  Item 30 (Argentina - SubSoberanos - Tasa fija + CER - ARS) contains expected properties
  ✓  Item 30 (Argentina - SubSoberanos - Tasa fija + CER - ARS) 'name' is a non-empty string
  ✓  Item 30 (Argentina - SubSoberanos - Tasa fija + CER - ARS) links contain valid URLs
  GET https://api.staging.mercap.com.ar/yield-curves/74f305c2-b3bc-4f0c-b917-89ae597c3be1 [200 OK, 1.26kB, 206ms]
  ✓  Item 30 (Argentina - SubSoberanos - Tasa fija + CER - ARS) self link returns 200
  ┌
  │ '🔎 Testing Item 31 (Argentina - SubSoberanos - Tasa F
  │ ija - USD)'
  └
  ✓  Item 31 (Argentina - SubSoberanos - Tasa Fija - USD) contains expected properties
  ✓  Item 31 (Argentina - SubSoberanos - Tasa Fija - USD) 'name' is a non-empty string
  ✓  Item 31 (Argentina - SubSoberanos - Tasa Fija - USD) links contain valid URLs
  GET https://api.staging.mercap.com.ar/yield-curves/faba1cba-97a1-4f56-83c5-9ca4e9a5909c [200 OK, 1.25kB, 298ms]
  ✓  Item 31 (Argentina - SubSoberanos - Tasa Fija - USD) self link returns 200
  ┌
  │ '🔎 Testing Item 32 (Argentina - SubSoberanos - Tasa F
  │ lotante - ARS)'
  └
  ✓  Item 32 (Argentina - SubSoberanos - Tasa Flotante - ARS) contains expected properties
  ✓  Item 32 (Argentina - SubSoberanos - Tasa Flotante - ARS) 'name' is a non-empty string
  ✓  Item 32 (Argentina - SubSoberanos - Tasa Flotante - ARS) links contain valid URLs
  GET https://api.staging.mercap.com.ar/yield-curves/9193993e-4b18-4889-94e6-4cefc7485e4a [200 OK, 1.25kB, 310ms]
  ✓  Item 32 (Argentina - SubSoberanos - Tasa Flotante - ARS) self link returns 200
  ┌
  │ '🔎 Testing Item 33 (Brasil - Soberanos - Bonos Global
  │ es - USD)'
  └
  ✓  Item 33 (Brasil - Soberanos - Bonos Globales - USD) contains expected properties
  ✓  Item 33 (Brasil - Soberanos - Bonos Globales - USD) 'name' is a non-empty string
  ✓  Item 33 (Brasil - Soberanos - Bonos Globales - USD) links contain valid URLs
  GET https://api.staging.mercap.com.ar/yield-curves/8217e3c3-7a60-4dc5-a772-856732650b8a [200 OK, 1.25kB, 202ms]
  ✓  Item 33 (Brasil - Soberanos - Bonos Globales - USD) self link returns 200
  ┌
  │ '🔎 Testing Item 34 (Chile - Soberanos - Bonos Globale
  │ s - USD)'
  └
  ✓  Item 34 (Chile - Soberanos - Bonos Globales - USD) contains expected properties
  ✓  Item 34 (Chile - Soberanos - Bonos Globales - USD) 'name' is a non-empty string
  ✓  Item 34 (Chile - Soberanos - Bonos Globales - USD) links contain valid URLs
  GET https://api.staging.mercap.com.ar/yield-curves/577aa710-749c-412f-9cab-7f1ce6379673 [200 OK, 1.25kB, 207ms]
  ✓  Item 34 (Chile - Soberanos - Bonos Globales - USD) self link returns 200
  ┌
  │ '🔎 Testing Item 35 (Colombia - Soberanos - Bonos Glob
  │ ales - USD\t)'
  └
  ✓  Item 35 (Colombia - Soberanos - Bonos Globales - USD	) contains expected properties
  ✓  Item 35 (Colombia - Soberanos - Bonos Globales - USD	) 'name' is a non-empty string
  ✓  Item 35 (Colombia - Soberanos - Bonos Globales - USD	) links contain valid URLs
  GET https://api.staging.mercap.com.ar/yield-curves/8c2d9de4-5cb3-4f2f-85ad-9aee19f88a8e [200 OK, 1.26kB, 193ms]
  ✓  Item 35 (Colombia - Soberanos - Bonos Globales - USD	) self link returns 200
  ┌
  │ '🔎 Testing Item 36 (Estados Unidos - Soberanos - Trea
  │ sury Notes/Bonds - USD)'
  └
  ✓  Item 36 (Estados Unidos - Soberanos - Treasury Notes/Bonds - USD) contains expected properties
  ✓  Item 36 (Estados Unidos - Soberanos - Treasury Notes/Bonds - USD) 'name' is a non-empty string
  ✓  Item 36 (Estados Unidos - Soberanos - Treasury Notes/Bonds - USD) links contain valid URLs
  GET https://api.staging.mercap.com.ar/yield-curves/3e5993cf-64c5-4fa2-ba5b-9fae8bfcd6d5 [200 OK, 1.26kB, 151ms]
  ✓  Item 36 (Estados Unidos - Soberanos - Treasury Notes/Bonds - USD) self link returns 200
  ┌
  │ '🔎 Testing Item 37 (Mexico - Soberanos - Bonos Global
  │ es - USD)'
  └
  ✓  Item 37 (Mexico - Soberanos - Bonos Globales - USD) contains expected properties
  ✓  Item 37 (Mexico - Soberanos - Bonos Globales - USD) 'name' is a non-empty string
  ✓  Item 37 (Mexico - Soberanos - Bonos Globales - USD) links contain valid URLs
  GET https://api.staging.mercap.com.ar/yield-curves/86a282be-f60d-4cd6-be14-b1fd2871ba9b [200 OK, 1.25kB, 336ms]
  ✓  Item 37 (Mexico - Soberanos - Bonos Globales - USD) self link returns 200
  ┌
  │ '🔎 Testing Item 38 (Paraguay - Soberanos - Bonos Glob
  │ ales - USD)'
  └
  ✓  Item 38 (Paraguay - Soberanos - Bonos Globales - USD) contains expected properties
  ✓  Item 38 (Paraguay - Soberanos - Bonos Globales - USD) 'name' is a non-empty string
  ✓  Item 38 (Paraguay - Soberanos - Bonos Globales - USD) links contain valid URLs
  GET https://api.staging.mercap.com.ar/yield-curves/b0d8c01d-972c-4e1e-97e9-1edcaffb2b20 [200 OK, 1.26kB, 253ms]
  ✓  Item 38 (Paraguay - Soberanos - Bonos Globales - USD) self link returns 200

❏ Pepper-GS32 / Regression-Test / Bond Groups
↳ Get all bond groups
  GET https://api.staging.mercap.com.ar/bond-groups [200 OK, 4.67kB, 262ms]
  ✓  Response is received and status is 200
  ✓  Media-Type is correct
  ✓  Items array is present and not empty
  ✓  Self link matches expected URL
  ✓  [Group 1: Bonos Canje 2020 - Ley Argentina] structure and properties
  ✓  [Group 1: Bonos Canje 2020 - Ley Argentina] - Bond 1 (AL29) structure
  ✓  [Group 1: Bonos Canje 2020 - Ley Argentina] - Bond 2 (TX26) structure
  ✓  [Group 1: Bonos Canje 2020 - Ley Argentina] - Bond 3 (AL41) structure
  ✓  [Group 1: Bonos Canje 2020 - Ley Argentina] - Bond 4 (AE38) structure
  ✓  [Group 1: Bonos Canje 2020 - Ley Argentina] - Bond 5 (AL30) structure
  ✓  [Group 1: Bonos Canje 2020 - Ley Argentina] - Bond 6 (TX28) structure
  ✓  [Group 1: Bonos Canje 2020 - Ley Argentina] - Bond 7 (AL35) structure
  ┌
  │ '✔ Variable BOND_GROUPS actualizada:', 'https://api.st
  │ aging.mercap.com.ar/bond-groups/80de27c0-0ac0-4189-b4c
  │ f-e39757e1c6a6'
  └
  GET https://api.staging.mercap.com.ar/bond-groups/80de27c0-0ac0-4189-b4cf-e39757e1c6a6   GET https://api.staging.mercap.com.ar/bonds/af22aea0-cd76-44d2-bf1e-ee2a92b4793d   GET https://api.staging.mercap.com.ar/bonds/2525ae7e-d0da-4cb3-8835-57f153e872e2   GET https://api.staging.mercap.com.ar/bonds/89d139cc-c382-4848-91b5-861ea758ee0c   GET https://api.staging.mercap.com.ar/bonds/02d0b59c-a9ae-41df-8034-153706b8c0ee   GET https://api.staging.mercap.com.ar/bonds/ecfe885d-8163-4222-acb1-f7020cf05a4a   GET https://api.staging.mercap.com.ar/bonds/abc31ef9-f305-4c76-a6b8-8578174cf8dd   GET https://api.staging.mercap.com.ar/bonds/f9db6679-83f2-40bc-9e52-d9ebbb87cbf8 [200 OK, 2.19kB, 207ms]
  ✓  [Group 1: Bonos Canje 2020 - Ley Argentina] self link returns 200
  ✓  [Group 2: Bonos Canje 2020 - Ley NY] structure and properties
  ✓  [Group 2: Bonos Canje 2020 - Ley NY] - Bond 1 (GE38) structure
  ✓  [Group 2: Bonos Canje 2020 - Ley NY] - Bond 2 (GE35) structure
  ✓  [Group 2: Bonos Canje 2020 - Ley NY] - Bond 3 (GD38) structure
  ✓  [Group 2: Bonos Canje 2020 - Ley NY] - Bond 4 (GE29) structure
  ✓  [Group 2: Bonos Canje 2020 - Ley NY] - Bond 5 (GE41) structure
  ✓  [Group 2: Bonos Canje 2020 - Ley NY] - Bond 6 (GD41) structure
  ✓  [Group 2: Bonos Canje 2020 - Ley NY] - Bond 7 (GD30) structure
  ✓  [Group 2: Bonos Canje 2020 - Ley NY] - Bond 8 (GD46) structure
  ✓  [Group 2: Bonos Canje 2020 - Ley NY] - Bond 9 (GE46) structure
  ✓  [Group 2: Bonos Canje 2020 - Ley NY] - Bond 10 (GD35) structure
  ✓  [Group 2: Bonos Canje 2020 - Ley NY] - Bond 11 (GE30) structure
  ✓  [Group 2: Bonos Canje 2020 - Ley NY] - Bond 12 (GD29) structure
  GET https://api.staging.mercap.com.ar/bond-groups/b008b23b-cf39-41ca-bce6-64bfe0ba258b   GET https://api.staging.mercap.com.ar/bonds/0adff71d-a978-43c8-9d66-c3062ee00a54   GET https://api.staging.mercap.com.ar/bonds/47517c75-1a97-47e2-b085-10b99c490edd   GET https://api.staging.mercap.com.ar/bonds/9a11f6b9-1cc3-4d89-b88d-c1accbdac6ee   GET https://api.staging.mercap.com.ar/bonds/8d8a220b-7054-4e29-aa69-d410231f8598   GET https://api.staging.mercap.com.ar/bonds/8e7d4748-f358-4a96-954c-70101f02816f   GET https://api.staging.mercap.com.ar/bonds/9a10266b-08cb-44d7-97f7-cc81a037aa90   GET https://api.staging.mercap.com.ar/bonds/a18d235c-06a3-4a05-a794-8d463a547dc3   GET https://api.staging.mercap.com.ar/bonds/1953200f-72bf-47dd-b440-07d198bd6a5a   GET https://api.staging.mercap.com.ar/bonds/d5ded37c-49e7-4d4c-895f-3e90cca74e29   GET https://api.staging.mercap.com.ar/bonds/914170da-9f70-42a0-9e3d-de4c1a87ca27   GET https://api.staging.mercap.com.ar/bonds/db5b8de7-a16f-4437-bfc3-5610776cbeb9   GET https://api.staging.mercap.com.ar/bonds/3d87aa62-0701-45fe-87ce-2b50ad378df9 [200 OK, 7.88kB, 434ms]
  ✓  [Group 1: Bonos Canje 2020 - Ley Argentina] - Bond 7 (AL35) self link returns 200
[200 OK, 6.09kB, 449ms]
  ✓  [Group 1: Bonos Canje 2020 - Ley Argentina] - Bond 2 (TX26) self link returns 200
[200 OK, 3.18kB, 232ms]
  ✓  [Group 2: Bonos Canje 2020 - Ley NY] self link returns 200
[200 OK, 5.34kB, 647ms]
  ✓  [Group 1: Bonos Canje 2020 - Ley Argentina] - Bond 1 (AL29) self link returns 200
[500 Internal Server Error, 635B, 983ms]
 21. [Group 1: Bonos Canje 2020 - Ley Argentina] - Bond 5 (AL30) self link returns 200
[200 OK, 10.52kB, 1132ms]
  ✓  [Group 1: Bonos Canje 2020 - Ley Argentina] - Bond 3 (AL41) self link returns 200
[200 OK, 8.94kB, 1221ms]
  ✓  [Group 1: Bonos Canje 2020 - Ley Argentina] - Bond 4 (AE38) self link returns 200
[200 OK, 12.57kB, 1000ms]
  ✓  [Group 2: Bonos Canje 2020 - Ley NY] - Bond 8 (GD46) self link returns 200
[200 OK, 8.95kB, 1015ms]
  ✓  [Group 2: Bonos Canje 2020 - Ley NY] - Bond 3 (GD38) self link returns 200
[200 OK, 5.4kB, 1062ms]
  ✓  [Group 2: Bonos Canje 2020 - Ley NY] - Bond 4 (GE29) self link returns 200
[200 OK, 12.71kB, 1064ms]
  ✓  [Group 2: Bonos Canje 2020 - Ley NY] - Bond 9 (GE46) self link returns 200
[200 OK, 7.89kB, 1071ms]
  ✓  [Group 2: Bonos Canje 2020 - Ley NY] - Bond 10 (GD35) self link returns 200
[200 OK, 5.82kB, 1076ms]
  ✓  [Group 2: Bonos Canje 2020 - Ley NY] - Bond 7 (GD30) self link returns 200
[200 OK, 7.89kB, 1081ms]
  ✓  [Group 2: Bonos Canje 2020 - Ley NY] - Bond 2 (GE35) self link returns 200
[200 OK, 5.84kB, 1087ms]
  ✓  [Group 2: Bonos Canje 2020 - Ley NY] - Bond 11 (GE30) self link returns 200
[200 OK, 9.03kB, 1105ms]
  ✓  [Group 2: Bonos Canje 2020 - Ley NY] - Bond 1 (GE38) self link returns 200
[200 OK, 7.56kB, 1513ms]
  ✓  [Group 1: Bonos Canje 2020 - Ley Argentina] - Bond 6 (TX28) self link returns 200
[200 OK, 10.47kB, 1215ms]
  ✓  [Group 2: Bonos Canje 2020 - Ley NY] - Bond 5 (GE41) self link returns 200
[200 OK, 10.53kB, 1283ms]
  ✓  [Group 2: Bonos Canje 2020 - Ley NY] - Bond 6 (GD41) self link returns 200
[200 OK, 5.35kB, 1293ms]
  ✓  [Group 2: Bonos Canje 2020 - Ley NY] - Bond 12 (GD29) self link returns 200

↳ Get bond groups by UUID
  GET https://api.staging.mercap.com.ar/bond-groups/80de27c0-0ac0-4189-b4cf-e39757e1c6a6 [200 OK, 2.19kB, 170ms]
  ┌
  │ 'Response received successfully.'
  └
  ✓  Response is received
  ┌
  │ 'Status code is 200.'
  └
  ✓  Status code is 200
  ┌
  │ 'Content-Type header is correct.'
  └
  ✓  Media-Type is correct
  ┌
  │ 'Bond group has the expected properties and name is Bo
  │ nos Canje 2020 - Ley Argentina.'
  └
  ✓  Bond group has correct properties and name is Bonos Canje 2020 - Ley Argentina
  ┌
  │ 'Each bond has the expected properties.'
  └
  ✓  Each bond has correct properties
  ┌
  │ 'All links are valid URLs.'
  └
  ✓  All links are valid URLs
  ┌
  │ 'Each bond name includes its shortName.'
  └
  ✓  Each bond has a consistent name and shortName
  ┌
  │ 'All expected bonds are present and have the expected 
  │ values.'
  └
  ✓  All expected bonds are present
  ┌
  │ 'The link for the bond group is correct.'
  └
  ✓  Link of bond group is correct

Iteration 5/5

❏ Pepper-GS32 / Regression-Test / Appraiser
↳ Appraise market value
  ┌
  │ '▶ [undefined] Ejecutando con ticker: AL30'
  └
  GET https://api.staging.mercap.com.ar/tradable-securities?query=AL30&tradeDate=2026-09-16 [200 OK, 2.63kB, 277ms]
  ┌
  │ '📌 BOND_INSTRUMENT_URL seteado'
  └
  GET https://api.staging.mercap.com.ar/exchange-schemes [200 OK, 4.4kB, 92ms]
  ┌
  │ '💱 EXCHANGE_SCHEME_URL seteado'
  └
  GET https://api.staging.mercap.com.ar/valuation-schemes [200 OK, 5.25kB, 85ms]
  ┌
  │ '📊 VALUATION_SCHEME_URL seteado'
  └
  POST https://api.staging.mercap.com.ar/appraiser [200 OK, 1.21kB, 5.5s]
  ┌
  │ 'Response received successfully.'
  └
  ✓  Response is received
  ┌
  │ 'Status code is 200.'
  └
  ✓  Status code is 200
  ┌
  │ 'Content-Type header is correct.'
  └
  ✓  Media-Type is correct
  ┌
  │ 'Result is a non-empty array.'
  └
  ✓  Result is a non-empty array
  ┌
  │ 'Each result object has the expected properties.'
  └
  ✓  Each result object has expected properties
  ┌
  │ 'Value amount is positive.'
  └
  ✓  Value amount is positive
  ┌
  │ 'Instrument URL is correct.'
  └
  ✓  Instrument URL is correct
  ┌
  │ 'Unit URL in every is correct.'
  └
  ✓  Unit URL in every is correct
  ┌
  │ 'Validation completed for amounts: 100 or 1000.'
  └
  ✓  Validate that 'amount' is either 100 or 1000
  ┌
  │ "Validate that 'type' is instrument quote."
  └
  ✓  Validate that 'type' is instrument quote

❏ Pepper-GS32 / Regression-Test / Bonds
↳ All bonds - deault parameters
  ┌
  │ '▶ [undefined] Ejecutando con ticker: AL30'
  └
  GET https://api.staging.mercap.com.ar/tradable-securities?query=AL30&tradeDate=2026-09-16 [200 OK, 2.63kB, 93ms]
  ┌
  │ '🔎 SHORT_NAME: AL30'
  └
  GET https://api.staging.mercap.com.ar/bonds [200 OK, 7.37kB, 78ms]
  ┌
  │ 'Response received successfully.'
  └
  ✓  Response is received
  ┌
  │ 'Status code is 200.'
  └
  ✓  Status code is 200
  ┌
  │ 'Content-Type header is correct.'
  └
  ✓  Media-Type is correct
  ┌
  │ "'items' array is present and not empty."
  └
  ✓  Response contains 'items' array with elements
  ┌
  │ 'Bond 0 validated successfully.'
  │ 'Bond 1 validated successfully.'
  │ 'Bond 2 validated successfully.'
  │ 'Bond 3 validated successfully.'
  │ 'Bond 4 validated successfully.'
  │ 'Bond 5 validated successfully.'
  │ 'Bond 6 validated successfully.'
  │ 'Bond 7 validated successfully.'
  │ 'Bond 8 validated successfully.'
  │ 'Bond 9 validated successfully.'
  └
  ✓  Each bond has required properties
  ┌
  │ 'Bond 0: shortName is valid: GYC5O'
  │ 'Bond 0: name is valid: \t360 ENERGY 2027 U$S 8.75% (G
  │ YC5O)'
  │ 'Bond 0: debtType is valid: Obligación Negociable'
  │ 'Bond 0: links object is present.'
  │ 'Bond 0: coupons link is valid: https://api.staging.me
  │ rcap.com.ar/bonds/9f8d6a98-199c-41e7-ad56-d70f08d78628
  │ /coupons'
  │ 'Bond 0: identifiers link is valid: https://api.stagin
  │ g.mercap.com.ar/bonds/9f8d6a98-199c-41e7-ad56-d70f08d7
  │ 8628/identifiers'
  │ 'Bond 0: self link is valid: https://api.staging.merca
  │ p.com.ar/bonds/9f8d6a98-199c-41e7-ad56-d70f08d78628'
  │ 'Bond 0: issueConditions link is valid: https://api.st
  │ aging.mercap.com.ar/bonds/9f8d6a98-199c-41e7-ad56-d70f
  │ 08d78628/issue-conditions'
  │ 'Bond 0: paymentSummary link is valid: https://api.sta
  │ ging.mercap.com.ar/bonds/9f8d6a98-199c-41e7-ad56-d70f0
  │ 8d78628/payment-summary'
  │ 'Bond 1: shortName is valid: BVCPO'
  │ 'Bond 1: name is valid: \tBST 2026 U$S 8 % (BVCPO)'
  │ 'Bond 1: debtType is valid: Obligación Negociable'
  │ 'Bond 1: links object is present.'
  │ 'Bond 1: coupons link is valid: https://api.staging.me
  │ rcap.com.ar/bonds/5b5084c6-16b3-49f8-9bed-ee122ebeef11
  │ /coupons'
  │ 'Bond 1: identifiers link is valid: https://api.stagin
  │ g.mercap.com.ar/bonds/5b5084c6-16b3-49f8-9bed-ee122ebe
  │ ef11/identifiers'
  │ 'Bond 1: self link is valid: https://api.staging.merca
  │ p.com.ar/bonds/5b5084c6-16b3-49f8-9bed-ee122ebeef11'
  │ 'Bond 1: issueConditions link is valid: https://api.st
  │ aging.mercap.com.ar/bonds/5b5084c6-16b3-49f8-9bed-ee12
  │ 2ebeef11/issue-conditions'
  │ 'Bond 1: paymentSummary link is valid: https://api.sta
  │ ging.mercap.com.ar/bonds/5b5084c6-16b3-49f8-9bed-ee122
  │ ebeef11/payment-summary'
  │ 'Bond 2: shortName is valid: MR40O'
  │ 'Bond 2: name is valid: \tGEMSA 2031 u$s 11% (MR40O)'
  │ 'Bond 2: debtType is valid: Obligación Negociable'
  │ 'Bond 2: links object is present.'
  │ 'Bond 2: coupons link is valid: https://api.staging.me
  │ rcap.com.ar/bonds/aca1c2b2-0dda-4235-9f91-f61b2710a955
  │ /coupons'
  │ 'Bond 2: identifiers link is valid: https://api.stagin
  │ g.mercap.com.ar/bonds/aca1c2b2-0dda-4235-9f91-f61b2710
  │ a955/identifiers'
  │ 'Bond 2: self link is valid: https://api.staging.merca
  │ p.com.ar/bonds/aca1c2b2-0dda-4235-9f91-f61b2710a955'
  │ 'Bond 2: issueConditions link is valid: https://api.st
  │ aging.mercap.com.ar/bonds/aca1c2b2-0dda-4235-9f91-f61b
  │ 2710a955/issue-conditions'
  │ 'Bond 2: paymentSummary link is valid: https://api.sta
  │ ging.mercap.com.ar/bonds/aca1c2b2-0dda-4235-9f91-f61b2
  │ 710a955/payment-summary'
  │ 'Bond 3: shortName is valid: RES2P'
  │ 'Bond 3: name is valid: \tRECARD S.A 2028 $ Badlar+800
  │ bp (RES2P)'
  │ 'Bond 3: debtType is valid: Obligación Negociable'
  │ 'Bond 3: links object is present.'
  │ 'Bond 3: coupons link is valid: https://api.staging.me
  │ rcap.com.ar/bonds/467a0102-75f2-4b59-aa66-5d182e6c1d58
  │ /coupons'
  │ 'Bond 3: identifiers link is valid: https://api.stagin
  │ g.mercap.com.ar/bonds/467a0102-75f2-4b59-aa66-5d182e6c
  │ 1d58/identifiers'
  │ 'Bond 3: self link is valid: https://api.staging.merca
  │ p.com.ar/bonds/467a0102-75f2-4b59-aa66-5d182e6c1d58'
  │ 'Bond 3: issueConditions link is valid: https://api.st
  │ aging.mercap.com.ar/bonds/467a0102-75f2-4b59-aa66-5d18
  │ 2e6c1d58/issue-conditions'
  │ 'Bond 3: paymentSummary link is valid: https://api.sta
  │ ging.mercap.com.ar/bonds/467a0102-75f2-4b59-aa66-5d182
  │ e6c1d58/payment-summary'
  │ 'Bond 4: shortName is valid: TTCBO'
  │ 'Bond 4: name is valid: \tTecpetrol 2027 u$s 6.5% (TTC
  │ BO)'
  │ 'Bond 4: debtType is valid: Obligación Negociable'
  │ 'Bond 4: links object is present.'
  │ 'Bond 4: coupons link is valid: https://api.staging.me
  │ rcap.com.ar/bonds/ca619c61-beaf-4160-9bcc-b9df0e0e7938
  │ /coupons'
  │ 'Bond 4: identifiers link is valid: https://api.stagin
  │ g.mercap.com.ar/bonds/ca619c61-beaf-4160-9bcc-b9df0e0e
  │ 7938/identifiers'
  │ 'Bond 4: self link is valid: https://api.staging.merca
  │ p.com.ar/bonds/ca619c61-beaf-4160-9bcc-b9df0e0e7938'
  │ 'Bond 4: issueConditions link is valid: https://api.st
  │ aging.mercap.com.ar/bonds/ca619c61-beaf-4160-9bcc-b9df
  │ 0e0e7938/issue-conditions'
  │ 'Bond 4: paymentSummary link is valid: https://api.sta
  │ ging.mercap.com.ar/bonds/ca619c61-beaf-4160-9bcc-b9df0
  │ e0e7938/payment-summary'
  │ 'Bond 5: shortName is valid: GYC4O'
  │ 'Bond 5: name is valid: 360 ENERGY 2027 U$S 8% (GYC4O)
  │ '
  │ 'Bond 5: debtType is valid: Obligación Negociable'
  │ 'Bond 5: links object is present.'
  │ 'Bond 5: coupons link is valid: https://api.staging.me
  │ rcap.com.ar/bonds/935718fe-3140-424e-817d-3ba64bbc60a6
  │ /coupons'
  │ 'Bond 5: identifiers link is valid: https://api.stagin
  │ g.mercap.com.ar/bonds/935718fe-3140-424e-817d-3ba64bbc
  │ 60a6/identifiers'
  │ 'Bond 5: self link is valid: https://api.staging.merca
  │ p.com.ar/bonds/935718fe-3140-424e-817d-3ba64bbc60a6'
  │ 'Bond 5: issueConditions link is valid: https://api.st
  │ aging.mercap.com.ar/bonds/935718fe-3140-424e-817d-3ba6
  │ 4bbc60a6/issue-conditions'
  │ 'Bond 5: paymentSummary link is valid: https://api.sta
  │ ging.mercap.com.ar/bonds/935718fe-3140-424e-817d-3ba64
  │ bbc60a6/payment-summary'
  │ 'Bond 6: shortName is valid: GYC3O'
  │ 'Bond 6: name is valid: 360 Energy 2032 u$s-linked 5% 
  │ (GYC3O)'
  │ 'Bond 6: debtType is valid: Obligación Negociable'
  │ 'Bond 6: links object is present.'
  │ 'Bond 6: coupons link is valid: https://api.staging.me
  │ rcap.com.ar/bonds/c205e424-1203-475f-b83b-127bfcd77dc6
  │ /coupons'
  │ 'Bond 6: identifiers link is valid: https://api.stagin
  │ g.mercap.com.ar/bonds/c205e424-1203-475f-b83b-127bfcd7
  │ 7dc6/identifiers'
  │ 'Bond 6: self link is valid: https://api.staging.merca
  │ p.com.ar/bonds/c205e424-1203-475f-b83b-127bfcd77dc6'
  │ 'Bond 6: issueConditions link is valid: https://api.st
  │ aging.mercap.com.ar/bonds/c205e424-1203-475f-b83b-127b
  │ fcd77dc6/issue-conditions'
  │ 'Bond 6: paymentSummary link is valid: https://api.sta
  │ ging.mercap.com.ar/bonds/c205e424-1203-475f-b83b-127bf
  │ cd77dc6/payment-summary'
  │ 'Bond 7: shortName is valid: DDS1P'
  │ 'Bond 7: name is valid: 3D Latinoamerica 2027 TAMAR + 
  │ 800bp (DDS1P)'
  │ 'Bond 7: debtType is valid: Obligación Negociable'
  │ 'Bond 7: links object is present.'
  │ 'Bond 7: coupons link is valid: https://api.staging.me
  │ rcap.com.ar/bonds/098d7637-6d3f-46b9-a08b-601da300a433
  │ /coupons'
  │ 'Bond 7: identifiers link is valid: https://api.stagin
  │ g.mercap.com.ar/bonds/098d7637-6d3f-46b9-a08b-601da300
  │ a433/identifiers'
  │ 'Bond 7: self link is valid: https://api.staging.merca
  │ p.com.ar/bonds/098d7637-6d3f-46b9-a08b-601da300a433'
  │ 'Bond 7: issueConditions link is valid: https://api.st
  │ aging.mercap.com.ar/bonds/098d7637-6d3f-46b9-a08b-601d
  │ a300a433/issue-conditions'
  │ 'Bond 7: paymentSummary link is valid: https://api.sta
  │ ging.mercap.com.ar/bonds/098d7637-6d3f-46b9-a08b-601da
  │ 300a433/payment-summary'
  │ 'Bond 8: shortName is valid: ADCO27'
  │ 'Bond 8: name is valid: ADECOAGRO 2027 U$S 6% (ADCO27)
  │ '
  │ 'Bond 8: debtType is valid: Obligación Negociable'
  │ 'Bond 8: links object is present.'
  │ 'Bond 8: coupons link is valid: https://api.staging.me
  │ rcap.com.ar/bonds/b8e763aa-8edc-4117-8f39-953f55c26f8e
  │ /coupons'
  │ 'Bond 8: identifiers link is valid: https://api.stagin
  │ g.mercap.com.ar/bonds/b8e763aa-8edc-4117-8f39-953f55c2
  │ 6f8e/identifiers'
  │ 'Bond 8: self link is valid: https://api.staging.merca
  │ p.com.ar/bonds/b8e763aa-8edc-4117-8f39-953f55c26f8e'
  │ 'Bond 8: issueConditions link is valid: https://api.st
  │ aging.mercap.com.ar/bonds/b8e763aa-8edc-4117-8f39-953f
  │ 55c26f8e/issue-conditions'
  │ 'Bond 8: paymentSummary link is valid: https://api.sta
  │ ging.mercap.com.ar/bonds/b8e763aa-8edc-4117-8f39-953f5
  │ 5c26f8e/payment-summary'
  │ 'Bond 9: shortName is valid: AERAO'
  │ 'Bond 9: name is valid: AEROPUERTOS ARG. 2027 U$S 6.87
  │ 5% (AERAO)'
  │ 'Bond 9: debtType is valid: Obligación Negociable'
  │ 'Bond 9: links object is present.'
  │ 'Bond 9: coupons link is valid: https://api.staging.me
  │ rcap.com.ar/bonds/72b1e530-dd47-49e2-91f2-8f3602054bc3
  │ /coupons'
  │ 'Bond 9: identifiers link is valid: https://api.stagin
  │ g.mercap.com.ar/bonds/72b1e530-dd47-49e2-91f2-8f360205
  │ 4bc3/identifiers'
  │ 'Bond 9: self link is valid: https://api.staging.merca
  │ p.com.ar/bonds/72b1e530-dd47-49e2-91f2-8f3602054bc3'
  │ 'Bond 9: issueConditions link is valid: https://api.st
  │ aging.mercap.com.ar/bonds/72b1e530-dd47-49e2-91f2-8f36
  │ 02054bc3/issue-conditions'
  │ 'Bond 9: paymentSummary link is valid: https://api.sta
  │ ging.mercap.com.ar/bonds/72b1e530-dd47-49e2-91f2-8f360
  │ 2054bc3/payment-summary'
  └
  ✓  Each bond property has the correct format
  ┌
  │ "Link 'coupons' in bond 0 is valid:", 'https://api.sta
  │ ging.mercap.com.ar/bonds/9f8d6a98-199c-41e7-ad56-d70f0
  │ 8d78628/coupons'
  │ "Link 'identifiers' in bond 0 is valid:", 'https://api
  │ .staging.mercap.com.ar/bonds/9f8d6a98-199c-41e7-ad56-d
  │ 70f08d78628/identifiers'
  │ "Link 'self' in bond 0 is valid:", 'https://api.stagin
  │ g.mercap.com.ar/bonds/9f8d6a98-199c-41e7-ad56-d70f08d7
  │ 8628'
  │ "Link 'issueConditions' in bond 0 is valid:", 'https:/
  │ /api.staging.mercap.com.ar/bonds/9f8d6a98-199c-41e7-ad
  │ 56-d70f08d78628/issue-conditions'
  │ "Link 'paymentSummary' in bond 0 is valid:", 'https://
  │ api.staging.mercap.com.ar/bonds/9f8d6a98-199c-41e7-ad5
  │ 6-d70f08d78628/payment-summary'
  │ "Link 'coupons' in bond 1 is valid:", 'https://api.sta
  │ ging.mercap.com.ar/bonds/5b5084c6-16b3-49f8-9bed-ee122
  │ ebeef11/coupons'
  │ "Link 'identifiers' in bond 1 is valid:", 'https://api
  │ .staging.mercap.com.ar/bonds/5b5084c6-16b3-49f8-9bed-e
  │ e122ebeef11/identifiers'
  │ "Link 'self' in bond 1 is valid:", 'https://api.stagin
  │ g.mercap.com.ar/bonds/5b5084c6-16b3-49f8-9bed-ee122ebe
  │ ef11'
  │ "Link 'issueConditions' in bond 1 is valid:", 'https:/
  │ /api.staging.mercap.com.ar/bonds/5b5084c6-16b3-49f8-9b
  │ ed-ee122ebeef11/issue-conditions'
  │ "Link 'paymentSummary' in bond 1 is valid:", 'https://
  │ api.staging.mercap.com.ar/bonds/5b5084c6-16b3-49f8-9be
  │ d-ee122ebeef11/payment-summary'
  │ "Link 'coupons' in bond 2 is valid:", 'https://api.sta
  │ ging.mercap.com.ar/bonds/aca1c2b2-0dda-4235-9f91-f61b2
  │ 710a955/coupons'
  │ "Link 'identifiers' in bond 2 is valid:", 'https://api
  │ .staging.mercap.com.ar/bonds/aca1c2b2-0dda-4235-9f91-f
  │ 61b2710a955/identifiers'
  │ "Link 'self' in bond 2 is valid:", 'https://api.stagin
  │ g.mercap.com.ar/bonds/aca1c2b2-0dda-4235-9f91-f61b2710
  │ a955'
  │ "Link 'issueConditions' in bond 2 is valid:", 'https:/
  │ /api.staging.mercap.com.ar/bonds/aca1c2b2-0dda-4235-9f
  │ 91-f61b2710a955/issue-conditions'
  │ "Link 'paymentSummary' in bond 2 is valid:", 'https://
  │ api.staging.mercap.com.ar/bonds/aca1c2b2-0dda-4235-9f9
  │ 1-f61b2710a955/payment-summary'
  │ "Link 'coupons' in bond 3 is valid:", 'https://api.sta
  │ ging.mercap.com.ar/bonds/467a0102-75f2-4b59-aa66-5d182
  │ e6c1d58/coupons'
  │ "Link 'identifiers' in bond 3 is valid:", 'https://api
  │ .staging.mercap.com.ar/bonds/467a0102-75f2-4b59-aa66-5
  │ d182e6c1d58/identifiers'
  │ "Link 'self' in bond 3 is valid:", 'https://api.stagin
  │ g.mercap.com.ar/bonds/467a0102-75f2-4b59-aa66-5d182e6c
  │ 1d58'
  │ "Link 'issueConditions' in bond 3 is valid:", 'https:/
  │ /api.staging.mercap.com.ar/bonds/467a0102-75f2-4b59-aa
  │ 66-5d182e6c1d58/issue-conditions'
  │ "Link 'paymentSummary' in bond 3 is valid:", 'https://
  │ api.staging.mercap.com.ar/bonds/467a0102-75f2-4b59-aa6
  │ 6-5d182e6c1d58/payment-summary'
  │ "Link 'coupons' in bond 4 is valid:", 'https://api.sta
  │ ging.mercap.com.ar/bonds/ca619c61-beaf-4160-9bcc-b9df0
  │ e0e7938/coupons'
  │ "Link 'identifiers' in bond 4 is valid:", 'https://api
  │ .staging.mercap.com.ar/bonds/ca619c61-beaf-4160-9bcc-b
  │ 9df0e0e7938/identifiers'
  │ "Link 'self' in bond 4 is valid:", 'https://api.stagin
  │ g.mercap.com.ar/bonds/ca619c61-beaf-4160-9bcc-b9df0e0e
  │ 7938'
  │ "Link 'issueConditions' in bond 4 is valid:", 'https:/
  │ /api.staging.mercap.com.ar/bonds/ca619c61-beaf-4160-9b
  │ cc-b9df0e0e7938/issue-conditions'
  │ "Link 'paymentSummary' in bond 4 is valid:", 'https://
  │ api.staging.mercap.com.ar/bonds/ca619c61-beaf-4160-9bc
  │ c-b9df0e0e7938/payment-summary'
  │ "Link 'coupons' in bond 5 is valid:", 'https://api.sta
  │ ging.mercap.com.ar/bonds/935718fe-3140-424e-817d-3ba64
  │ bbc60a6/coupons'
  │ "Link 'identifiers' in bond 5 is valid:", 'https://api
  │ .staging.mercap.com.ar/bonds/935718fe-3140-424e-817d-3
  │ ba64bbc60a6/identifiers'
  │ "Link 'self' in bond 5 is valid:", 'https://api.stagin
  │ g.mercap.com.ar/bonds/935718fe-3140-424e-817d-3ba64bbc
  │ 60a6'
  │ "Link 'issueConditions' in bond 5 is valid:", 'https:/
  │ /api.staging.mercap.com.ar/bonds/935718fe-3140-424e-81
  │ 7d-3ba64bbc60a6/issue-conditions'
  │ "Link 'paymentSummary' in bond 5 is valid:", 'https://
  │ api.staging.mercap.com.ar/bonds/935718fe-3140-424e-817
  │ d-3ba64bbc60a6/payment-summary'
  │ "Link 'coupons' in bond 6 is valid:", 'https://api.sta
  │ ging.mercap.com.ar/bonds/c205e424-1203-475f-b83b-127bf
  │ cd77dc6/coupons'
  │ "Link 'identifiers' in bond 6 is valid:", 'https://api
  │ .staging.mercap.com.ar/bonds/c205e424-1203-475f-b83b-1
  │ 27bfcd77dc6/identifiers'
  │ "Link 'self' in bond 6 is valid:", 'https://api.stagin
  │ g.mercap.com.ar/bonds/c205e424-1203-475f-b83b-127bfcd7
  │ 7dc6'
  │ "Link 'issueConditions' in bond 6 is valid:", 'https:/
  │ /api.staging.mercap.com.ar/bonds/c205e424-1203-475f-b8
  │ 3b-127bfcd77dc6/issue-conditions'
  │ "Link 'paymentSummary' in bond 6 is valid:", 'https://
  │ api.staging.mercap.com.ar/bonds/c205e424-1203-475f-b83
  │ b-127bfcd77dc6/payment-summary'
  │ "Link 'coupons' in bond 7 is valid:", 'https://api.sta
  │ ging.mercap.com.ar/bonds/098d7637-6d3f-46b9-a08b-601da
  │ 300a433/coupons'
  │ "Link 'identifiers' in bond 7 is valid:", 'https://api
  │ .staging.mercap.com.ar/bonds/098d7637-6d3f-46b9-a08b-6
  │ 01da300a433/identifiers'
  │ "Link 'self' in bond 7 is valid:", 'https://api.stagin
  │ g.mercap.com.ar/bonds/098d7637-6d3f-46b9-a08b-601da300
  │ a433'
  │ "Link 'issueConditions' in bond 7 is valid:", 'https:/
  │ /api.staging.mercap.com.ar/bonds/098d7637-6d3f-46b9-a0
  │ 8b-601da300a433/issue-conditions'
  │ "Link 'paymentSummary' in bond 7 is valid:", 'https://
  │ api.staging.mercap.com.ar/bonds/098d7637-6d3f-46b9-a08
  │ b-601da300a433/payment-summary'
  │ "Link 'coupons' in bond 8 is valid:", 'https://api.sta
  │ ging.mercap.com.ar/bonds/b8e763aa-8edc-4117-8f39-953f5
  │ 5c26f8e/coupons'
  │ "Link 'identifiers' in bond 8 is valid:", 'https://api
  │ .staging.mercap.com.ar/bonds/b8e763aa-8edc-4117-8f39-9
  │ 53f55c26f8e/identifiers'
  │ "Link 'self' in bond 8 is valid:", 'https://api.stagin
  │ g.mercap.com.ar/bonds/b8e763aa-8edc-4117-8f39-953f55c2
  │ 6f8e'
  │ "Link 'issueConditions' in bond 8 is valid:", 'https:/
  │ /api.staging.mercap.com.ar/bonds/b8e763aa-8edc-4117-8f
  │ 39-953f55c26f8e/issue-conditions'
  │ "Link 'paymentSummary' in bond 8 is valid:", 'https://
  │ api.staging.mercap.com.ar/bonds/b8e763aa-8edc-4117-8f3
  │ 9-953f55c26f8e/payment-summary'
  │ "Link 'coupons' in bond 9 is valid:", 'https://api.sta
  │ ging.mercap.com.ar/bonds/72b1e530-dd47-49e2-91f2-8f360
  │ 2054bc3/coupons'
  │ "Link 'identifiers' in bond 9 is valid:", 'https://api
  │ .staging.mercap.com.ar/bonds/72b1e530-dd47-49e2-91f2-8
  │ f3602054bc3/identifiers'
  │ "Link 'self' in bond 9 is valid:", 'https://api.stagin
  │ g.mercap.com.ar/bonds/72b1e530-dd47-49e2-91f2-8f360205
  │ 4bc3'
  │ "Link 'issueConditions' in bond 9 is valid:", 'https:/
  │ /api.staging.mercap.com.ar/bonds/72b1e530-dd47-49e2-91
  │ f2-8f3602054bc3/issue-conditions'
  │ "Link 'paymentSummary' in bond 9 is valid:", 'https://
  │ api.staging.mercap.com.ar/bonds/72b1e530-dd47-49e2-91f
  │ 2-8f3602054bc3/payment-summary'
  └
  ✓  Links are valid URLs
  ┌
  │ "Global link 'next' is valid: https://api.staging.merc
  │ ap.com.ar/bonds?limit=10&start=11"
  │ "Global link 'self' is valid: https://api.staging.merc
  │ ap.com.ar/bonds"
  │ "Global link 'last' is valid: https://api.staging.merc
  │ ap.com.ar/bonds?limit=10&start=1091"
  └
  ✓  Global links are valid URLs
  ┌
  │ "No 'query' parameter provided in request."
  └
  ✓  Results match the query parameter
  ┌
  │ "No 'shortName' parameter provided in request."
  └
  ✓  Results match the shortName parameter
  ┌
  │ 'Results respect the limit parameter (max 10 items).'
  └
  ✓  Results respect the limit parameter
  ┌
  │ 'Validated that the first bond in response starts at i
  │ ndex 1.'
  └
  ✓  Start parameter skips the correct number of bonds
  ┌
  │ 'Response code is not 406, no validation necessary.'
  └
  ✓  Error 406 response structure
  ┌
  │ 'Limit is not 0, skipping error validation.'
  └
  ✓  Limit parameter is 0, response should be 400

↳ All bonds - deault parameters - bond+json
  ┌
  │ '▶ [undefined] Ejecutando con ticker: AL30'
  └
  GET https://api.staging.mercap.com.ar/tradable-securities?query=AL30&tradeDate=2026-09-16 [200 OK, 2.64kB, 87ms]
  ┌
  │ '🔎 SHORT_NAME: AL30'
  └
  GET https://api.staging.mercap.com.ar/bonds [200 OK, 44.09kB, 467ms]
  ┌
  │ 'Response received successfully.'
  └
  ✓  Response is received
  ┌
  │ 'Status code is 200.'
  └
  ✓  Status code is 200
  ┌
  │ 'Content-Type header is correct.'
  └
  ✓  Media-Type is correct
  ┌
  │ "'items' array is present and not empty."
  └
  ✓  Response contains 'items' array with elements
  ┌
  │ 'Bond 0 validated successfully.'
  │ 'Bond 1 validated successfully.'
  │ 'Bond 2 validated successfully.'
  │ 'Bond 3 validated successfully.'
  │ 'Bond 4 validated successfully.'
  │ 'Bond 5 validated successfully.'
  │ 'Bond 6 validated successfully.'
  │ 'Bond 7 validated successfully.'
  │ 'Bond 8 validated successfully.'
  │ 'Bond 9 validated successfully.'
  └
  ✓  Each bond has required properties
  ┌
  │ 'Bond 0: shortName is valid: GYC5O'
  │ 'Bond 0: name is valid: \t360 ENERGY 2027 U$S 8.75% (G
  │ YC5O)'
  │ 'Bond 0: debtType is valid: https://api.staging.mercap
  │ .com.ar/debt-types/a6af5129-7f88-46ce-879b-bfb0a4ee8a7
  │ b'
  │ 'Bond 0: links object is present.'
  │ 'Bond 0: self link is valid: https://api.staging.merca
  │ p.com.ar/bonds/9f8d6a98-199c-41e7-ad56-d70f08d78628'
  │ 'Bond 1: shortName is valid: BVCPO'
  │ 'Bond 1: name is valid: \tBST 2026 U$S 8 % (BVCPO)'
  │ 'Bond 1: debtType is valid: https://api.staging.mercap
  │ .com.ar/debt-types/a6af5129-7f88-46ce-879b-bfb0a4ee8a7
  │ b'
  │ 'Bond 1: links object is present.'
  │ 'Bond 1: self link is valid: https://api.staging.merca
  │ p.com.ar/bonds/5b5084c6-16b3-49f8-9bed-ee122ebeef11'
  │ 'Bond 2: shortName is valid: MR40O'
  │ 'Bond 2: name is valid: \tGEMSA 2031 u$s 11% (MR40O)'
  │ 'Bond 2: debtType is valid: https://api.staging.mercap
  │ .com.ar/debt-types/a6af5129-7f88-46ce-879b-bfb0a4ee8a7
  │ b'
  │ 'Bond 2: links object is present.'
  │ 'Bond 2: self link is valid: https://api.staging.merca
  │ p.com.ar/bonds/aca1c2b2-0dda-4235-9f91-f61b2710a955'
  │ 'Bond 3: shortName is valid: RES2P'
  │ 'Bond 3: name is valid: \tRECARD S.A 2028 $ Badlar+800
  │ bp (RES2P)'
  │ 'Bond 3: debtType is valid: https://api.staging.mercap
  │ .com.ar/debt-types/a6af5129-7f88-46ce-879b-bfb0a4ee8a7
  │ b'
  │ 'Bond 3: links object is present.'
  │ 'Bond 3: self link is valid: https://api.staging.merca
  │ p.com.ar/bonds/467a0102-75f2-4b59-aa66-5d182e6c1d58'
  │ 'Bond 4: shortName is valid: TTCBO'
  │ 'Bond 4: name is valid: \tTecpetrol 2027 u$s 6.5% (TTC
  │ BO)'
  │ 'Bond 4: debtType is valid: https://api.staging.mercap
  │ .com.ar/debt-types/a6af5129-7f88-46ce-879b-bfb0a4ee8a7
  │ b'
  │ 'Bond 4: links object is present.'
  │ 'Bond 4: self link is valid: https://api.staging.merca
  │ p.com.ar/bonds/ca619c61-beaf-4160-9bcc-b9df0e0e7938'
  │ 'Bond 5: shortName is valid: GYC4O'
  │ 'Bond 5: name is valid: 360 ENERGY 2027 U$S 8% (GYC4O)
  │ '
  │ 'Bond 5: debtType is valid: https://api.staging.mercap
  │ .com.ar/debt-types/a6af5129-7f88-46ce-879b-bfb0a4ee8a7
  │ b'
  │ 'Bond 5: links object is present.'
  │ 'Bond 5: self link is valid: https://api.staging.merca
  │ p.com.ar/bonds/935718fe-3140-424e-817d-3ba64bbc60a6'
  │ 'Bond 6: shortName is valid: GYC3O'
  │ 'Bond 6: name is valid: 360 Energy 2032 u$s-linked 5% 
  │ (GYC3O)'
  │ 'Bond 6: debtType is valid: https://api.staging.mercap
  │ .com.ar/debt-types/a6af5129-7f88-46ce-879b-bfb0a4ee8a7
  │ b'
  │ 'Bond 6: links object is present.'
  │ 'Bond 6: self link is valid: https://api.staging.merca
  │ p.com.ar/bonds/c205e424-1203-475f-b83b-127bfcd77dc6'
  │ 'Bond 7: shortName is valid: DDS1P'
  │ 'Bond 7: name is valid: 3D Latinoamerica 2027 TAMAR + 
  │ 800bp (DDS1P)'
  │ 'Bond 7: debtType is valid: https://api.staging.mercap
  │ .com.ar/debt-types/a6af5129-7f88-46ce-879b-bfb0a4ee8a7
  │ b'
  │ 'Bond 7: links object is present.'
  │ 'Bond 7: self link is valid: https://api.staging.merca
  │ p.com.ar/bonds/098d7637-6d3f-46b9-a08b-601da300a433'
  │ 'Bond 8: shortName is valid: ADCO27'
  │ 'Bond 8: name is valid: ADECOAGRO 2027 U$S 6% (ADCO27)
  │ '
  │ 'Bond 8: debtType is valid: https://api.staging.mercap
  │ .com.ar/debt-types/a6af5129-7f88-46ce-879b-bfb0a4ee8a7
  │ b'
  │ 'Bond 8: links object is present.'
  │ 'Bond 8: self link is valid: https://api.staging.merca
  │ p.com.ar/bonds/b8e763aa-8edc-4117-8f39-953f55c26f8e'
  │ 'Bond 9: shortName is valid: AERAO'
  │ 'Bond 9: name is valid: AEROPUERTOS ARG. 2027 U$S 6.87
  │ 5% (AERAO)'
  │ 'Bond 9: debtType is valid: https://api.staging.mercap
  │ .com.ar/debt-types/a6af5129-7f88-46ce-879b-bfb0a4ee8a7
  │ b'
  │ 'Bond 9: links object is present.'
  │ 'Bond 9: self link is valid: https://api.staging.merca
  │ p.com.ar/bonds/72b1e530-dd47-49e2-91f2-8f3602054bc3'
  └
  ✓  Each bond property has the correct format
  ┌
  │ "Link 'self' in bond 0 is valid:", 'https://api.stagin
  │ g.mercap.com.ar/bonds/9f8d6a98-199c-41e7-ad56-d70f08d7
  │ 8628'
  │ "Link 'self' in bond 1 is valid:", 'https://api.stagin
  │ g.mercap.com.ar/bonds/5b5084c6-16b3-49f8-9bed-ee122ebe
  │ ef11'
  │ "Link 'self' in bond 2 is valid:", 'https://api.stagin
  │ g.mercap.com.ar/bonds/aca1c2b2-0dda-4235-9f91-f61b2710
  │ a955'
  │ "Link 'self' in bond 3 is valid:", 'https://api.stagin
  │ g.mercap.com.ar/bonds/467a0102-75f2-4b59-aa66-5d182e6c
  │ 1d58'
  │ "Link 'self' in bond 4 is valid:", 'https://api.stagin
  │ g.mercap.com.ar/bonds/ca619c61-beaf-4160-9bcc-b9df0e0e
  │ 7938'
  │ "Link 'self' in bond 5 is valid:", 'https://api.stagin
  │ g.mercap.com.ar/bonds/935718fe-3140-424e-817d-3ba64bbc
  │ 60a6'
  │ "Link 'self' in bond 6 is valid:", 'https://api.stagin
  │ g.mercap.com.ar/bonds/c205e424-1203-475f-b83b-127bfcd7
  │ 7dc6'
  │ "Link 'self' in bond 7 is valid:", 'https://api.stagin
  │ g.mercap.com.ar/bonds/098d7637-6d3f-46b9-a08b-601da300
  │ a433'
  │ "Link 'self' in bond 8 is valid:", 'https://api.stagin
  │ g.mercap.com.ar/bonds/b8e763aa-8edc-4117-8f39-953f55c2
  │ 6f8e'
  │ "Link 'self' in bond 9 is valid:", 'https://api.stagin
  │ g.mercap.com.ar/bonds/72b1e530-dd47-49e2-91f2-8f360205
  │ 4bc3'
  └
  ✓  Links are valid URLs
  ┌
  │ "Global link 'next' is valid: https://api.staging.merc
  │ ap.com.ar/bonds?limit=10&start=11"
  │ "Global link 'self' is valid: https://api.staging.merc
  │ ap.com.ar/bonds"
  │ "Global link 'last' is valid: https://api.staging.merc
  │ ap.com.ar/bonds?limit=10&start=1091"
  └
  ✓  Global links are valid URLs
  ┌
  │ "No 'query' parameter provided in request."
  └
  ✓  Results match the query parameter
  ┌
  │ "No 'shortName' parameter provided in request."
  └
  ✓  Results match the shortName parameter
  ┌
  │ 'Results respect the limit parameter (max 10 items).'
  └
  ✓  Results respect the limit parameter
  ┌
  │ 'Validated that the first bond in response starts at i
  │ ndex 1.'
  └
  ✓  Start parameter skips the correct number of bonds
  ┌
  │ 'Response code is not 406, no validation necessary.'
  └
  ✓  Error 406 response structure
  ┌
  │ 'Limit is not 0, skipping error validation.'
  └
  ✓  Limit parameter is 0, response should be 400
  ✓  cashflowUnits: estructura válida por variante

↳ All bonds - for issuer
  ┌
  │ '▶ [undefined] Ejecutando con ticker: AL30'
  └
  GET https://api.staging.mercap.com.ar/tradable-securities?query=AL30&tradeDate=2026-09-16 [200 OK, 2.64kB, 78ms]
  ┌
  │ '🔎 SHORT_NAME: AL30'
  └
  GET https://api.staging.mercap.com.ar/instrument-issuers [200 OK, 135.58kB, 452ms]
  ┌
  │ 'https://api.staging.mercap.com.ar/instrument-issuers/
  │ 89874250-34f0-4358-a261-c13ce5bac46a'
  └
  GET https://api.staging.mercap.com.ar/bonds?issuer=https://api.staging.mercap.com.ar/instrument-issuers/89874250-34f0-4358-a261-c13ce5bac46a [200 OK, 3.31kB, 197ms]
  ┌
  │ 'Status code is 200.'
  └
  ✓  Status code is 200
  ┌
  │ 'Content-Type header is correct.'
  └
  ✓  Media-Type is correct
  ┌
  │ "'items' array is present and not empty."
  └
  ✓  Response contains 'items' array with elements
  ┌
  │ 'Bond 0 validated successfully.'
  │ 'Bond 1 validated successfully.'
  │ 'Bond 2 validated successfully.'
  │ 'Bond 3 validated successfully.'
  └
  ✓  Each bond has required properties
  ┌
  │ 'Bond 0: shortName is valid: US10YT'
  │ 'Bond 0: name is valid: U.S. 10 years 3,875% (US10YT)'
  │ 'Bond 0: debtType is valid: Título Público'
  │ 'Bond 0: links object is present.'
  │ 'Bond 0: coupons link is valid: https://api.staging.me
  │ rcap.com.ar/bonds/65214f51-5808-414b-a656-5eb993b318cf
  │ /coupons'
  │ 'Bond 0: identifiers link is valid: https://api.stagin
  │ g.mercap.com.ar/bonds/65214f51-5808-414b-a656-5eb993b3
  │ 18cf/identifiers'
  │ 'Bond 0: self link is valid: https://api.staging.merca
  │ p.com.ar/bonds/65214f51-5808-414b-a656-5eb993b318cf'
  │ 'Bond 0: issueConditions link is valid: https://api.st
  │ aging.mercap.com.ar/bonds/65214f51-5808-414b-a656-5eb9
  │ 93b318cf/issue-conditions'
  │ 'Bond 0: paymentSummary link is valid: https://api.sta
  │ ging.mercap.com.ar/bonds/65214f51-5808-414b-a656-5eb99
  │ 3b318cf/payment-summary'
  │ 'Bond 1: shortName is valid: US20YT'
  │ 'Bond 1: name is valid: U.S. 20 years 4,375% (US20YT)'
  │ 'Bond 1: debtType is valid: Título Público'
  │ 'Bond 1: links object is present.'
  │ 'Bond 1: coupons link is valid: https://api.staging.me
  │ rcap.com.ar/bonds/4c375038-3be1-462c-b6b0-a435cc6949a6
  │ /coupons'
  │ 'Bond 1: identifiers link is valid: https://api.stagin
  │ g.mercap.com.ar/bonds/4c375038-3be1-462c-b6b0-a435cc69
  │ 49a6/identifiers'
  │ 'Bond 1: self link is valid: https://api.staging.merca
  │ p.com.ar/bonds/4c375038-3be1-462c-b6b0-a435cc6949a6'
  │ 'Bond 1: issueConditions link is valid: https://api.st
  │ aging.mercap.com.ar/bonds/4c375038-3be1-462c-b6b0-a435
  │ cc6949a6/issue-conditions'
  │ 'Bond 1: paymentSummary link is valid: https://api.sta
  │ ging.mercap.com.ar/bonds/4c375038-3be1-462c-b6b0-a435c
  │ c6949a6/payment-summary'
  │ 'Bond 2: shortName is valid: US30YT'
  │ 'Bond 2: name is valid: U.S. 30 years 4,125% (US30YT)'
  │ 'Bond 2: debtType is valid: Título Público'
  │ 'Bond 2: links object is present.'
  │ 'Bond 2: coupons link is valid: https://api.staging.me
  │ rcap.com.ar/bonds/9249de31-2b61-433d-b1fb-5237d5ada837
  │ /coupons'
  │ 'Bond 2: identifiers link is valid: https://api.stagin
  │ g.mercap.com.ar/bonds/9249de31-2b61-433d-b1fb-5237d5ad
  │ a837/identifiers'
  │ 'Bond 2: self link is valid: https://api.staging.merca
  │ p.com.ar/bonds/9249de31-2b61-433d-b1fb-5237d5ada837'
  │ 'Bond 2: issueConditions link is valid: https://api.st
  │ aging.mercap.com.ar/bonds/9249de31-2b61-433d-b1fb-5237
  │ d5ada837/issue-conditions'
  │ 'Bond 2: paymentSummary link is valid: https://api.sta
  │ ging.mercap.com.ar/bonds/9249de31-2b61-433d-b1fb-5237d
  │ 5ada837/payment-summary'
  │ 'Bond 3: shortName is valid: US5YT'
  │ 'Bond 3: name is valid: U.S. 5 years 4,375% (US5YT)'
  │ 'Bond 3: debtType is valid: Título Público'
  │ 'Bond 3: links object is present.'
  │ 'Bond 3: coupons link is valid: https://api.staging.me
  │ rcap.com.ar/bonds/2169000a-980d-4935-a5ae-babf3d5a0420
  │ /coupons'
  │ 'Bond 3: identifiers link is valid: https://api.stagin
  │ g.mercap.com.ar/bonds/2169000a-980d-4935-a5ae-babf3d5a
  │ 0420/identifiers'
  │ 'Bond 3: self link is valid: https://api.staging.merca
  │ p.com.ar/bonds/2169000a-980d-4935-a5ae-babf3d5a0420'
  │ 'Bond 3: issueConditions link is valid: https://api.st
  │ aging.mercap.com.ar/bonds/2169000a-980d-4935-a5ae-babf
  │ 3d5a0420/issue-conditions'
  │ 'Bond 3: paymentSummary link is valid: https://api.sta
  │ ging.mercap.com.ar/bonds/2169000a-980d-4935-a5ae-babf3
  │ d5a0420/payment-summary'
  └
  ✓  Each bond property has the correct format
  ┌
  │ "Link 'coupons' in bond 0 is valid:", 'https://api.sta
  │ ging.mercap.com.ar/bonds/65214f51-5808-414b-a656-5eb99
  │ 3b318cf/coupons'
  │ "Link 'identifiers' in bond 0 is valid:", 'https://api
  │ .staging.mercap.com.ar/bonds/65214f51-5808-414b-a656-5
  │ eb993b318cf/identifiers'
  │ "Link 'self' in bond 0 is valid:", 'https://api.stagin
  │ g.mercap.com.ar/bonds/65214f51-5808-414b-a656-5eb993b3
  │ 18cf'
  │ "Link 'issueConditions' in bond 0 is valid:", 'https:/
  │ /api.staging.mercap.com.ar/bonds/65214f51-5808-414b-a6
  │ 56-5eb993b318cf/issue-conditions'
  │ "Link 'paymentSummary' in bond 0 is valid:", 'https://
  │ api.staging.mercap.com.ar/bonds/65214f51-5808-414b-a65
  │ 6-5eb993b318cf/payment-summary'
  │ "Link 'coupons' in bond 1 is valid:", 'https://api.sta
  │ ging.mercap.com.ar/bonds/4c375038-3be1-462c-b6b0-a435c
  │ c6949a6/coupons'
  │ "Link 'identifiers' in bond 1 is valid:", 'https://api
  │ .staging.mercap.com.ar/bonds/4c375038-3be1-462c-b6b0-a
  │ 435cc6949a6/identifiers'
  │ "Link 'self' in bond 1 is valid:", 'https://api.stagin
  │ g.mercap.com.ar/bonds/4c375038-3be1-462c-b6b0-a435cc69
  │ 49a6'
  │ "Link 'issueConditions' in bond 1 is valid:", 'https:/
  │ /api.staging.mercap.com.ar/bonds/4c375038-3be1-462c-b6
  │ b0-a435cc6949a6/issue-conditions'
  │ "Link 'paymentSummary' in bond 1 is valid:", 'https://
  │ api.staging.mercap.com.ar/bonds/4c375038-3be1-462c-b6b
  │ 0-a435cc6949a6/payment-summary'
  │ "Link 'coupons' in bond 2 is valid:", 'https://api.sta
  │ ging.mercap.com.ar/bonds/9249de31-2b61-433d-b1fb-5237d
  │ 5ada837/coupons'
  │ "Link 'identifiers' in bond 2 is valid:", 'https://api
  │ .staging.mercap.com.ar/bonds/9249de31-2b61-433d-b1fb-5
  │ 237d5ada837/identifiers'
  │ "Link 'self' in bond 2 is valid:", 'https://api.stagin
  │ g.mercap.com.ar/bonds/9249de31-2b61-433d-b1fb-5237d5ad
  │ a837'
  │ "Link 'issueConditions' in bond 2 is valid:", 'https:/
  │ /api.staging.mercap.com.ar/bonds/9249de31-2b61-433d-b1
  │ fb-5237d5ada837/issue-conditions'
  │ "Link 'paymentSummary' in bond 2 is valid:", 'https://
  │ api.staging.mercap.com.ar/bonds/9249de31-2b61-433d-b1f
  │ b-5237d5ada837/payment-summary'
  │ "Link 'coupons' in bond 3 is valid:", 'https://api.sta
  │ ging.mercap.com.ar/bonds/2169000a-980d-4935-a5ae-babf3
  │ d5a0420/coupons'
  │ "Link 'identifiers' in bond 3 is valid:", 'https://api
  │ .staging.mercap.com.ar/bonds/2169000a-980d-4935-a5ae-b
  │ abf3d5a0420/identifiers'
  │ "Link 'self' in bond 3 is valid:", 'https://api.stagin
  │ g.mercap.com.ar/bonds/2169000a-980d-4935-a5ae-babf3d5a
  │ 0420'
  │ "Link 'issueConditions' in bond 3 is valid:", 'https:/
  │ /api.staging.mercap.com.ar/bonds/2169000a-980d-4935-a5
  │ ae-babf3d5a0420/issue-conditions'
  │ "Link 'paymentSummary' in bond 3 is valid:", 'https://
  │ api.staging.mercap.com.ar/bonds/2169000a-980d-4935-a5a
  │ e-babf3d5a0420/payment-summary'
  └
  ✓  Links are valid URLs
  GET https://api.staging.mercap.com.ar/instrument-issuers/89874250-34f0-4358-a261-c13ce5bac46a [200 OK, 865B, 155ms]
  GET https://api.staging.mercap.com.ar/bonds/65214f51-5808-414b-a656-5eb993b318cf/issue-conditions   GET https://api.staging.mercap.com.ar/bonds/4c375038-3be1-462c-b6b0-a435cc6949a6/issue-conditions   GET https://api.staging.mercap.com.ar/bonds/9249de31-2b61-433d-b1fb-5237d5ada837/issue-conditions   GET https://api.staging.mercap.com.ar/bonds/2169000a-980d-4935-a5ae-babf3d5a0420/issue-conditions [200 OK, 1.33kB, 103ms]
[200 OK, 1.33kB, 122ms]
[200 OK, 1.33kB, 134ms]
[200 OK, 1.34kB, 205ms]
  ✓  validar que solo devuelva items asociados al issuer enviado por parametro

↳ All bonds - for issuer - bond+json
  ┌
  │ '▶ [undefined] Ejecutando con ticker: AL30'
  └
  GET https://api.staging.mercap.com.ar/tradable-securities?query=AL30&tradeDate=2026-09-16 [200 OK, 2.64kB, 60ms]
  ┌
  │ '🔎 SHORT_NAME: AL30'
  └
  GET https://api.staging.mercap.com.ar/instrument-issuers [200 OK, 135.59kB, 1113ms]
  ┌
  │ 'https://api.staging.mercap.com.ar/instrument-issuers/
  │ 89874250-34f0-4358-a261-c13ce5bac46a'
  └
  GET https://api.staging.mercap.com.ar/bonds?issuer=https://api.staging.mercap.com.ar/instrument-issuers/89874250-34f0-4358-a261-c13ce5bac46a [200 OK, 32.64kB, 636ms]
  ✓  Status code is 200
  ✓  Media-Type is correct
  ✓  Response contains 'items' array with elements
  ✓  Each bond has required properties
  ✓  Each bond property has the correct format
  ✓  Links are valid URLs
  ✓  validar que solo devuelva items asociados al issuer enviado por parametro
  ✓  cashflowUnits: estructura válida por variante

↳ All bonds - start & limit parameters
  ┌
  │ '▶ [undefined] Ejecutando con ticker: AL30'
  └
  GET https://api.staging.mercap.com.ar/tradable-securities?query=AL30&tradeDate=2026-09-16 [200 OK, 2.64kB, 152ms]
  ┌
  │ '🔎 SHORT_NAME: AL30'
  └
  GET https://api.staging.mercap.com.ar/bonds?limit=5&start=2 [200 OK, 4.3kB, 182ms]
  ┌
  │ 'Response received successfully.'
  └
  ✓  Response is received
  ┌
  │ 'Status code is 200.'
  └
  ✓  Status code is 200
  ┌
  │ 'Content-Type header is correct.'
  └
  ✓  Media-Type is correct
  ┌
  │ "'items' array is present and not empty."
  └
  ✓  Response contains 'items' array with elements
  ┌
  │ 'Bond 0 validated successfully.'
  │ 'Bond 1 validated successfully.'
  │ 'Bond 2 validated successfully.'
  │ 'Bond 3 validated successfully.'
  │ 'Bond 4 validated successfully.'
  └
  ✓  Each bond has required properties
  ┌
  │ 'Bond 0: shortName is valid: BVCPO'
  │ 'Bond 0: name is valid: \tBST 2026 U$S 8 % (BVCPO)'
  │ 'Bond 0: debtType is valid: Obligación Negociable'
  │ 'Bond 0: links object is present.'
  │ 'Bond 0: coupons link is valid: https://api.staging.me
  │ rcap.com.ar/bonds/5b5084c6-16b3-49f8-9bed-ee122ebeef11
  │ /coupons'
  │ 'Bond 0: identifiers link is valid: https://api.stagin
  │ g.mercap.com.ar/bonds/5b5084c6-16b3-49f8-9bed-ee122ebe
  │ ef11/identifiers'
  │ 'Bond 0: self link is valid: https://api.staging.merca
  │ p.com.ar/bonds/5b5084c6-16b3-49f8-9bed-ee122ebeef11'
  │ 'Bond 0: issueConditions link is valid: https://api.st
  │ aging.mercap.com.ar/bonds/5b5084c6-16b3-49f8-9bed-ee12
  │ 2ebeef11/issue-conditions'
  │ 'Bond 0: paymentSummary link is valid: https://api.sta
  │ ging.mercap.com.ar/bonds/5b5084c6-16b3-49f8-9bed-ee122
  │ ebeef11/payment-summary'
  │ 'Bond 1: shortName is valid: MR40O'
  │ 'Bond 1: name is valid: \tGEMSA 2031 u$s 11% (MR40O)'
  │ 'Bond 1: debtType is valid: Obligación Negociable'
  │ 'Bond 1: links object is present.'
  │ 'Bond 1: coupons link is valid: https://api.staging.me
  │ rcap.com.ar/bonds/aca1c2b2-0dda-4235-9f91-f61b2710a955
  │ /coupons'
  │ 'Bond 1: identifiers link is valid: https://api.stagin
  │ g.mercap.com.ar/bonds/aca1c2b2-0dda-4235-9f91-f61b2710
  │ a955/identifiers'
  │ 'Bond 1: self link is valid: https://api.staging.merca
  │ p.com.ar/bonds/aca1c2b2-0dda-4235-9f91-f61b2710a955'
  │ 'Bond 1: issueConditions link is valid: https://api.st
  │ aging.mercap.com.ar/bonds/aca1c2b2-0dda-4235-9f91-f61b
  │ 2710a955/issue-conditions'
  │ 'Bond 1: paymentSummary link is valid: https://api.sta
  │ ging.mercap.com.ar/bonds/aca1c2b2-0dda-4235-9f91-f61b2
  │ 710a955/payment-summary'
  │ 'Bond 2: shortName is valid: RES2P'
  │ 'Bond 2: name is valid: \tRECARD S.A 2028 $ Badlar+800
  │ bp (RES2P)'
  │ 'Bond 2: debtType is valid: Obligación Negociable'
  │ 'Bond 2: links object is present.'
  │ 'Bond 2: coupons link is valid: https://api.staging.me
  │ rcap.com.ar/bonds/467a0102-75f2-4b59-aa66-5d182e6c1d58
  │ /coupons'
  │ 'Bond 2: identifiers link is valid: https://api.stagin
  │ g.mercap.com.ar/bonds/467a0102-75f2-4b59-aa66-5d182e6c
  │ 1d58/identifiers'
  │ 'Bond 2: self link is valid: https://api.staging.merca
  │ p.com.ar/bonds/467a0102-75f2-4b59-aa66-5d182e6c1d58'
  │ 'Bond 2: issueConditions link is valid: https://api.st
  │ aging.mercap.com.ar/bonds/467a0102-75f2-4b59-aa66-5d18
  │ 2e6c1d58/issue-conditions'
  │ 'Bond 2: paymentSummary link is valid: https://api.sta
  │ ging.mercap.com.ar/bonds/467a0102-75f2-4b59-aa66-5d182
  │ e6c1d58/payment-summary'
  │ 'Bond 3: shortName is valid: TTCBO'
  │ 'Bond 3: name is valid: \tTecpetrol 2027 u$s 6.5% (TTC
  │ BO)'
  │ 'Bond 3: debtType is valid: Obligación Negociable'
  │ 'Bond 3: links object is present.'
  │ 'Bond 3: coupons link is valid: https://api.staging.me
  │ rcap.com.ar/bonds/ca619c61-beaf-4160-9bcc-b9df0e0e7938
  │ /coupons'
  │ 'Bond 3: identifiers link is valid: https://api.stagin
  │ g.mercap.com.ar/bonds/ca619c61-beaf-4160-9bcc-b9df0e0e
  │ 7938/identifiers'
  │ 'Bond 3: self link is valid: https://api.staging.merca
  │ p.com.ar/bonds/ca619c61-beaf-4160-9bcc-b9df0e0e7938'
  │ 'Bond 3: issueConditions link is valid: https://api.st
  │ aging.mercap.com.ar/bonds/ca619c61-beaf-4160-9bcc-b9df
  │ 0e0e7938/issue-conditions'
  │ 'Bond 3: paymentSummary link is valid: https://api.sta
  │ ging.mercap.com.ar/bonds/ca619c61-beaf-4160-9bcc-b9df0
  │ e0e7938/payment-summary'
  │ 'Bond 4: shortName is valid: GYC4O'
  │ 'Bond 4: name is valid: 360 ENERGY 2027 U$S 8% (GYC4O)
  │ '
  │ 'Bond 4: debtType is valid: Obligación Negociable'
  │ 'Bond 4: links object is present.'
  │ 'Bond 4: coupons link is valid: https://api.staging.me
  │ rcap.com.ar/bonds/935718fe-3140-424e-817d-3ba64bbc60a6
  │ /coupons'
  │ 'Bond 4: identifiers link is valid: https://api.stagin
  │ g.mercap.com.ar/bonds/935718fe-3140-424e-817d-3ba64bbc
  │ 60a6/identifiers'
  │ 'Bond 4: self link is valid: https://api.staging.merca
  │ p.com.ar/bonds/935718fe-3140-424e-817d-3ba64bbc60a6'
  │ 'Bond 4: issueConditions link is valid: https://api.st
  │ aging.mercap.com.ar/bonds/935718fe-3140-424e-817d-3ba6
  │ 4bbc60a6/issue-conditions'
  │ 'Bond 4: paymentSummary link is valid: https://api.sta
  │ ging.mercap.com.ar/bonds/935718fe-3140-424e-817d-3ba64
  │ bbc60a6/payment-summary'
  └
  ✓  Each bond property has the correct format
  ┌
  │ "Link 'coupons' in bond 0 is valid:", 'https://api.sta
  │ ging.mercap.com.ar/bonds/5b5084c6-16b3-49f8-9bed-ee122
  │ ebeef11/coupons'
  │ "Link 'identifiers' in bond 0 is valid:", 'https://api
  │ .staging.mercap.com.ar/bonds/5b5084c6-16b3-49f8-9bed-e
  │ e122ebeef11/identifiers'
  │ "Link 'self' in bond 0 is valid:", 'https://api.stagin
  │ g.mercap.com.ar/bonds/5b5084c6-16b3-49f8-9bed-ee122ebe
  │ ef11'
  │ "Link 'issueConditions' in bond 0 is valid:", 'https:/
  │ /api.staging.mercap.com.ar/bonds/5b5084c6-16b3-49f8-9b
  │ ed-ee122ebeef11/issue-conditions'
  │ "Link 'paymentSummary' in bond 0 is valid:", 'https://
  │ api.staging.mercap.com.ar/bonds/5b5084c6-16b3-49f8-9be
  │ d-ee122ebeef11/payment-summary'
  │ "Link 'coupons' in bond 1 is valid:", 'https://api.sta
  │ ging.mercap.com.ar/bonds/aca1c2b2-0dda-4235-9f91-f61b2
  │ 710a955/coupons'
  │ "Link 'identifiers' in bond 1 is valid:", 'https://api
  │ .staging.mercap.com.ar/bonds/aca1c2b2-0dda-4235-9f91-f
  │ 61b2710a955/identifiers'
  │ "Link 'self' in bond 1 is valid:", 'https://api.stagin
  │ g.mercap.com.ar/bonds/aca1c2b2-0dda-4235-9f91-f61b2710
  │ a955'
  │ "Link 'issueConditions' in bond 1 is valid:", 'https:/
  │ /api.staging.mercap.com.ar/bonds/aca1c2b2-0dda-4235-9f
  │ 91-f61b2710a955/issue-conditions'
  │ "Link 'paymentSummary' in bond 1 is valid:", 'https://
  │ api.staging.mercap.com.ar/bonds/aca1c2b2-0dda-4235-9f9
  │ 1-f61b2710a955/payment-summary'
  │ "Link 'coupons' in bond 2 is valid:", 'https://api.sta
  │ ging.mercap.com.ar/bonds/467a0102-75f2-4b59-aa66-5d182
  │ e6c1d58/coupons'
  │ "Link 'identifiers' in bond 2 is valid:", 'https://api
  │ .staging.mercap.com.ar/bonds/467a0102-75f2-4b59-aa66-5
  │ d182e6c1d58/identifiers'
  │ "Link 'self' in bond 2 is valid:", 'https://api.stagin
  │ g.mercap.com.ar/bonds/467a0102-75f2-4b59-aa66-5d182e6c
  │ 1d58'
  │ "Link 'issueConditions' in bond 2 is valid:", 'https:/
  │ /api.staging.mercap.com.ar/bonds/467a0102-75f2-4b59-aa
  │ 66-5d182e6c1d58/issue-conditions'
  │ "Link 'paymentSummary' in bond 2 is valid:", 'https://
  │ api.staging.mercap.com.ar/bonds/467a0102-75f2-4b59-aa6
  │ 6-5d182e6c1d58/payment-summary'
  │ "Link 'coupons' in bond 3 is valid:", 'https://api.sta
  │ ging.mercap.com.ar/bonds/ca619c61-beaf-4160-9bcc-b9df0
  │ e0e7938/coupons'
  │ "Link 'identifiers' in bond 3 is valid:", 'https://api
  │ .staging.mercap.com.ar/bonds/ca619c61-beaf-4160-9bcc-b
  │ 9df0e0e7938/identifiers'
  │ "Link 'self' in bond 3 is valid:", 'https://api.stagin
  │ g.mercap.com.ar/bonds/ca619c61-beaf-4160-9bcc-b9df0e0e
  │ 7938'
  │ "Link 'issueConditions' in bond 3 is valid:", 'https:/
  │ /api.staging.mercap.com.ar/bonds/ca619c61-beaf-4160-9b
  │ cc-b9df0e0e7938/issue-conditions'
  │ "Link 'paymentSummary' in bond 3 is valid:", 'https://
  │ api.staging.mercap.com.ar/bonds/ca619c61-beaf-4160-9bc
  │ c-b9df0e0e7938/payment-summary'
  │ "Link 'coupons' in bond 4 is valid:", 'https://api.sta
  │ ging.mercap.com.ar/bonds/935718fe-3140-424e-817d-3ba64
  │ bbc60a6/coupons'
  │ "Link 'identifiers' in bond 4 is valid:", 'https://api
  │ .staging.mercap.com.ar/bonds/935718fe-3140-424e-817d-3
  │ ba64bbc60a6/identifiers'
  │ "Link 'self' in bond 4 is valid:", 'https://api.stagin
  │ g.mercap.com.ar/bonds/935718fe-3140-424e-817d-3ba64bbc
  │ 60a6'
  │ "Link 'issueConditions' in bond 4 is valid:", 'https:/
  │ /api.staging.mercap.com.ar/bonds/935718fe-3140-424e-81
  │ 7d-3ba64bbc60a6/issue-conditions'
  │ "Link 'paymentSummary' in bond 4 is valid:", 'https://
  │ api.staging.mercap.com.ar/bonds/935718fe-3140-424e-817
  │ d-3ba64bbc60a6/payment-summary'
  └
  ✓  Links are valid URLs
  ┌
  │ "Global link 'first' is valid: https://api.staging.mer
  │ cap.com.ar/bonds?limit=5&start=1"
  │ "Global link 'next' is valid: https://api.staging.merc
  │ ap.com.ar/bonds?limit=5&start=7"
  │ "Global link 'self' is valid: https://api.staging.merc
  │ ap.com.ar/bonds?limit=5&start=2"
  │ "Global link 'last' is valid: https://api.staging.merc
  │ ap.com.ar/bonds?limit=5&start=1096"
  └
  ✓  Global links are valid URLs
  ┌
  │ "No 'query' parameter provided in request."
  └
  ✓  Results match the query parameter
  ┌
  │ "No 'shortName' parameter provided in request."
  └
  ✓  Results match the shortName parameter
  ┌
  │ 'Results respect the limit parameter (max 5 items).'
  └
  ✓  Results respect the limit parameter
  ┌
  │ 'Validated that the first bond in response starts at i
  │ ndex 2.'
  └
  ✓  Start parameter skips the correct number of bonds
  ┌
  │ 'Response code is not 406, no validation necessary.'
  └
  ✓  Error 406 response structure
  ┌
  │ 'Limit is not 0, skipping error validation.'
  └
  ✓  Limit parameter is 0, response should be 400

↳ All bonds - start & limit parameters - bond+json
  ┌
  │ '▶ [undefined] Ejecutando con ticker: AL30'
  └
  GET https://api.staging.mercap.com.ar/tradable-securities?query=AL30&tradeDate=2026-09-16 [200 OK, 2.64kB, 62ms]
  ┌
  │ '🔎 SHORT_NAME: AL30'
  └
  GET https://api.staging.mercap.com.ar/bonds?limit=5&start=2 [200 OK, 16.31kB, 594ms]
  ┌
  │ 'Response received successfully.'
  └
  ✓  Response is received
  ┌
  │ 'Status code is 200.'
  └
  ✓  Status code is 200
  ┌
  │ 'Content-Type header is correct.'
  └
  ✓  Media-Type is correct
  ┌
  │ "'items' array is present and not empty."
  └
  ✓  Response contains 'items' array with elements
  ┌
  │ 'Bond 0 validated successfully.'
  │ 'Bond 1 validated successfully.'
  │ 'Bond 2 validated successfully.'
  │ 'Bond 3 validated successfully.'
  │ 'Bond 4 validated successfully.'
  └
  ✓  Each bond has required properties
  ┌
  │ 'Bond 0: shortName is valid: BVCPO'
  │ 'Bond 0: name is valid: \tBST 2026 U$S 8 % (BVCPO)'
  │ 'Bond 0: coupons array is present with 4 items.'
  │ 'Bond 0: maturityDate is valid: 2026-10-21'
  │ 'Bond 0: issue object is present.'
  │ 'Bond 0: debtType is valid: https://api.staging.mercap
  │ .com.ar/debt-types/a6af5129-7f88-46ce-879b-bfb0a4ee8a7
  │ b'
  │ 'Bond 0: links object is present.'
  │ 'Bond 0: self link is valid: https://api.staging.merca
  │ p.com.ar/bonds/5b5084c6-16b3-49f8-9bed-ee122ebeef11'
  │ 'Bond 1: shortName is valid: MR40O'
  │ 'Bond 1: name is valid: \tGEMSA 2031 u$s 11% (MR40O)'
  │ 'Bond 1: coupons array is present with 14 items.'
  │ 'Bond 1: maturityDate is valid: 2031-10-31'
  │ 'Bond 1: issue object is present.'
  │ 'Bond 1: debtType is valid: https://api.staging.mercap
  │ .com.ar/debt-types/a6af5129-7f88-46ce-879b-bfb0a4ee8a7
  │ b'
  │ 'Bond 1: links object is present.'
  │ 'Bond 1: self link is valid: https://api.staging.merca
  │ p.com.ar/bonds/aca1c2b2-0dda-4235-9f91-f61b2710a955'
  │ 'Bond 2: shortName is valid: RES2P'
  │ 'Bond 2: name is valid: \tRECARD S.A 2028 $ Badlar+800
  │ bp (RES2P)'
  │ 'Bond 2: coupons array is present with 8 items.'
  │ 'Bond 2: maturityDate is valid: 2026-09-30'
  │ 'Bond 2: issue object is present.'
  │ 'Bond 2: debtType is valid: https://api.staging.mercap
  │ .com.ar/debt-types/a6af5129-7f88-46ce-879b-bfb0a4ee8a7
  │ b'
  │ 'Bond 2: links object is present.'
  │ 'Bond 2: self link is valid: https://api.staging.merca
  │ p.com.ar/bonds/467a0102-75f2-4b59-aa66-5d182e6c1d58'
  │ 'Bond 3: shortName is valid: TTCBO'
  │ 'Bond 3: name is valid: \tTecpetrol 2027 u$s 6.5% (TTC
  │ BO)'
  │ 'Bond 3: coupons array is present with 4 items.'
  │ 'Bond 3: maturityDate is valid: 2027-10-16'
  │ 'Bond 3: issue object is present.'
  │ 'Bond 3: debtType is valid: https://api.staging.mercap
  │ .com.ar/debt-types/a6af5129-7f88-46ce-879b-bfb0a4ee8a7
  │ b'
  │ 'Bond 3: links object is present.'
  │ 'Bond 3: self link is valid: https://api.staging.merca
  │ p.com.ar/bonds/ca619c61-beaf-4160-9bcc-b9df0e0e7938'
  │ 'Bond 4: shortName is valid: GYC4O'
  │ 'Bond 4: name is valid: 360 ENERGY 2027 U$S 8% (GYC4O)
  │ '
  │ 'Bond 4: coupons array is present with 11 items.'
  │ 'Bond 4: maturityDate is valid: 2027-10-30'
  │ 'Bond 4: issue object is present.'
  │ 'Bond 4: debtType is valid: https://api.staging.mercap
  │ .com.ar/debt-types/a6af5129-7f88-46ce-879b-bfb0a4ee8a7
  │ b'
  │ 'Bond 4: links object is present.'
  │ 'Bond 4: self link is valid: https://api.staging.merca
  │ p.com.ar/bonds/935718fe-3140-424e-817d-3ba64bbc60a6'
  └
  ✓  Each bond property has the correct format
  ┌
  │ "Link 'self' in bond 0 is valid:", 'https://api.stagin
  │ g.mercap.com.ar/bonds/5b5084c6-16b3-49f8-9bed-ee122ebe
  │ ef11'
  │ "Link 'self' in bond 1 is valid:", 'https://api.stagin
  │ g.mercap.com.ar/bonds/aca1c2b2-0dda-4235-9f91-f61b2710
  │ a955'
  │ "Link 'self' in bond 2 is valid:", 'https://api.stagin
  │ g.mercap.com.ar/bonds/467a0102-75f2-4b59-aa66-5d182e6c
  │ 1d58'
  │ "Link 'self' in bond 3 is valid:", 'https://api.stagin
  │ g.mercap.com.ar/bonds/ca619c61-beaf-4160-9bcc-b9df0e0e
  │ 7938'
  │ "Link 'self' in bond 4 is valid:", 'https://api.stagin
  │ g.mercap.com.ar/bonds/935718fe-3140-424e-817d-3ba64bbc
  │ 60a6'
  └
  ✓  Links are valid URLs
  ┌
  │ "Global link 'first' is valid: https://api.staging.mer
  │ cap.com.ar/bonds?limit=5&start=1"
  │ "Global link 'next' is valid: https://api.staging.merc
  │ ap.com.ar/bonds?limit=5&start=7"
  │ "Global link 'self' is valid: https://api.staging.merc
  │ ap.com.ar/bonds?limit=5&start=2"
  │ "Global link 'last' is valid: https://api.staging.merc
  │ ap.com.ar/bonds?limit=5&start=1096"
  └
  ✓  Global links are valid URLs
  ┌
  │ "No 'query' parameter provided in request."
  └
  ✓  Results match the query parameter
  ┌
  │ "No 'shortName' parameter provided in request."
  └
  ✓  Results match the shortName parameter
  ┌
  │ 'Results respect the limit parameter (max 5 items).'
  └
  ✓  Results respect the limit parameter
  ┌
  │ 'Validated that the response self link starts at index
  │  2.'
  └
  ✓  Start parameter skips the correct number of bonds
  ┌
  │ 'Response code is not 406, no validation necessary.'
  └
  ✓  Error 406 response structure
  ┌
  │ 'Limit is not 0, skipping error validation.'
  └
  ✓  Limit parameter is 0, response should be 400
  ✓  cashflowUnits: estructura válida por variante

↳ Only shortName parameter
  ┌
  │ '▶ [undefined] Ejecutando con ticker: AL30'
  └
  GET https://api.staging.mercap.com.ar/tradable-securities?query=AL30&tradeDate=2026-09-16 [200 OK, 2.63kB, 68ms]
  ┌
  │ '🔎 SHORT_NAME: AL30'
  └
  GET https://api.staging.mercap.com.ar/bonds?shortName=AL30 [200 OK, 1.41kB, 186ms]
  ┌
  │ 'Response received successfully.'
  └
  ✓  Response is received
  ┌
  │ 'Status code is 200.'
  └
  ✓  Status code is 200
  ┌
  │ 'Content-Type header is correct.'
  └
  ✓  Media-Type is correct
  ┌
  │ "'items' array is present and not empty."
  └
  ✓  Response contains 'items' array with elements
  ┌
  │ 'Bond 0 validated successfully.'
  └
  ✓  Each bond has required properties
  ✓  Each bond property has the correct format
  ✓  Links are valid URLs
  ✓  Global links are valid URLs
  ✓  Results match the query parameter
  ✓  Results respect the limit parameter
  ✓  Start parameter skips the correct number of bonds
  ✓  Error 406 response structure
  ✓  Limit parameter is 0, response should be 400
  ┌
  │ '✔ Variables seteadas:'
  │ 'COUPONS:', 'https://api.staging.mercap.com.ar/bonds/e
  │ cfe885d-8163-4222-acb1-f7020cf05a4a/coupons'
  │ 'IDENTIFIERS:', 'https://api.staging.mercap.com.ar/bon
  │ ds/ecfe885d-8163-4222-acb1-f7020cf05a4a/identifiers'
  │ 'SELF:', 'https://api.staging.mercap.com.ar/bonds/ecfe
  │ 885d-8163-4222-acb1-f7020cf05a4a'
  │ 'ISSUE_CONDITIONS:', 'https://api.staging.mercap.com.a
  │ r/bonds/ecfe885d-8163-4222-acb1-f7020cf05a4a/issue-con
  │ ditions'
  │ 'PAYMENT_SUMMARY:', 'https://api.staging.mercap.com.ar
  │ /bonds/ecfe885d-8163-4222-acb1-f7020cf05a4a/payment-su
  │ mmary'
  └

↳ Only shortName parameter - bond+json
  ┌
  │ '▶ [undefined] Ejecutando con ticker: AL30'
  └
  GET https://api.staging.mercap.com.ar/tradable-securities?query=AL30&tradeDate=2026-09-16 [200 OK, 2.63kB, 67ms]
  ┌
  │ '🔎 SHORT_NAME: AL30'
  └
  GET https://api.staging.mercap.com.ar/bonds?shortName=AL30 [200 OK, 5.84kB, 501ms]
  ┌
  │ 'Response received successfully.'
  └
  ✓  Response is received
  ┌
  │ 'Status code is 200.'
  └
  ✓  Status code is 200
  ┌
  │ 'Content-Type header is correct.'
  └
  ✓  Media-Type is correct
  ┌
  │ "'items' array is present and not empty."
  └
  ✓  Response contains 'items' array with elements
  ┌
  │ 'Bond 0 validated successfully.'
  └
  ✓  Each bond has required properties
  ┌
  │ 'Bond 0 format validated.'
  └
  ✓  Each bond property has the correct format
  ✓  Links are valid URLs
  ✓  Global links are valid URLs
  ✓  Results match the query parameter
  ✓  Results match the shortName parameter
  ✓  Results respect the limit parameter
  ✓  Start parameter skips the correct number of bonds
  ✓  Error 406 response structure
  ✓  Limit parameter is 0, response should be 400
  ┌
  │ '✔ Variables seteadas:'
  │ 'BOND_SELF:', 'https://api.staging.mercap.com.ar/bonds
  │ /ecfe885d-8163-4222-acb1-f7020cf05a4a'
  │ 'DEBT_TYPE:', 'https://api.staging.mercap.com.ar/debt-
  │ types/e3da5be4-2107-4ca2-97d9-77b5cf8e8725'
  └
  ✓  cashflowUnits: estructura válida por variante

↳ Bond by UUID
  ┌
  │ '▶ [undefined] Ejecutando con ticker: AL30'
  └
  GET https://api.staging.mercap.com.ar/tradable-securities?query=AL30&tradeDate=2026-09-16 [200 OK, 2.64kB, 65ms]
  ┌
  │ '🔎 SHORT_NAME: AL30'
  └
  GET https://api.staging.mercap.com.ar/bonds/ecfe885d-8163-4222-acb1-f7020cf05a4a [200 OK, 1.37kB, 89ms]
  ┌
  │ 'Response received successfully.'
  └
  ✓  Response is received
  ┌
  │ 'Status code is 200.'
  └
  ✓  Status code is 200
  ┌
  │ 'Content-Type header is correct.'
  └
  ✓  Media-Type is correct
  ┌
  │ 'All required properties are present.'
  └
  ✓  Response has required properties
  ┌
  │ 'All properties have correct data types.'
  └
  ✓  Response properties have correct data types
  ┌
  │ 'All required link properties are present.'
  └
  ✓  Links object has required properties
  ┌
  │ 'All links are valid URLs.'
  └
  ✓  Links are valid URLs
  ┌
  │ 'shortName is the expected:', 'AL30'
  └
  ✓  ShortName and name are as expected

↳ Bond by UUID - bond+json
  ┌
  │ '▶ [undefined] Ejecutando con ticker: AL30'
  └
  GET https://api.staging.mercap.com.ar/tradable-securities?query=AL30&tradeDate=2026-09-16 [200 OK, 2.65kB, 75ms]
  ┌
  │ '🔎 SHORT_NAME: AL30'
  └
  GET https://api.staging.mercap.com.ar/bonds/ecfe885d-8163-4222-acb1-f7020cf05a4a [200 OK, 5.82kB, 611ms]
  ┌
  │ 'Response received successfully.'
  └
  ✓  Response is received
  ┌
  │ 'Status code is 200.'
  └
  ✓  Status code is 200
  ┌
  │ 'Content-Type header is correct.'
  └
  ✓  Media-Type is correct
  ┌
  │ 'All required properties are present.'
  └
  ✓  Response has required properties
  ┌
  │ 'All properties have correct data types.'
  └
  ✓  Response properties have correct data types
  ┌
  │ 'Required link property (self) is present.'
  └
  ✓  Links object has required properties
  ┌
  │ 'All links are valid URLs.'
  └
  ✓  Links are valid URLs
  ┌
  │ 'debtType is a valid URL:', 'https://api.staging.merca
  │ p.com.ar/debt-types/e3da5be4-2107-4ca2-97d9-77b5cf8e87
  │ 25'
  └
  ✓  debtType is a valid URL
  ┌
  │ 'shortName is the expected:', 'AL30'
  └
  ✓  ShortName is as expected
  ✓  cashflowUnits: estructura válida

↳ Bond payment summary by UUID
  ┌
  │ '▶ [undefined] Ejecutando con ticker: AL30'
  └
  GET https://api.staging.mercap.com.ar/tradable-securities?query=AL30&tradeDate=2026-09-16 [200 OK, 2.63kB, 72ms]
  ┌
  │ '🔎 SHORT_NAME: AL30'
  └
  GET https://api.staging.mercap.com.ar/bonds/ecfe885d-8163-4222-acb1-f7020cf05a4a/payment-summary [200 OK, 1.15kB, 105ms]
  ┌
  │ 'Response received successfully.'
  └
  ✓  Response is received
  ┌
  │ 'Status code is 200.'
  └
  ✓  Status code is 200
  ┌
  │ 'Content-Type header is correct.'
  └
  ✓  Media-Type is correct
  ✓  All main properties have the correct type
  ✓  Amortization has correct properties and should be bullet
  ✓  Links URLs are valid
  ✓  Interest has correct properties
  ✓  Accruement has correct properties

↳ Bond payment summary by UUID - json v1
  ┌
  │ '▶ [undefined] Ejecutando con ticker: AL30'
  └
  GET https://api.staging.mercap.com.ar/tradable-securities?query=AL30&tradeDate=2026-09-16 [200 OK, 2.63kB, 67ms]
  ┌
  │ '🔎 SHORT_NAME: AL30'
  └
  GET https://api.staging.mercap.com.ar/bonds/ecfe885d-8163-4222-acb1-f7020cf05a4a/payment-summary [200 OK, 1.15kB, 97ms]
  ┌
  │ 'Response received successfully.'
  └
  ✓  Response is received
  ┌
  │ 'Status code is 200.'
  └
  ✓  Status code is 200
  ┌
  │ 'Content-Type header is correct.'
  └
  ✓  Media-Type is correct
  ✓  All main properties have the correct type
  ✓  DueDateStrategy has correct properties
  ✓  Amortization has correct properties and should be bullet
  ✓  Links URLs are valid
  ✓  Interest has correct properties
  ✓  Accruement has correct properties

↳ Bond coupons by UUID
  ┌
  │ '▶ [undefined] Ejecutando con ticker: AL30'
  └
  GET https://api.staging.mercap.com.ar/tradable-securities?query=AL30&tradeDate=2026-09-16 [200 OK, 2.64kB, 105ms]
  ┌
  │ '🔎 SHORT_NAME: AL30'
  └
  GET https://api.staging.mercap.com.ar/bonds/ecfe885d-8163-4222-acb1-f7020cf05a4a/coupons [200 OK, 7.12kB, 158ms]
  ┌
  │ 'Response received successfully.'
  └
  ✓  Response is received
  ┌
  │ 'Status code is 200.'
  └
  ✓  Status code is 200
  ┌
  │ 'Content-Type header is correct.'
  └
  ✓  Media-Type is correct
  ┌
  │ "'items' array is present."
  └
  ✓  Response has 'items' array
  ┌
  │ 'All items have required properties.'
  └
  ✓  Each item has required properties
  ┌
  │ "All 'interestRate' objects have required properties."
  └
  ✓  Verify that 'interestRate' has required properties
  ┌
  │ "All 'links' objects have required properties."
  └
  ✓  All 'links' objects have required properties
  ┌
  │ 'All dates have correct format.'
  └
  ✓  Dates have correct format
  ┌
  │ 'All links are valid URLs.'
  └
  ✓  Links are valid URLs
  ┌
  │ "The 'self' link is correct."
  └
  ✓  Verify that 'self' has the correct link
  ┌
  │ 'Coupon numbers are consecutive.'
  └
  ✓  Coupon numbers are consecutive
  ┌
  │ "All 'type' values in 'interestRate' are 'fixed'."
  └
  ✓  Verify that 'type' in 'interestRate' is 'fixed' for each item

↳ Bond issue conditions by UUID
  ┌
  │ '▶ [undefined] Ejecutando con ticker: AL30'
  └
  GET https://api.staging.mercap.com.ar/tradable-securities?query=AL30&tradeDate=2026-09-16 [200 OK, 2.64kB, 91ms]
  ┌
  │ '🔎 SHORT_NAME: AL30'
  └
  GET https://api.staging.mercap.com.ar/bonds/ecfe885d-8163-4222-acb1-f7020cf05a4a/issue-conditions [200 OK, 1.37kB, 188ms]
  ┌
  │ 'Response received successfully.'
  └
  ✓  Response is received
  ┌
  │ 'Status code is 200.'
  └
  ✓  Status code is 200
  ┌
  │ 'Content-Type header is correct.'
  └
  ✓  Media-Type is correct
  ✓  All main properties have the correct type
  ✓  Dates have correct format
  ✓  SmallestDenomination has base and increment
  ✓  FaceValue is greater than zero
  ✓  Term has correct format
  ✓  IssueUnit and PaymentCurrency are valid URLs
  ✓  IssueCountry and Issuer are not empty

↳ Bond issue conditions by UUID - json v1
  ┌
  │ '▶ [undefined] Ejecutando con ticker: AL30'
  └
  GET https://api.staging.mercap.com.ar/tradable-securities?query=AL30&tradeDate=2026-09-16 [200 OK, 2.64kB, 165ms]
  ┌
  │ '🔎 SHORT_NAME: AL30'
  └
  GET https://api.staging.mercap.com.ar/bonds/ecfe885d-8163-4222-acb1-f7020cf05a4a/issue-conditions [200 OK, 1.37kB, 93ms]
  ┌
  │ 'Response received successfully.'
  └
  ✓  Response is received
  ┌
  │ 'Status code is 200.'
  └
  ✓  Status code is 200
  ┌
  │ 'Content-Type header is correct.'
  └
  ✓  Media-Type is correct
  ✓  All main properties have the correct type
  ✓  Dates have correct format
  ✓  SmallestDenomination has base and increment
  ✓  FaceValue is greater than zero
  ✓  Term has correct format
  ✓  IssueCurrency and PaymentCurrency are valid URLs
  ✓  IssueCountry and Issuer are not empty

↳ Bond identifiers by UUID
  ┌
  │ '▶ [undefined] Ejecutando con ticker: AL30'
  └
  GET https://api.staging.mercap.com.ar/tradable-securities?query=AL30&tradeDate=2026-09-16 [200 OK, 2.64kB, 66ms]
  ┌
  │ '🔎 SHORT_NAME: AL30'
  └
  GET https://api.staging.mercap.com.ar/bonds/ecfe885d-8163-4222-acb1-f7020cf05a4a/identifiers [200 OK, 744B, 103ms]
  ✓  Status code is 200
  ✓  Response is an array
  ┌
  │ 'Content-Type header is correct.'
  └
  ✓  Media-Type is correct
  ✓  Each item has type and value
  ✓  Type is a non-empty string
  ✓  Value is a non-empty string
  ✓  Identifiers contain expected types
  ✓  ISIN value format is correct

❏ Pepper-GS32 / Regression-Test / Bond IRRS
↳ Get irrs - one bond
  GET https://historical-data.mercapabbaco.com/irrs?short-names=AL30 [200 OK, 67.71kB, 84ms]
  ✓  Response is received
  ✓  Status code is 200
  ✓  Media-Type is correct
  ✓  Response body is not empty
  ✓  Response is valid JSON

❏ Pepper-GS32 / Regression-Test / Bond Payment Forecasts
↳ Get one bond cashflow - only dateInterval from
  ┌
  │ '▶ [undefined] Ejecutando con ticker: AL30'
  └
  GET https://api.staging.mercap.com.ar/tradable-securities?query=AL30&tradeDate=2026-09-16 [200 OK, 2.63kB, 72ms]
  ┌
  │ '📌 BOND_INSTRUMENT_URL: https://api.staging.mercap.co
  │ m.ar/bonds/ecfe885d-8163-4222-acb1-f7020cf05a4a'
  └
  POST https://api.staging.mercap.com.ar/bond-payment-forecast [200 OK, 5.38kB, 1227ms]
  ┌
  │ 'Response received successfully.'
  └
  ✓  Response is received
  ┌
  │ 'Status code is 200.'
  └
  ✓  Status code is 200
  ┌
  │ 'Content-Type header is correct.'
  └
  ✓  Media-Type is correct
  ┌
  │ 'Result is a non-empty array.'
  └
  ✓  Result is a non-empty array
  ┌
  │ 'Each cashflow has the expected properties.'
  └
  ✓  Each cashflow has correct properties
  ┌
  │ 'Coupon values are incremental by 1.'
  └
  ✓  Verify that coupon value is incremental by 1
  ┌
  │ 'Due dates are in ascending order for each cashflow.'
  └
  ✓  Due dates are in ascending order
  ┌
  │ 'The bond link is correct:', 'https://api.staging.merc
  │ ap.com.ar/bonds/ecfe885d-8163-4222-acb1-f7020cf05a4a'
  └
  ✓  Bond link is correct

↳ Get one bond cashflow - dateInterval from and to
  ┌
  │ '▶ [undefined] Ejecutando con ticker: AL30'
  └
  GET https://api.staging.mercap.com.ar/tradable-securities?query=AL30&tradeDate=2026-09-16 [200 OK, 2.64kB, 80ms]
  ┌
  │ '📌 BOND_INSTRUMENT_URL: https://api.staging.mercap.co
  │ m.ar/bonds/ecfe885d-8163-4222-acb1-f7020cf05a4a'
  └
  POST https://api.staging.mercap.com.ar/bond-payment-forecast [200 OK, 3.59kB, 845ms]
  ┌
  │ 'Response received successfully.'
  └
  ✓  Response is received
  ┌
  │ 'Status code is 200.'
  └
  ✓  Status code is 200
  ┌
  │ 'Content-Type header is correct.'
  └
  ✓  Media-Type is correct
  ┌
  │ 'Result is a non-empty array.'
  └
  ✓  Result is a non-empty array
  ┌
  │ 'Each cashflow has the expected properties.'
  └
  ✓  Each cashflow has correct properties
  ┌
  │ 'Coupon values are incremental by 1.'
  └
  ✓  Verify that coupon value is incremental by 1
  ┌
  │ 'Due dates are in ascending order for each cashflow.'
  └
  ✓  Due dates are in ascending order
  ┌
  │ 'The bond link is correct:', 'https://api.staging.merc
  │ ap.com.ar/bonds/ecfe885d-8163-4222-acb1-f7020cf05a4a'
  └
  ✓  Bond link is correct

↳ Get payment forecasts
  ┌
  │ '▶ [undefined] Ejecutando con ticker: AL30'
  └
  GET https://api.staging.mercap.com.ar/tradable-securities?query=AL30&tradeDate=2026-09-16 [200 OK, 2.63kB, 68ms]
  ┌
  │ '📌 BOND_INSTRUMENT_URL: https://api.staging.mercap.co
  │ m.ar/bonds/ecfe885d-8163-4222-acb1-f7020cf05a4a'
  └
  POST https://api.staging.mercap.com.ar/bond-payment-forecast [200 OK, 1.23kB, 323ms]
  ┌
  │ 'Response received successfully.'
  └
  ✓  Response is received
  ┌
  │ 'Status code is 200.'
  └
  ✓  Status code is 200
  ┌
  │ 'Content-Type header is correct.'
  └
  ✓  Media-Type is correct
  ┌
  │ 'Result is a non-empty array.'
  └
  ✓  Result is a non-empty array
  ┌
  │ 'Each flow has the expected properties.'
  └
  ✓  Each flow has correct properties
  ┌
  │ 'Bond link is correct.'
  └
  ✓  Bond link is correct
  ┌
  │ 'Response has id and jsonrpc.'
  └
  ✓  Response has id and jsonrpc
  ┌
  │ "'concept' is 'Renta' when 'flowMessage' is 'interestT
  │ oPay'."
  └
  ✓  Validate that 'concept' is 'Renta' when 'flowMessage' is 'interestToPay'
  ┌
  │ "'concept' is 'Amortización' when 'flowMessage' is 'am
  │ ortizationToPay'."
  └
  ✓  Validate that 'concept' is 'Amortización' when 'flowMessage' is 'amortizationToPay'

↳ Post /bond-payment-forecast - bond-cashflow - only dateInterval from - Bond Fixed rate, no adjustment, European-30-360
  ┌
  │ '▶ [undefined] Ejecutando con ticker: AL30'
  └
  GET https://api.staging.mercap.com.ar/tradable-securities?query=AL30&tradeDate=2026-09-16 [200 OK, 2.63kB, 80ms]
  ┌
  │ '📌 BOND_INSTRUMENT_URL: https://api.staging.mercap.co
  │ m.ar/bonds/ecfe885d-8163-4222-acb1-f7020cf05a4a'
  └
  GET https://api.staging.mercap.com.ar/tradable-securities?query=US105756CN87&tradeDate=2026-09-16 [200 OK, 2.07kB, 60ms]
  ┌
  │ '📌 BOND_SECURITY_SELF: https://api.staging.mercap.com
  │ .ar/bonds/54fcd3a7-01b2-4136-81f8-b5924d9b14c4'
  └
  POST https://api.staging.mercap.com.ar/bond-payment-forecast [200 OK, 33.46kB, 7.1s]
  ┌
  │ 'Response received successfully.'
  └
  ✓  Response is received
  ┌
  │ 'Status code is 200.'
  └
  ✓  Status code is 200
  ┌
  │ 'Content-Type header is correct.'
  └
  ✓  Media-Type is correct
  ┌
  │ 'Result is a non-empty array.'
  └
  ✓  Result is a non-empty array
  ┌
  │ 'Each cashflow has the expected properties.'
  └
  ✓  Each cashflow has correct properties
  ┌
  │ 'Coupon values are incremental by 1.'
  └
  ✓  Verify that coupon value is incremental by 1
  ┌
  │ 'Due dates are in ascending order for each cashflow.'
  └
  ✓  Due dates are in ascending order
  ┌
  │ 'The bond link is correct:', 'https://api.staging.merc
  │ ap.com.ar/bonds/54fcd3a7-01b2-4136-81f8-b5924d9b14c4'
  └
  ✓  Bond link is correct

↳ Post /bond-payment-forecast - bond-cashflow - dateInterval from and to - Bond Fixed rate, no adjustment, European-30-360
  ┌
  │ '▶ [undefined] Ejecutando con ticker: AL30'
  └
  GET https://api.staging.mercap.com.ar/tradable-securities?query=AL30&tradeDate=2026-09-16 [200 OK, 2.64kB, 170ms]
  ┌
  │ '📌 BOND_INSTRUMENT_URL: https://api.staging.mercap.co
  │ m.ar/bonds/ecfe885d-8163-4222-acb1-f7020cf05a4a'
  └
  GET https://api.staging.mercap.com.ar/tradable-securities?query=US105756CN87&tradeDate=2026-09-16 [200 OK, 2.07kB, 77ms]
  ┌
  │ '📌 BOND_SECURITY_SELF: https://api.staging.mercap.com
  │ .ar/bonds/54fcd3a7-01b2-4136-81f8-b5924d9b14c4'
  └
  POST https://api.staging.mercap.com.ar/bond-payment-forecast [200 OK, 1.85kB, 612ms]
  ┌
  │ 'Response received successfully.'
  └
  ✓  Response is received
  ┌
  │ 'Status code is 200.'
  └
  ✓  Status code is 200
  ┌
  │ 'Content-Type header is correct.'
  └
  ✓  Media-Type is correct
  ┌
  │ 'Result is a non-empty array.'
  └
  ✓  Result is a non-empty array
  ┌
  │ 'Each cashflow has the expected properties.'
  └
  ✓  Each cashflow has correct properties
  ┌
  │ 'Coupon values are incremental by 1.'
  └
  ✓  Verify that coupon value is incremental by 1
  ┌
  │ 'Due dates are in ascending order for each cashflow.'
  └
  ✓  Due dates are in ascending order
  ┌
  │ 'The bond link is correct:', 'https://api.staging.merc
  │ ap.com.ar/bonds/54fcd3a7-01b2-4136-81f8-b5924d9b14c4'
  └
  ✓  Bond link is correct

↳ Post  /bond-payment-forecast - bond-payment-forecasts - Bond Fixed rate, no adjustment, European-30-360
  ┌
  │ '▶ [undefined] Ejecutando con ticker: AL30'
  └
  GET https://api.staging.mercap.com.ar/tradable-securities?query=AL30&tradeDate=2026-09-16 [200 OK, 2.64kB, 79ms]
  ┌
  │ '📌 BOND_INSTRUMENT_URL: https://api.staging.mercap.co
  │ m.ar/bonds/ecfe885d-8163-4222-acb1-f7020cf05a4a'
  └
  GET https://api.staging.mercap.com.ar/tradable-securities?query=US105756CN87&tradeDate=2026-09-16 [200 OK, 2.07kB, 76ms]
  ┌
  │ '📌 BOND_SECURITY_SELF: https://api.staging.mercap.com
  │ .ar/bonds/54fcd3a7-01b2-4136-81f8-b5924d9b14c4'
  └
  POST https://api.staging.mercap.com.ar/bond-payment-forecast [200 OK, 1.19kB, 436ms]
  ┌
  │ 'Response received successfully.'
  └
  ✓  Response is received
  ┌
  │ 'Status code is 200.'
  └
  ✓  Status code is 200
  ┌
  │ 'Content-Type header is correct.'
  └
  ✓  Media-Type is correct
  ┌
  │ 'Result is a non-empty array.'
  └
  ✓  Result is a non-empty array
  ┌
  │ 'Each flow has the expected properties.'
  └
  ✓  Each flow has correct properties
  ┌
  │ 'Bond link is correct.'
  └
  ✓  Bond link is correct
  ┌
  │ 'Response has id and jsonrpc.'
  └
  ✓  Response has id and jsonrpc
  ┌
  │ "'concept' is 'Renta' when 'flowMessage' is 'interestT
  │ oPay'."
  └
  ✓  Validate that 'concept' is 'Renta' when 'flowMessage' is 'interestToPay'
  ┌
  │ "'concept' is 'Amortización' when 'flowMessage' is 'am
  │ ortizationToPay'."
  └
  ✓  Validate that 'concept' is 'Amortización' when 'flowMessage' is 'amortizationToPay'

❏ Pepper-GS32 / Regression-Test / Bond laws
↳ Get all bond laws - validate each self link
  GET https://api.staging.mercap.com.ar/bond-laws [200 OK, 1.86kB, 130ms]
  ✓  Response is received
  ✓  Status code is 200
  ✓  Response contains 'items' array with at least one element
  ✓  Response contains 'links.self'
  ✓  No duplicate bond law names
  ┌
  │ '🔎 Testing Item 1 (Ley Argentina)'
  └
  ✓  Item 1 (Ley Argentina) contains expected properties
  ✓  Item 1 (Ley Argentina) 'name' is a non-empty string
  ✓  Item 1 (Ley Argentina) self link is a valid URL
  GET https://api.staging.mercap.com.ar/bond-laws/18bb25d4-8ab8-4837-b574-1754811dd222 [200 OK, 847B, 197ms]
  ✓  Item 1 (Ley Argentina) self link returns status 200
  ┌
  │ '🔎 Testing Item 2 (Ley N.Y.)'
  └
  ✓  Item 2 (Ley N.Y.) contains expected properties
  ✓  Item 2 (Ley N.Y.) 'name' is a non-empty string
  ✓  Item 2 (Ley N.Y.) self link is a valid URL
  GET https://api.staging.mercap.com.ar/bond-laws/828bc536-1bff-4d3d-bff2-8c98ec12c57b [200 OK, 842B, 182ms]
  ✓  Item 2 (Ley N.Y.) self link returns status 200
  ┌
  │ '🔎 Testing Item 3 (Ley Inglesa)'
  └
  ✓  Item 3 (Ley Inglesa) contains expected properties
  ✓  Item 3 (Ley Inglesa) 'name' is a non-empty string
  ✓  Item 3 (Ley Inglesa) self link is a valid URL
  GET https://api.staging.mercap.com.ar/bond-laws/f7f0b5a4-b1a8-4095-a1c6-dcccd2a42410 [200 OK, 837B, 104ms]
  ✓  Item 3 (Ley Inglesa) self link returns status 200
  ┌
  │ '🔎 Testing Item 4 (Ley Chilena)'
  └
  ✓  Item 4 (Ley Chilena) contains expected properties
  ✓  Item 4 (Ley Chilena) 'name' is a non-empty string
  ✓  Item 4 (Ley Chilena) self link is a valid URL
  GET https://api.staging.mercap.com.ar/bond-laws/b7a5d364-9a04-42a3-9605-921eb5b704a8 [200 OK, 849B, 204ms]
  ✓  Item 4 (Ley Chilena) self link returns status 200
  ┌
  │ '🔎 Testing Item 5 (Ley Paraguaya)'
  └
  ✓  Item 5 (Ley Paraguaya) contains expected properties
  ✓  Item 5 (Ley Paraguaya) 'name' is a non-empty string
  ✓  Item 5 (Ley Paraguaya) self link is a valid URL
  GET https://api.staging.mercap.com.ar/bond-laws/8c970aa1-9fa0-46a1-b355-4a8a79adbee6 [200 OK, 849B, 205ms]
  ✓  Item 5 (Ley Paraguaya) self link returns status 200
  ┌
  │ '🔎 Testing Item 6 (Ley Europea)'
  └
  ✓  Item 6 (Ley Europea) contains expected properties
  ✓  Item 6 (Ley Europea) 'name' is a non-empty string
  ✓  Item 6 (Ley Europea) self link is a valid URL
  GET https://api.staging.mercap.com.ar/bond-laws/2a2af6f8-8264-41c9-86e9-a9eb810c4deb [200 OK, 839B, 198ms]
  ✓  Item 6 (Ley Europea) self link returns status 200
  ┌
  │ '🔎 Testing Item 7 (Ley Brasilera)'
  └
  ✓  Item 7 (Ley Brasilera) contains expected properties
  ✓  Item 7 (Ley Brasilera) 'name' is a non-empty string
  ✓  Item 7 (Ley Brasilera) self link is a valid URL
  GET https://api.staging.mercap.com.ar/bond-laws/5ef6489e-1b5c-4864-8fd2-c57c11038319 [200 OK, 843B, 194ms]
  ✓  Item 7 (Ley Brasilera) self link returns status 200
  ┌
  │ '🔎 Testing Item 8 (Ley Mexicana)'
  └
  ✓  Item 8 (Ley Mexicana) contains expected properties
  ✓  Item 8 (Ley Mexicana) 'name' is a non-empty string
  ✓  Item 8 (Ley Mexicana) self link is a valid URL
  GET https://api.staging.mercap.com.ar/bond-laws/faaf8f43-b147-4c68-aaf9-ffbaf7d27695 [200 OK, 840B, 208ms]
  ✓  Item 8 (Ley Mexicana) self link returns status 200
  ┌
  │ '🔎 Testing Item 9 (Ley Federal (EEUU))'
  └
  ✓  Item 9 (Ley Federal (EEUU)) contains expected properties
  ✓  Item 9 (Ley Federal (EEUU)) 'name' is a non-empty string
  ✓  Item 9 (Ley Federal (EEUU)) self link is a valid URL
  GET https://api.staging.mercap.com.ar/bond-laws/88948c32-92b6-4394-8505-00acd0124a7f [200 OK, 848B, 191ms]
  ✓  Item 9 (Ley Federal (EEUU)) self link returns status 200

❏ Pepper-GS32 / Regression-Test / Bond Screener
↳ Filter by debt-type, issueCurrency, paymentCurrency, issuer & law

❏ Pepper-GS32 / Regression-Test / Currencies
↳ Get all curencies - validate each self link
  GET https://api.staging.mercap.com.ar/currencies [200 OK, 1.92kB, 86ms]
  ✓  Response is received
  ✓  Status code is 200
  ✓  Response contains 'items' array with at least one element
  ✓  Response contains 'links.self'
  ✓  No duplicate currency signs
  ✓  No duplicate singular names
  ┌
  │ '🔎 Testing Item 1 (ARS)'
  └
  ✓  Item 1 (ARS) contains expected properties
  ✓  Item 1 (ARS) text fields are non-empty strings
  ✓  Item 1 (ARS) self link is a valid URL
  GET https://api.staging.mercap.com.ar/currencies/1ab0ad33-7b34-4e64-8a52-a3d4f9cf8452 [200 OK, 875B, 159ms]
  ✓  Item 1 (ARS) self link returns status 200
  ┌
  │ '🔎 Testing Item 2 (USD)'
  └
  ✓  Item 2 (USD) contains expected properties
  ✓  Item 2 (USD) text fields are non-empty strings
  ✓  Item 2 (USD) self link is a valid URL
  GET https://api.staging.mercap.com.ar/currencies/e852e30f-42ad-4343-a7f6-3bc4ec840ed1 [200 OK, 871B, 109ms]
  ✓  Item 2 (USD) self link returns status 200
  ┌
  │ '🔎 Testing Item 3 (EUR)'
  └
  ✓  Item 3 (EUR) contains expected properties
  ✓  Item 3 (EUR) text fields are non-empty strings
  ✓  Item 3 (EUR) self link is a valid URL
  GET https://api.staging.mercap.com.ar/currencies/baeef6f0-0294-4ae5-bc16-dade743ae049 [200 OK, 879B, 95ms]
  ✓  Item 3 (EUR) self link returns status 200
  ┌
  │ '🔎 Testing Item 4 (GBP)'
  └
  ✓  Item 4 (GBP) contains expected properties
  ✓  Item 4 (GBP) text fields are non-empty strings
  ✓  Item 4 (GBP) self link is a valid URL
  GET https://api.staging.mercap.com.ar/currencies/695a7f24-199f-4bf6-984f-0ba08c803956 [200 OK, 875B, 96ms]
  ✓  Item 4 (GBP) self link returns status 200
  ┌
  │ '🔎 Testing Item 5 (CLP)'
  └
  ✓  Item 5 (CLP) contains expected properties
  ✓  Item 5 (CLP) text fields are non-empty strings
  ✓  Item 5 (CLP) self link is a valid URL
  GET https://api.staging.mercap.com.ar/currencies/076f26bd-f0ee-4ead-9f6b-e3881eec23d2 [200 OK, 885B, 202ms]
  ✓  Item 5 (CLP) self link returns status 200
  ┌
  │ '🔎 Testing Item 6 (PYG)'
  └
  ✓  Item 6 (PYG) contains expected properties
  ✓  Item 6 (PYG) text fields are non-empty strings
  ✓  Item 6 (PYG) self link is a valid URL
  GET https://api.staging.mercap.com.ar/currencies/fd3c2d5a-267d-4c93-aa8a-15a490e283e5 [200 OK, 871B, 95ms]
  ✓  Item 6 (PYG) self link returns status 200
  ┌
  │ '🔎 Testing Item 7 (MXN)'
  └
  ✓  Item 7 (MXN) contains expected properties
  ✓  Item 7 (MXN) text fields are non-empty strings
  ✓  Item 7 (MXN) self link is a valid URL
  GET https://api.staging.mercap.com.ar/currencies/6684ef14-e0cf-4096-a088-9071a409e8b8 [200 OK, 877B, 185ms]
  ✓  Item 7 (MXN) self link returns status 200

❏ Pepper-GS32 / Regression-Test / Debt types
↳ Get all debt types - validate each self link
  GET https://api.staging.mercap.com.ar/debt-types [200 OK, 1.16kB, 171ms]
  ✓  Response is received
  ✓  Status code is 200
  ✓  Response contains 'items' array with at least one element
  ✓  Response contains 'links.self'
  ✓  No duplicate debt type names
  ┌
  │ '🔎 Testing Item 1 (Título Público)'
  └
  ✓  Item 1 (Título Público) contains expected properties
  ✓  Item 1 (Título Público) 'singularName' is a non-empty string
  ✓  Item 1 (Título Público) self link is a valid URL
  GET https://api.staging.mercap.com.ar/debt-types/e3da5be4-2107-4ca2-97d9-77b5cf8e8725 [200 OK, 862B, 186ms]
  ✓  Item 1 (Título Público) self link returns status 200
  ┌
  │ '🔎 Testing Item 2 (Obligación Negociable)'
  └
  ✓  Item 2 (Obligación Negociable) contains expected properties
  ✓  Item 2 (Obligación Negociable) 'singularName' is a non-empty string
  ✓  Item 2 (Obligación Negociable) self link is a valid URL
  GET https://api.staging.mercap.com.ar/debt-types/a6af5129-7f88-46ce-879b-bfb0a4ee8a7b [200 OK, 862B, 199ms]
  ✓  Item 2 (Obligación Negociable) self link returns status 200
  ┌
  │ '🔎 Testing Item 3 (Fideicomiso)'
  └
  ✓  Item 3 (Fideicomiso) contains expected properties
  ✓  Item 3 (Fideicomiso) 'singularName' is a non-empty string
  ✓  Item 3 (Fideicomiso) self link is a valid URL
  GET https://api.staging.mercap.com.ar/debt-types/c2b8670a-dec7-4bfd-b5ba-5ce86c0d5eab [200 OK, 857B, 196ms]
  ✓  Item 3 (Fideicomiso) self link returns status 200

❏ Pepper-GS32 / Regression-Test / Exchange Schemes
↳ Get all exchange schemes
  GET https://api.staging.mercap.com.ar/exchange-schemes [200 OK, 4.41kB, 63ms]
  ✓  Response is received
  ✓  Status code is 200
  ✓  Media-Type is correct
  ✓  Items array is present and not empty
  ✓  No duplicate names in items
  ✓  Links are unique for each item
  ✓  Self link matches expected URL
  ┌
  │ '✔ EXCHANGE_SCHEMES_UUID seteado: https://api.staging.
  │ mercap.com.ar/exchange-schemes/150dd7f3-1420-4c76-8ed6
  │ -827667455276'
  └
  ✓  Item 1 (Esquema ARS - USD Oficial) contains expected properties
  ✓  Item 1 (Esquema ARS - USD Oficial) 'name' is non-empty
  ✓  Item 1 (Esquema ARS - USD Oficial) 'targetCurrency' is a valid URL
  ✓  Item 1 (Esquema ARS - USD Oficial) 'self' link is valid URL
  GET https://api.staging.mercap.com.ar/exchange-schemes/150dd7f3-1420-4c76-8ed6-827667455276 [200 OK, 1kB, 59ms]
  ✓  Item 1 (Esquema ARS - USD Oficial) self link returns status 200
  ✓  Item 2 (Esquema USD) contains expected properties
  ✓  Item 2 (Esquema USD) 'name' is non-empty
  ✓  Item 2 (Esquema USD) 'targetCurrency' is a valid URL
  ✓  Item 2 (Esquema USD) 'self' link is valid URL
  GET https://api.staging.mercap.com.ar/exchange-schemes/f8886784-c23d-4de1-a058-5b27fce14ffe [200 OK, 996B, 80ms]
  ✓  Item 2 (Esquema USD) self link returns status 200
  ✓  Item 3 (Esquema EUR) contains expected properties
  ✓  Item 3 (Esquema EUR) 'name' is non-empty
  ✓  Item 3 (Esquema EUR) 'targetCurrency' is a valid URL
  ✓  Item 3 (Esquema EUR) 'self' link is valid URL
  GET https://api.staging.mercap.com.ar/exchange-schemes/1bf50dde-4343-49e7-8a60-62997a6b5001 [200 OK, 994B, 62ms]
  ✓  Item 3 (Esquema EUR) self link returns status 200
  ✓  Item 4 (Esquema CLP) contains expected properties
  ✓  Item 4 (Esquema CLP) 'name' is non-empty
  ✓  Item 4 (Esquema CLP) 'targetCurrency' is a valid URL
  ✓  Item 4 (Esquema CLP) 'self' link is valid URL
  GET https://api.staging.mercap.com.ar/exchange-schemes/1cb8b99b-86b7-4036-9124-8f809066ed41 [200 OK, 994B, 95ms]
  ✓  Item 4 (Esquema CLP) self link returns status 200
  ✓  Item 5 (Esquema GBP) contains expected properties
  ✓  Item 5 (Esquema GBP) 'name' is non-empty
  ✓  Item 5 (Esquema GBP) 'targetCurrency' is a valid URL
  ✓  Item 5 (Esquema GBP) 'self' link is valid URL
  GET https://api.staging.mercap.com.ar/exchange-schemes/9bd90858-0402-49fc-9975-0a1daf381643 [200 OK, 990B, 99ms]
  ✓  Item 5 (Esquema GBP) self link returns status 200
  ✓  Item 6 (Esquema PYG) contains expected properties
  ✓  Item 6 (Esquema PYG) 'name' is non-empty
  ✓  Item 6 (Esquema PYG) 'targetCurrency' is a valid URL
  ✓  Item 6 (Esquema PYG) 'self' link is valid URL
  GET https://api.staging.mercap.com.ar/exchange-schemes/d85f0a6d-1a80-4f8d-b58b-b4818a47d8c6 [200 OK, 990B, 70ms]
  ✓  Item 6 (Esquema PYG) self link returns status 200
  ✓  Item 7 (USD MEP) contains expected properties
  ✓  Item 7 (USD MEP) 'name' is non-empty
  ✓  Item 7 (USD MEP) 'targetCurrency' is a valid URL
  ✓  Item 7 (USD MEP) 'self' link is valid URL
  GET https://api.staging.mercap.com.ar/exchange-schemes/cf410c0e-ab29-489f-96d3-db0c857240d2 [200 OK, 984B, 71ms]
  ✓  Item 7 (USD MEP) self link returns status 200
  ✓  Item 8 (Esquema ARS - USD MEP) contains expected properties
  ✓  Item 8 (Esquema ARS - USD MEP) 'name' is non-empty
  ✓  Item 8 (Esquema ARS - USD MEP) 'targetCurrency' is a valid URL
  ✓  Item 8 (Esquema ARS - USD MEP) 'self' link is valid URL
  GET https://api.staging.mercap.com.ar/exchange-schemes/b0692058-1c49-4ed8-b2ca-3fe84a8c2c49 [200 OK, 1kB, 140ms]
  ✓  Item 8 (Esquema ARS - USD MEP) self link returns status 200
  ✓  Item 9 (Esquema ARS - USD CCL) contains expected properties
  ✓  Item 9 (Esquema ARS - USD CCL) 'name' is non-empty
  ✓  Item 9 (Esquema ARS - USD CCL) 'targetCurrency' is a valid URL
  ✓  Item 9 (Esquema ARS - USD CCL) 'self' link is valid URL
  GET https://api.staging.mercap.com.ar/exchange-schemes/f512817f-1d31-4cea-b325-691c2c05c031 [200 OK, 996B, 57ms]
  ✓  Item 9 (Esquema ARS - USD CCL) self link returns status 200
  ✓  Item 10 ((MPC) Esquema USD - Oficial) contains expected properties
  ✓  Item 10 ((MPC) Esquema USD - Oficial) 'name' is non-empty
  ✓  Item 10 ((MPC) Esquema USD - Oficial) 'targetCurrency' is a valid URL
  ✓  Item 10 ((MPC) Esquema USD - Oficial) 'self' link is valid URL
  GET https://api.staging.mercap.com.ar/exchange-schemes/c0f4f0d8-6db9-44b2-8679-019e8029e79a [200 OK, 1kB, 65ms]
  ✓  Item 10 ((MPC) Esquema USD - Oficial) self link returns status 200

↳ Get exchange scheme by UUID
  GET https://api.staging.mercap.com.ar/exchange-schemes/150dd7f3-1420-4c76-8ed6-827667455276 [200 OK, 998B, 66ms]
  ✓  Response is received
  ✓  Status code is 200
  ✓  Media-Type is correct
  ┌
  │ 'Response has correct properties.'
  └
  ✓  Response has correct properties
  ┌
  │ 'targetCurrency belongs to the correct domain.'
  └
  ✓  TargetCurrency belongs to the correct domain
  ┌
  │ 'Self link is correct:', 'https://api.staging.mercap.c
  │ om.ar/exchange-schemes/150dd7f3-1420-4c76-8ed6-8276674
  │ 55276'
  └
  ✓  Self link is correct

❏ Pepper-GS32 / Regression-Test / Investments
↳ Create an investment
  ┌
  │ '▶ [undefined] Ejecutando con ticker: AL30'
  └
  GET https://api.staging.mercap.com.ar/tradable-securities?query=AL30&tradeDate=2026-09-16 [200 OK, 2.64kB, 86ms]
  ┌
  │ '📌 TRADABLE_SECURITY_URL: https://api.staging.mercap.
  │ com.ar/tradable-securities/6cfdf5ed-d8da-411a-8e86-b1b
  │ beef54f45'
  └
  POST https://api.staging.mercap.com.ar/investments [201 Created, 1.83kB, 114ms]
  ┌
  │ 'Response received successfully with status 201 Create
  │ d.'
  └
  ✓  Response is received
  ┌
  │ 'Content-Type header is correct.'
  └
  ✓  Media-Type is correct
  ┌
  │ 'Response body is not empty.'
  └
  ✓  Response body is not empty
  ┌
  │ 'Response contains all expected properties.'
  └
  ✓  Response contains expected properties
  ┌
  │ 'No fields are null.'
  └
  ✓  No fields are null
  ┌
  │ 'Optional property exchangeRateSensitivity is present.
  │ '
  └
  ✓  Links contain expected mandatory and optional properties
  ┌
  │ 'All links are valid URLs.'
  └
  ✓  All links are valid URLs
  ┌
  │ 'Security link is valid.'
  └
  ✓  Security is a valid URL
  ┌
  │ 'Security link is correct:', 'https://api.staging.merc
  │ ap.com.ar/tradable-securities/6cfdf5ed-d8da-411a-8e86-
  │ b1bbeef54f45'
  └
  ✓  Security link is correct
  ┌
  │ 'Investment contains all expected properties.'
  └
  ✓  Investment contains expected properties
  ┌
  │ 'Settlement Date is correct.'
  └
  ✓  Settlement Date is correct
  ┌
  │ 'Investment Settlement Date is correct.'
  └
  ✓  Investment Settlement Date is correct
  ┌
  │ 'Asset amount is correct.'
  └
  ✓  Asset amount is correct
  ┌
  │ 'Every amount is correct.'
  └
  ✓  Every amount is correct
  ┌
  │ 'Price type is correct.'
  └
  ✓  Price type is correct
  ┌
  │ 'Price isDirty is true.'
  └
  ✓  Price isDirty is true
  ┌
  │ '✔ SELF_INVESTMENT =', 'https://api.staging.mercap.com
  │ .ar/investments/5'
  │ '✔ INTERNAL_RATE_OF_RETURN_SENSITIVITY =', 'https://ap
  │ i.staging.mercap.com.ar/investments/5/irr-sensitivity'
  │ '✔ INVESTMENT_METRICS =', 'https://api.staging.mercap.
  │ com.ar/investments/5/metrics'
  │ '✔ PRICE_SENSITIVITY =', 'https://api.staging.mercap.c
  │ om.ar/investments/5/price-sensitivity'
  │ '✔ EXCHANGE_RATE_SENSITIVITY =', 'https://api.staging.
  │ mercap.com.ar/investments/5/exchange-rate-sensitivity'
  └

↳ Get investment by ID
  ┌
  │ '▶ [undefined] Ejecutando con ticker: AL30'
  └
  GET https://api.staging.mercap.com.ar/tradable-securities?query=AL30&tradeDate=2026-09-16 [200 OK, 2.63kB, 76ms]
  ┌
  │ '📌 TRADABLE_SECURITY_URL: https://api.staging.mercap.
  │ com.ar/tradable-securities/6cfdf5ed-d8da-411a-8e86-b1b
  │ beef54f45'
  └
  GET https://api.staging.mercap.com.ar/investments/5 [200 OK, 1.84kB, 178ms]
  ┌
  │ 'Response received successfully with status 200 OK.'
  └
  ✓  Response is received
  ┌
  │ 'Content-Type header is correct.'
  └
  ✓  Media-Type is correct
  ┌
  │ 'Response body is not empty.'
  └
  ✓  Response body is not empty
  ┌
  │ 'Response contains all expected properties.'
  └
  ✓  Response contains expected properties
  ┌
  │ 'No fields are null.'
  └
  ✓  No fields are null
  ┌
  │ 'Optional property exchangeRateSensitivity is present.
  │ '
  └
  ✓  Links contain expected mandatory and optional properties
  ┌
  │ 'All links are valid URLs.'
  └
  ✓  All links are valid URLs
  ┌
  │ 'Security link is valid.'
  └
  ✓  Security is a valid URL
  ┌
  │ 'Security link is correct:', 'https://api.staging.merc
  │ ap.com.ar/tradable-securities/6cfdf5ed-d8da-411a-8e86-
  │ b1bbeef54f45'
  └
  ✓  Security link is correct
  ┌
  │ 'Investment contains all expected properties.'
  └
  ✓  Investment contains expected properties
  ┌
  │ 'Settlement Date is correct.'
  └
  ✓  Settlement Date is correct
  ┌
  │ 'Investment Settlement Date is correct.'
  └
  ✓  Investment Settlement Date is correct
  ┌
  │ 'Asset amount is correct.'
  └
  ✓  Asset amount is correct
  ┌
  │ 'Every amount is correct.'
  └
  ✓  Every amount is correct
  ┌
  │ 'Price type is correct.'
  └
  ✓  Price type is correct
  ┌
  │ 'Price isDirty is true.'
  └
  ✓  Price isDirty is true
  ┌
  │ '✔ SELF_INVESTMENT =', 'https://api.staging.mercap.com
  │ .ar/investments/5'
  │ '✔ INTERNAL_RATE_OF_RETURN_SENSITIVITY =', 'https://ap
  │ i.staging.mercap.com.ar/investments/5/irr-sensitivity'
  │ '✔ INVESTMENT_METRICS =', 'https://api.staging.mercap.
  │ com.ar/investments/5/metrics'
  │ '✔ PRICE_SENSITIVITY =', 'https://api.staging.mercap.c
  │ om.ar/investments/5/price-sensitivity'
  │ '✔ EXCHANGE_RATE_SENSITIVITY =', 'https://api.staging.
  │ mercap.com.ar/investments/5/exchange-rate-sensitivity'
  └

↳ Get investment metrics by ID
  ┌
  │ '▶ [undefined] Ejecutando con ticker: AL30'
  └
  GET https://api.staging.mercap.com.ar/tradable-securities?query=AL30&tradeDate=2026-09-16 [200 OK, 2.64kB, 69ms]
  ┌
  │ '📌 TRADABLE_SECURITY_URL: https://api.staging.mercap.
  │ com.ar/tradable-securities/6cfdf5ed-d8da-411a-8e86-b1b
  │ beef54f45'
  └
  GET https://api.staging.mercap.com.ar/investments/5/metrics [200 OK, 2.19kB, 1356ms]
  ✓  Response is received
  ✓  Status code is 200
  ✓  Media-Type is correct
  ✓  Response contains required properties
  ✓  Mandatory numeric fields have correct type
  ✓  lastQuote structure is valid when present
  ✓  lastIntradayQuote structure is valid
  ✓  Cost and residualAmount structure is valid
  ✓  Optional fields are valid when present
  ✓  Links object exists

↳ Get investment irr sensitivity by ID
  ┌
  │ '▶ [undefined] Ejecutando con ticker: AL30'
  └
  GET https://api.staging.mercap.com.ar/tradable-securities?query=AL30&tradeDate=2026-09-16 [200 OK, 2.64kB, 77ms]
  ┌
  │ '📌 TRADABLE_SECURITY_URL: https://api.staging.mercap.
  │ com.ar/tradable-securities/6cfdf5ed-d8da-411a-8e86-b1b
  │ beef54f45'
  └
  GET https://api.staging.mercap.com.ar/investments/5/irr-sensitivity [200 OK, 2.45kB, 201ms]
  ✓  Response is received
  ✓  Status code is 200
  ✓  Media-Type is correct
  ✓  Response body is not empty
  ✓  No main fields are null
  ✓  Results array is valid
  ┌
  │ 'Baseline contains all mandatory properties.'
  └
  ✓  Baseline mandatory properties are present
  ✓  Baseline optional properties are valid when present
  ┌
  │ 'Result 1 contains all mandatory fields.'
  │ 'Result 2 contains all mandatory fields.'
  │ 'Result 3 contains all mandatory fields.'
  │ 'Result 4 contains all mandatory fields.'
  │ 'Result 5 contains all mandatory fields.'
  │ 'Result 6 contains all mandatory fields.'
  │ 'Result 7 contains all mandatory fields.'
  │ 'Result 8 contains all mandatory fields.'
  │ 'Result 9 contains all mandatory fields.'
  │ 'Result 10 contains all mandatory fields.'
  │ 'Result 11 contains all mandatory fields.'
  └
  ✓  Each result contains mandatory properties

↳ Get investment price sensitivity by ID
  ┌
  │ '▶ [undefined] Ejecutando con ticker: AL30'
  └
  GET https://api.staging.mercap.com.ar/tradable-securities?query=AL30&tradeDate=2026-09-16 [200 OK, 2.64kB, 89ms]
  ┌
  │ '📌 TRADABLE_SECURITY_URL: https://api.staging.mercap.
  │ com.ar/tradable-securities/6cfdf5ed-d8da-411a-8e86-b1b
  │ beef54f45'
  └
  GET https://api.staging.mercap.com.ar/investments/5/price-sensitivity [200 OK, 2.31kB, 489ms]
  ✓  Response is received
  ✓  Status code is 200
  ✓  Media-Type is correct
  ✓  Response body is not empty
  ✓  No main fields are null
  ✓  Results array is valid
  ┌
  │ 'Step contains numberOfBasisPoint: 500'
  └
  ✓  Step contains expected properties
  ┌
  │ 'Baseline contains all expected properties.'
  └
  ✓  Baseline contains expected properties
  ┌
  │ 'Result 1 contains all expected properties.'
  │ 'Result 2 contains all expected properties.'
  │ 'Result 3 contains all expected properties.'
  │ 'Result 4 contains all expected properties.'
  │ 'Result 5 contains all expected properties.'
  │ 'Result 6 contains all expected properties.'
  │ 'Result 7 contains all expected properties.'
  │ 'Result 8 contains all expected properties.'
  │ 'Result 9 contains all expected properties.'
  │ 'Result 10 contains all expected properties.'
  │ 'Result 11 contains all expected properties.'
  └
  ✓  Each result contains expected properties
  ✓  Check that properties in each 'results' have the expected format

↳ Get investment exchange rate sensitivity by ID
  ┌
  │ '▶ [undefined] Ejecutando con ticker: AL30'
  └
  GET https://api.staging.mercap.com.ar/tradable-securities?query=AL30&tradeDate=2026-09-16 [200 OK, 2.63kB, 68ms]
  ┌
  │ '📌 TRADABLE_SECURITY_URL: https://api.staging.mercap.
  │ com.ar/tradable-securities/6cfdf5ed-d8da-411a-8e86-b1b
  │ beef54f45'
  └
  GET https://api.staging.mercap.com.ar/investments/5/exchange-rate-sensitivity [200 OK, 2.52kB, 275ms]
  ✓  Response is received
  ✓  Status code is 200
  ✓  Media-Type is correct
  ✓  Response body is not empty
  ✓  No main fields are null
  ✓  Results array is valid
  ┌
  │ 'Step is correct: 0.01'
  └
  ✓  Step contains expected value
  ┌
  │ 'NumberOfScenarios is 10 and step is 0.01'
  └
  ✓  NumberOfScenarios and step have the expected values

❏ Pepper-GS32 / Regression-Test / Instrument Issuers
↳ Get all instrument issuers
  GET https://api.staging.mercap.com.ar/instrument-issuers [200 OK, 135.58kB, 467ms]
  ✓  Response is received
  ✓  Status code is 200
  ✓  Media-Type is correct
  ✓  Items array is present and not empty
  ✓  No duplicate names in items
  ✓  Links are unique for each item
  ✓  Self link matches expected URL
  ┌
  │ '✔ INSTRUMENT_ISSUERS_UUID seteado: https://api.stagin
  │ g.mercap.com.ar/instrument-issuers/6f5616c7-d1f0-4cd2-
  │ b4b3-bb99184712cf'
  └
  ✓  Item 1 (BCRA) contains expected properties
  ✓  Item 1 (BCRA) 'name' is a non-empty string
  ✓  Item 1 (BCRA) 'self' link is a valid URL
  ✓  Item 2 (Federal Reserve) contains expected properties
  ✓  Item 2 (Federal Reserve) 'name' is a non-empty string
  ✓  Item 2 (Federal Reserve) 'self' link is a valid URL
  ✓  Item 3 (Republica Argentina) contains expected properties
  ✓  Item 3 (Republica Argentina) 'name' is a non-empty string
  ✓  Item 3 (Republica Argentina) 'self' link is a valid URL
  ✓  Item 4 (BCE) contains expected properties
  ✓  Item 4 (BCE) 'name' is a non-empty string
  ✓  Item 4 (BCE) 'self' link is a valid URL
  ✓  Item 5 (Pcia. de Buenos Aires) contains expected properties
  ✓  Item 5 (Pcia. de Buenos Aires) 'name' is a non-empty string
  ✓  Item 5 (Pcia. de Buenos Aires) 'self' link is a valid URL
  ✓  Item 6 (Cdad. de Buenos Aires) contains expected properties
  ✓  Item 6 (Cdad. de Buenos Aires) 'name' is a non-empty string
  ✓  Item 6 (Cdad. de Buenos Aires) 'self' link is a valid URL
  ✓  Item 7 (Tesorería General de la Nación (Argentina)) contains expected properties
  ✓  Item 7 (Tesorería General de la Nación (Argentina)) 'name' is a non-empty string
  ✓  Item 7 (Tesorería General de la Nación (Argentina)) 'self' link is a valid URL
  ✓  Item 8 (Pcia. de Chaco) contains expected properties
  ✓  Item 8 (Pcia. de Chaco) 'name' is a non-empty string
  ✓  Item 8 (Pcia. de Chaco) 'self' link is a valid URL
  ✓  Item 9 (Pcia. de Chubut) contains expected properties
  ✓  Item 9 (Pcia. de Chubut) 'name' is a non-empty string
  ✓  Item 9 (Pcia. de Chubut) 'self' link is a valid URL
  ✓  Item 10 (Pcia. de Entre Ríos) contains expected properties
  ✓  Item 10 (Pcia. de Entre Ríos) 'name' is a non-empty string
  ✓  Item 10 (Pcia. de Entre Ríos) 'self' link is a valid URL
  GET https://api.staging.mercap.com.ar/instrument-issuers/6f5616c7-d1f0-4cd2-b4b3-bb99184712cf   GET https://api.staging.mercap.com.ar/instrument-issuers/89874250-34f0-4358-a261-c13ce5bac46a   GET https://api.staging.mercap.com.ar/instrument-issuers/6dbaafee-d41d-4262-a53e-9df48c0de55a   GET https://api.staging.mercap.com.ar/instrument-issuers/383ff553-5419-4d7a-888d-48c68b1abcd4   GET https://api.staging.mercap.com.ar/instrument-issuers/0cf0cba4-9ccc-4904-9a26-68666dba6568   GET https://api.staging.mercap.com.ar/instrument-issuers/26e53912-2587-4855-9c61-d5e4915b3e49   GET https://api.staging.mercap.com.ar/instrument-issuers/b11a569e-610e-4519-b775-c6cd35dc72fc   GET https://api.staging.mercap.com.ar/instrument-issuers/8d1ba67d-5751-4ccc-8f59-242234628a68   GET https://api.staging.mercap.com.ar/instrument-issuers/88400bd6-f8f5-4da4-91d2-ad6fea90a273   GET https://api.staging.mercap.com.ar/instrument-issuers/66da8712-1d05-4180-b17f-27df7c13b8e2 [200 OK, 849B, 189ms]
  ✓  Item 4 (BCE) self link returns status 200
[200 OK, 865B, 205ms]
  ✓  Item 9 (Pcia. de Chubut) self link returns status 200
[200 OK, 872B, 223ms]
  ✓  Item 10 (Pcia. de Entre Ríos) self link returns status 200
[200 OK, 896B, 234ms]
  ✓  Item 7 (Tesorería General de la Nación (Argentina)) self link returns status 200
[200 OK, 875B, 241ms]
  ✓  Item 6 (Cdad. de Buenos Aires) self link returns status 200
[200 OK, 854B, 252ms]
  ✓  Item 1 (BCRA) self link returns status 200
[200 OK, 869B, 254ms]
  ✓  Item 3 (Republica Argentina) self link returns status 200
[200 OK, 858B, 260ms]
  ✓  Item 8 (Pcia. de Chaco) self link returns status 200
[200 OK, 881B, 277ms]
  ✓  Item 5 (Pcia. de Buenos Aires) self link returns status 200
[200 OK, 861B, 282ms]
  ✓  Item 2 (Federal Reserve) self link returns status 200

↳ Get instrument issuers by UUID
  GET https://api.staging.mercap.com.ar/instrument-issuers/6f5616c7-d1f0-4cd2-b4b3-bb99184712cf [200 OK, 852B, 173ms]
  ✓  Response is received
  ✓  Status code is 200
  ✓  Media-Type is correct
  ┌
  │ 'Response has correct properties (including optional l
  │ inks).'
  └
  ✓  Response has correct properties
  ┌
  │ 'Self link is correct:', 'https://api.staging.mercap.c
  │ om.ar/instrument-issuers/6f5616c7-d1f0-4cd2-b4b3-bb991
  │ 84712cf'
  └
  ✓  Self link is correct

❏ Pepper-GS32 / Regression-Test / Markets
↳ Get all markets
  GET https://api.staging.mercap.com.ar/markets [200 OK, 1.54kB, 163ms]
  ✓  Response is received
  ✓  Status code is 200
  ✓  Media-Type is correct
  ✓  Items array is present and not empty
  ✓  No duplicate names in items
  ✓  Links are unique for each item
  ✓  Self link matches expected URL
  ┌
  │ '✔ MARKETS_UUID seteado: https://api.staging.mercap.co
  │ m.ar/markets/4caa715b-06cb-428f-ac4c-f40a872a1064'
  └
  ✓  Item 1 (BYMA) contains expected properties
  ✓  Item 1 (BYMA) 'name' is a non-empty string
  ✓  Item 1 (BYMA) 'self' link is a valid URL
  ✓  Item 2 (Mercado Internacional) contains expected properties
  ✓  Item 2 (Mercado Internacional) 'name' is a non-empty string
  ✓  Item 2 (Mercado Internacional) 'self' link is a valid URL
  ✓  Item 3 (Mercado de Fondos) contains expected properties
  ✓  Item 3 (Mercado de Fondos) 'name' is a non-empty string
  ✓  Item 3 (Mercado de Fondos) 'self' link is a valid URL
  ✓  Item 4 (VALMERCAP) contains expected properties
  ✓  Item 4 (VALMERCAP) 'name' is a non-empty string
  ✓  Item 4 (VALMERCAP) 'self' link is a valid URL
  ✓  Item 5 (OTC) contains expected properties
  ✓  Item 5 (OTC) 'name' is a non-empty string
  ✓  Item 5 (OTC) 'self' link is a valid URL
  ✓  Item 6 (CBONDS) contains expected properties
  ✓  Item 6 (CBONDS) 'name' is a non-empty string
  ✓  Item 6 (CBONDS) 'self' link is a valid URL
  GET https://api.staging.mercap.com.ar/markets/4caa715b-06cb-428f-ac4c-f40a872a1064   GET https://api.staging.mercap.com.ar/markets/48ad8a13-23a9-4a7d-81bb-32d0f7135f83   GET https://api.staging.mercap.com.ar/markets/400215b2-e24b-45a2-b0bc-ba3fee932ba2   GET https://api.staging.mercap.com.ar/markets/09f99b78-0440-48d1-a438-44d1e798d774   GET https://api.staging.mercap.com.ar/markets/8d92b182-30ea-4bc0-9d84-d221a606bc91   GET https://api.staging.mercap.com.ar/markets/384d384f-5c45-4d90-9ead-f022c6b970f6 [200 OK, 862B, 47ms]
  ✓  Item 4 (VALMERCAP) self link returns status 200
[200 OK, 870B, 49ms]
  ✓  Item 3 (Mercado de Fondos) self link returns status 200
[200 OK, 871B, 50ms]
  ✓  Item 6 (CBONDS) self link returns status 200
[200 OK, 865B, 55ms]
  ✓  Item 1 (BYMA) self link returns status 200
[200 OK, 872B, 65ms]
  ✓  Item 2 (Mercado Internacional) self link returns status 200
[200 OK, 858B, 68ms]
  ✓  Item 5 (OTC) self link returns status 200

↳ Get markets by UUID
  GET https://api.staging.mercap.com.ar/markets/4caa715b-06cb-428f-ac4c-f40a872a1064 [200 OK, 869B, 64ms]
  ✓  Response is received
  ✓  Status code is 200
  ✓  Media-Type is correct
  ┌
  │ 'Response has correct properties.'
  └
  ✓  Response has correct properties
  ┌
  │ 'Self link is correct:', 'https://api.staging.mercap.c
  │ om.ar/markets/4caa715b-06cb-428f-ac4c-f40a872a1064'
  └
  ✓  Self link is correct

❏ Pepper-GS32 / Regression-Test / Mutual Fund Types
↳ Get all mutual fund types
  GET https://api.staging.mercap.com.ar/mutual-fund-types [200 OK, 1.54kB, 114ms]
  ✓  Response is received
  ✓  Status code is 200
  ✓  Media-Type is correct
  ✓  Items array is present and not empty
  ✓  No duplicate names in items
  ✓  Links are unique for each item
  ✓  Self link matches expected URL
  ┌
  │ '✔ MUTUAL_FUND_TYPES_UUID seteado: https://api.staging
  │ .mercap.com.ar/mutual-fund-types/01d9b1af-d6e9-43a8-a1
  │ 0a-6675bdf9992c'
  └
  ✓  Item 1 (Renta Fija) contains expected properties
  ✓  Item 1 (Renta Fija) 'name' is a non-empty string
  ✓  Item 1 (Renta Fija) 'self' link is a valid URL
  ✓  Item 2 (Renta Variable) contains expected properties
  ✓  Item 2 (Renta Variable) 'name' is a non-empty string
  ✓  Item 2 (Renta Variable) 'self' link is a valid URL
  ✓  Item 3 (Mixto) contains expected properties
  ✓  Item 3 (Mixto) 'name' is a non-empty string
  ✓  Item 3 (Mixto) 'self' link is a valid URL
  ✓  Item 4 (Money Market) contains expected properties
  ✓  Item 4 (Money Market) 'name' is a non-empty string
  ✓  Item 4 (Money Market) 'self' link is a valid URL
  ✓  Item 5 (Infraestructura) contains expected properties
  ✓  Item 5 (Infraestructura) 'name' is a non-empty string
  ✓  Item 5 (Infraestructura) 'self' link is a valid URL
  ✓  Item 6 (Otros) contains expected properties
  ✓  Item 6 (Otros) 'name' is a non-empty string
  ✓  Item 6 (Otros) 'self' link is a valid URL
  ┌
  │ "At least one item has 'Renta Variable' as name."
  └
  ✓  At least one item has 'Renta Variable' as name
  GET https://api.staging.mercap.com.ar/mutual-fund-types/01d9b1af-d6e9-43a8-a10a-6675bdf9992c   GET https://api.staging.mercap.com.ar/mutual-fund-types/5b136c50-48ff-4147-ba18-458b6915bb08   GET https://api.staging.mercap.com.ar/mutual-fund-types/8ad01c33-186b-4ca7-8b05-37afe197fa52   GET https://api.staging.mercap.com.ar/mutual-fund-types/fe2a9cf8-c614-4815-89fa-60892afad14e   GET https://api.staging.mercap.com.ar/mutual-fund-types/ebf42d78-8395-4bd0-8dbb-048976b7a2f5   GET https://api.staging.mercap.com.ar/mutual-fund-types/c53586fa-4327-459b-b059-1e75dc824816 [200 OK, 863B, 85ms]
  ✓  Item 5 (Infraestructura) self link returns status 200
[200 OK, 866B, 92ms]
  ✓  Item 4 (Money Market) self link returns status 200
[200 OK, 855B, 94ms]
  ✓  Item 6 (Otros) self link returns status 200
[200 OK, 862B, 102ms]
  ✓  Item 2 (Renta Variable) self link returns status 200
[200 OK, 858B, 108ms]
  ✓  Item 1 (Renta Fija) self link returns status 200
[200 OK, 857B, 114ms]
  ✓  Item 3 (Mixto) self link returns status 200

↳ Get mutual fund type by UUID
  GET https://api.staging.mercap.com.ar/mutual-fund-types/01d9b1af-d6e9-43a8-a10a-6675bdf9992c [200 OK, 854B, 155ms]
  ✓  Response is received
  ✓  Status code is 200
  ✓  Media-Type is correct
  ┌
  │ 'Response has the correct properties.'
  └
  ✓  Response has correct properties
  ┌
  │ 'Self link is correct:', 'https://api.staging.mercap.c
  │ om.ar/mutual-fund-types/01d9b1af-d6e9-43a8-a10a-6675bd
  │ f9992c'
  └
  ✓  Self link is correct

❏ Pepper-GS32 / Regression-Test / Mutual Fund Shares
↳ Get all mutual fund shares
  GET https://api.staging.mercap.com.ar/mutual-fund-shares [200 OK, 5.16kB, 55ms]
  ✓  Response is received
  ✓  Status code is 200
  ✓  Media-Type is correct
  ✓  Items array is present
  ✓  No duplicate names in items
  ✓  Links are unique for each item
  ✓  Self link matches expected URL
  ┌
  │ '✔ MUTUAL_FUND_SHARE_UUID seteado: https://api.staging
  │ .mercap.com.ar/mutual-fund-shares/b45091ea-b613-47c1-8
  │ 1b5-955f6e689f4d'
  │ '▶ Testing Item 1 (Gainvest Renta Variable - Clase A)'
  └
  ✓  Item 1 (Gainvest Renta Variable - Clase A) contains expected properties
  ✓  Item 1 (Gainvest Renta Variable - Clase A) 'name' is a non-empty string
  ✓  Item 1 (Gainvest Renta Variable - Clase A) 'issueCurrency' is a valid URL
  ✓  Item 1 (Gainvest Renta Variable - Clase A) 'smallestDenomination' has valid values
  ┌
  │ '▶ Testing Item 2 (Gainvest Renta Variable - Clase B)'
  └
  ✓  Item 2 (Gainvest Renta Variable - Clase B) contains expected properties
  ✓  Item 2 (Gainvest Renta Variable - Clase B) 'name' is a non-empty string
  ✓  Item 2 (Gainvest Renta Variable - Clase B) 'issueCurrency' is a valid URL
  ✓  Item 2 (Gainvest Renta Variable - Clase B) 'smallestDenomination' has valid values
  ┌
  │ '▶ Testing Item 3 (Pellegrini Renta Fija - Clase A)'
  └
  ✓  Item 3 (Pellegrini Renta Fija - Clase A) contains expected properties
  ✓  Item 3 (Pellegrini Renta Fija - Clase A) 'name' is a non-empty string
  ✓  Item 3 (Pellegrini Renta Fija - Clase A) 'issueCurrency' is a valid URL
  ✓  Item 3 (Pellegrini Renta Fija - Clase A) 'smallestDenomination' has valid values
  ┌
  │ '▶ Testing Item 4 (Pellegrini Renta Fija - Clase B)'
  └
  ✓  Item 4 (Pellegrini Renta Fija - Clase B) contains expected properties
  ✓  Item 4 (Pellegrini Renta Fija - Clase B) 'name' is a non-empty string
  ✓  Item 4 (Pellegrini Renta Fija - Clase B) 'issueCurrency' is a valid URL
  ✓  Item 4 (Pellegrini Renta Fija - Clase B) 'smallestDenomination' has valid values
  ┌
  │ '▶ Testing Item 5 (Pellegrini Renta Publica Federal - 
  │ Clase A)'
  └
  ✓  Item 5 (Pellegrini Renta Publica Federal - Clase A) contains expected properties
  ✓  Item 5 (Pellegrini Renta Publica Federal - Clase A) 'name' is a non-empty string
  ✓  Item 5 (Pellegrini Renta Publica Federal - Clase A) 'issueCurrency' is a valid URL
  ✓  Item 5 (Pellegrini Renta Publica Federal - Clase A) 'smallestDenomination' has valid values
  ┌
  │ '▶ Testing Item 6 (Pellegrini Renta Publica Federal - 
  │ Clase B)'
  └
  ✓  Item 6 (Pellegrini Renta Publica Federal - Clase B) contains expected properties
  ✓  Item 6 (Pellegrini Renta Publica Federal - Clase B) 'name' is a non-empty string
  ✓  Item 6 (Pellegrini Renta Publica Federal - Clase B) 'issueCurrency' is a valid URL
  ✓  Item 6 (Pellegrini Renta Publica Federal - Clase B) 'smallestDenomination' has valid values
  ┌
  │ '▶ Testing Item 7 (Alpha Renta Fija Serie 4 - Clase A)
  │ '
  └
  ✓  Item 7 (Alpha Renta Fija Serie 4 - Clase A) contains expected properties
  ✓  Item 7 (Alpha Renta Fija Serie 4 - Clase A) 'name' is a non-empty string
  ✓  Item 7 (Alpha Renta Fija Serie 4 - Clase A) 'issueCurrency' is a valid URL
  ✓  Item 7 (Alpha Renta Fija Serie 4 - Clase A) 'smallestDenomination' has valid values
  ┌
  │ '▶ Testing Item 8 (Alpha Renta Fija Serie 4 - Clase B)
  │ '
  └
  ✓  Item 8 (Alpha Renta Fija Serie 4 - Clase B) contains expected properties
  ✓  Item 8 (Alpha Renta Fija Serie 4 - Clase B) 'name' is a non-empty string
  ✓  Item 8 (Alpha Renta Fija Serie 4 - Clase B) 'issueCurrency' is a valid URL
  ✓  Item 8 (Alpha Renta Fija Serie 4 - Clase B) 'smallestDenomination' has valid values
  ┌
  │ '▶ Testing Item 9 (Alpha Pesos - Clase A)'
  └
  ✓  Item 9 (Alpha Pesos - Clase A) contains expected properties
  ✓  Item 9 (Alpha Pesos - Clase A) 'name' is a non-empty string
  ✓  Item 9 (Alpha Pesos - Clase A) 'issueCurrency' is a valid URL
  ✓  Item 9 (Alpha Pesos - Clase A) 'smallestDenomination' has valid values
  ┌
  │ '▶ Testing Item 10 (Alpha Pesos - Clase B)'
  └
  ✓  Item 10 (Alpha Pesos - Clase B) contains expected properties
  ✓  Item 10 (Alpha Pesos - Clase B) 'name' is a non-empty string
  ✓  Item 10 (Alpha Pesos - Clase B) 'issueCurrency' is a valid URL
  ✓  Item 10 (Alpha Pesos - Clase B) 'smallestDenomination' has valid values
  GET https://api.staging.mercap.com.ar/mutual-fund-shares/b45091ea-b613-47c1-81b5-955f6e689f4d   GET https://api.staging.mercap.com.ar/mutual-fund-shares/e6dd7274-3da3-4fa9-8058-cb4cf0bfa2c5   GET https://api.staging.mercap.com.ar/mutual-fund-shares/2943749b-fd71-483c-8bc2-d0f88763254f   GET https://api.staging.mercap.com.ar/mutual-fund-shares/506c915b-6e58-4a0d-96c2-a1be22065424   GET https://api.staging.mercap.com.ar/mutual-fund-shares/13854960-b51d-4b8c-a67e-4dccc3495fff   GET https://api.staging.mercap.com.ar/mutual-fund-shares/bfe687a7-17f7-41c6-89ab-5ec793d05b88   GET https://api.staging.mercap.com.ar/mutual-fund-shares/6e5ddd18-7bb6-4ee5-8fae-143a7780f92d   GET https://api.staging.mercap.com.ar/mutual-fund-shares/d9221c2a-4e98-424b-993e-174ac44e02dd   GET https://api.staging.mercap.com.ar/mutual-fund-shares/86836316-069d-4c49-9a7f-2bb1b3290380   GET https://api.staging.mercap.com.ar/mutual-fund-shares/63e912ff-869b-4cf4-8eb8-7dec0a9736de [200 OK, 1.18kB, 52ms]
  ✓  Item 7 (Alpha Renta Fija Serie 4 - Clase A) self link returns status 200
[200 OK, 1.15kB, 56ms]
  ✓  Item 1 (Gainvest Renta Variable - Clase A) self link returns status 200
[200 OK, 1.16kB, 56ms]
  ✓  Item 4 (Pellegrini Renta Fija - Clase B) self link returns status 200
[200 OK, 1.18kB, 58ms]
  ✓  Item 5 (Pellegrini Renta Publica Federal - Clase A) self link returns status 200
[200 OK, 1.15kB, 60ms]
  ✓  Item 2 (Gainvest Renta Variable - Clase B) self link returns status 200
[200 OK, 1.16kB, 61ms]
  ✓  Item 3 (Pellegrini Renta Fija - Clase A) self link returns status 200
[200 OK, 1.16kB, 62ms]
  ✓  Item 8 (Alpha Renta Fija Serie 4 - Clase B) self link returns status 200
[200 OK, 1.14kB, 63ms]
  ✓  Item 9 (Alpha Pesos - Clase A) self link returns status 200
[200 OK, 1.19kB, 87ms]
  ✓  Item 6 (Pellegrini Renta Publica Federal - Clase B) self link returns status 200
[200 OK, 1.14kB, 88ms]
  ✓  Item 10 (Alpha Pesos - Clase B) self link returns status 200

↳ Get mutual fund share by UUID
  ┌
  │ '🚀 Ejecutando request para UUID: https://api.staging.
  │ mercap.com.ar/mutual-fund-shares/b45091ea-b613-47c1-81
  │ b5-955f6e689f4d'
  └
  GET https://api.staging.mercap.com.ar/mutual-fund-shares/b45091ea-b613-47c1-81b5-955f6e689f4d [200 OK, 1.14kB, 112ms]
  ✓  Response is received
  ✓  Status code is 200
  ✓  Media-Type is correct
  ┌
  │ 'Response has correct properties.'
  └
  ✓  Response has correct properties
  ┌
  │ 'Self link is correct:', 'https://api.staging.mercap.c
  │ om.ar/mutual-fund-shares/b45091ea-b613-47c1-81b5-955f6
  │ e689f4d'
  └
  ✓  Self link is correct
  ┌
  │ "smallestDenomination base is '1'."
  └
  ✓  smallestDenomination base is '1'
  ┌
  │ "smallestDenomination increment is '1'."
  └
  ✓  smallestDenomination increment is '1'

❏ Pepper-GS32 / Regression-Test / Stocks
↳ Get all stocks
  GET https://api.staging.mercap.com.ar/stocks [200 OK, 4.33kB, 136ms]
  ✓  Response is received
  ✓  Status code is 200
  ✓  Media-Type is correct
  ✓  Items array is present
  ✓  No duplicate names in items
  ✓  Links are unique for each item
  ✓  Self link matches expected URL
  ┌
  │ '✔ STOCKS_UUID seteado: https://api.staging.mercap.com
  │ .ar/stocks/6ff2eccb-d13f-49d1-9f6e-afda6e43ab96'
  │ '\n▶ Testing Item 1 (A3.BA)'
  └
  ✓  Item 1 (A3.BA) contains expected properties
  ✓  Item 1 (A3.BA) 'name' is a non-empty string
  ✓  Item 1 (A3.BA) 'issuer' is a non-empty string
  ✓  Item 1 (A3.BA) 'issueCurrency' is a valid URL
  ✓  Item 1 (A3.BA) 'self' link is a valid URL
  GET https://api.staging.mercap.com.ar/stocks/6ff2eccb-d13f-49d1-9f6e-afda6e43ab96 [200 OK, 1.07kB, 67ms]
  ✓  Item 1 (A3.BA) self link returns status 200
  ┌
  │ '\n▶ Testing Item 2 (AAL.BA)'
  └
  ✓  Item 2 (AAL.BA) contains expected properties
  ✓  Item 2 (AAL.BA) 'name' is a non-empty string
  ✓  Item 2 (AAL.BA) 'issuer' is a non-empty string
  ✓  Item 2 (AAL.BA) 'issueCurrency' is a valid URL
  ✓  Item 2 (AAL.BA) 'self' link is a valid URL
  GET https://api.staging.mercap.com.ar/stocks/7480a764-16d4-48fb-965f-ff92f84ed477 [200 OK, 1.08kB, 86ms]
  ✓  Item 2 (AAL.BA) self link returns status 200
  ┌
  │ '\n▶ Testing Item 3 (AAP.BA)'
  └
  ✓  Item 3 (AAP.BA) contains expected properties
  ✓  Item 3 (AAP.BA) 'name' is a non-empty string
  ✓  Item 3 (AAP.BA) 'issuer' is a non-empty string
  ✓  Item 3 (AAP.BA) 'issueCurrency' is a valid URL
  ✓  Item 3 (AAP.BA) 'self' link is a valid URL
  GET https://api.staging.mercap.com.ar/stocks/b36e04ad-6d91-47a4-8eaa-1d831dad62d3 [200 OK, 1.07kB, 97ms]
  ✓  Item 3 (AAP.BA) self link returns status 200
  ┌
  │ '\n▶ Testing Item 4 (AAPL.BA)'
  └
  ✓  Item 4 (AAPL.BA) contains expected properties
  ✓  Item 4 (AAPL.BA) 'name' is a non-empty string
  ✓  Item 4 (AAPL.BA) 'issuer' is a non-empty string
  ✓  Item 4 (AAPL.BA) 'issueCurrency' is a valid URL
  ✓  Item 4 (AAPL.BA) 'self' link is a valid URL
  GET https://api.staging.mercap.com.ar/stocks/2d21bb48-4e8c-498d-b0a2-f30db68511ea [200 OK, 1.06kB, 82ms]
  ✓  Item 4 (AAPL.BA) self link returns status 200
  ┌
  │ '\n▶ Testing Item 5 (ABBV.BA)'
  └
  ✓  Item 5 (ABBV.BA) contains expected properties
  ✓  Item 5 (ABBV.BA) 'name' is a non-empty string
  ✓  Item 5 (ABBV.BA) 'issuer' is a non-empty string
  ✓  Item 5 (ABBV.BA) 'issueCurrency' is a valid URL
  ✓  Item 5 (ABBV.BA) 'self' link is a valid URL
  GET https://api.staging.mercap.com.ar/stocks/14dafd91-1407-4e04-a0a6-c91c04faf5fe [200 OK, 1.06kB, 99ms]
  ✓  Item 5 (ABBV.BA) self link returns status 200
  ┌
  │ '\n▶ Testing Item 6 (ABEV.BA)'
  └
  ✓  Item 6 (ABEV.BA) contains expected properties
  ✓  Item 6 (ABEV.BA) 'name' is a non-empty string
  ✓  Item 6 (ABEV.BA) 'issuer' is a non-empty string
  ✓  Item 6 (ABEV.BA) 'issueCurrency' is a valid URL
  ✓  Item 6 (ABEV.BA) 'self' link is a valid URL
  GET https://api.staging.mercap.com.ar/stocks/41590ed6-55a6-4c2f-a318-7d21c131216e [200 OK, 1.06kB, 100ms]
  ✓  Item 6 (ABEV.BA) self link returns status 200
  ┌
  │ '\n▶ Testing Item 7 (ABNB.BA)'
  └
  ✓  Item 7 (ABNB.BA) contains expected properties
  ✓  Item 7 (ABNB.BA) 'name' is a non-empty string
  ✓  Item 7 (ABNB.BA) 'issuer' is a non-empty string
  ✓  Item 7 (ABNB.BA) 'issueCurrency' is a valid URL
  ✓  Item 7 (ABNB.BA) 'self' link is a valid URL
  GET https://api.staging.mercap.com.ar/stocks/e3684bf6-56f5-4c13-97e7-16a34173a060 [200 OK, 1.06kB, 118ms]
  ✓  Item 7 (ABNB.BA) self link returns status 200
  ┌
  │ '\n▶ Testing Item 8 (ABT.BA)'
  └
  ✓  Item 8 (ABT.BA) contains expected properties
  ✓  Item 8 (ABT.BA) 'name' is a non-empty string
  ✓  Item 8 (ABT.BA) 'issuer' is a non-empty string
  ✓  Item 8 (ABT.BA) 'issueCurrency' is a valid URL
  ✓  Item 8 (ABT.BA) 'self' link is a valid URL
  GET https://api.staging.mercap.com.ar/stocks/e901db1d-386b-4c80-b6ee-252367b8fe07 [200 OK, 1.07kB, 98ms]
  ✓  Item 8 (ABT.BA) self link returns status 200
  ┌
  │ '\n▶ Testing Item 9 (ACN.BA)'
  └
  ✓  Item 9 (ACN.BA) contains expected properties
  ✓  Item 9 (ACN.BA) 'name' is a non-empty string
  ✓  Item 9 (ACN.BA) 'issuer' is a non-empty string
  ✓  Item 9 (ACN.BA) 'issueCurrency' is a valid URL
  ✓  Item 9 (ACN.BA) 'self' link is a valid URL
  GET https://api.staging.mercap.com.ar/stocks/d7cc9c4a-da99-458d-b18b-08ec11ac9540 [200 OK, 1.07kB, 169ms]
  ✓  Item 9 (ACN.BA) self link returns status 200
  ┌
  │ '\n▶ Testing Item 10 (ACWI.BA)'
  └
  ✓  Item 10 (ACWI.BA) contains expected properties
  ✓  Item 10 (ACWI.BA) 'name' is a non-empty string
  ✓  Item 10 (ACWI.BA) 'issuer' is a non-empty string
  ✓  Item 10 (ACWI.BA) 'issueCurrency' is a valid URL
  ✓  Item 10 (ACWI.BA) 'self' link is a valid URL
  GET https://api.staging.mercap.com.ar/stocks/54692919-4306-4c23-8323-4f26f6a08af6 [200 OK, 1.08kB, 118ms]
  ✓  Item 10 (ACWI.BA) self link returns status 200
  ┌
  │ '✔ Finished testing stocks (or no stocks to test)'
  └

↳ Get stocks by UUID
  ┌
  │ '🚀 Ejecutando request para Stock UUID: https://api.st
  │ aging.mercap.com.ar/stocks/6ff2eccb-d13f-49d1-9f6e-afd
  │ a6e43ab96'
  └
  GET https://api.staging.mercap.com.ar/stocks/6ff2eccb-d13f-49d1-9f6e-afda6e43ab96 [200 OK, 1.07kB, 122ms]
  ✓  Response is received
  ✓  Status code is 200
  ✓  Media-Type is correct
  ┌
  │ 'Response has correct properties.'
  └
  ✓  Response has correct properties
  ┌
  │ 'Self link is correct:', 'https://api.staging.mercap.c
  │ om.ar/stocks/6ff2eccb-d13f-49d1-9f6e-afda6e43ab96'
  └
  ✓  Self link is correct
  ┌
  │ "smallestDenomination base is '1'."
  └
  ✓  smallestDenomination base is '1'
  ┌
  │ "smallestDenomination increment is '1'."
  └
  ✓  smallestDenomination increment is '1'

❏ Pepper-GS32 / Regression-Test / Tradable Securities
↳ Get tradable securities using only mandatory filters
  ┌
  │ '▶ [undefined] Ejecutando con ticker: AL30'
  │ '📅 VALUATION_DATE seteado a: 2026-09-16'
  └
  GET https://api.staging.mercap.com.ar/tradable-securities?tradeDate=2026-09-16 [200 OK, 13.14kB, 110ms]
  ✓  Response is received
  ✓  Status code is 200
  ✓  Media-Type is correct
  ✓  Items array is present and not empty
  ✓  Each item has correct properties
  ✓  No duplicate tickers in items
  ✓  Links are unique for each tradable security
  ✓  TradingEvery has value 100 or 1000 for each item
  ✓  Security.type has value Bond for each item
  ✓  Self link is present and has correct structure

↳ Get tradable securities using optional filters - only query
  ┌
  │ '▶ [undefined] Ejecutando con ticker: AL30'
  │ '📅 VALUATION_DATE seteado a: 2026-09-16'
  └
  GET https://api.staging.mercap.com.ar/tradable-securities?tradeDate=2026-09-16&query=AL30 [200 OK, 2.65kB, 87ms]
  ✓  Response is received
  ✓  Status code is 200
  ✓  Media-Type is correct
  ✓  Items array is present and not empty
  ✓  Each item has correct properties
  ✓  No duplicate tickers in items
  ✓  Links are unique for each tradable security
  ✓  TradingEvery has value 100 or 1000 for each item
  ✓  Security.type has value Bond for each item
  ┌
  │ '✔ TS_SELF: https://api.staging.mercap.com.ar/tradable
  │ -securities/6cfdf5ed-d8da-411a-8e86-b1bbeef54f45'
  │ '✔ TS_METRICS: https://api.staging.mercap.com.ar/trada
  │ ble-securities/6cfdf5ed-d8da-411a-8e86-b1bbeef54f45/me
  │ trics'
  └

↳ Get tradable securities using optional filters - only type
  ┌
  │ '▶ [undefined] Ejecutando con ticker: AL30'
  │ '📅 VALUATION_DATE seteado a: 2026-09-16'
  └
  GET https://api.staging.mercap.com.ar/tradable-securities?tradeDate=2026-09-16&type=Bond [200 OK, 13.19kB, 91ms]
  ✓  Response is received
  ✓  Status code is 200
  ✓  Media-Type is correct
  ✓  Items array is present and not empty
  ✓  Each item has correct properties
  ✓  No duplicate tickers in items
  ✓  Links are unique for each tradable security
  ✓  TradingEvery has value 100 or 1000 for each item
  ✓  Security.type has value Bond for each item
  ✓  Self link is present and has correct structure

↳ Get tradable securities using optional filters - only market
  ┌
  │ '▶ [undefined] Ejecutando con ticker: AL30'
  │ '📅 VALUATION_DATE seteado a: 2026-09-16'
  │ '🌍 Ubicación: Argentina | 📈 Market asignado: BYMA'
  └
  GET https://api.staging.mercap.com.ar/tradable-securities?tradeDate=2026-09-16&market=BYMA [200 OK, 13.11kB, 93ms]
  ✓  Response is received
  ✓  Status code is 200
  ✓  Media-Type is correct
  ✓  Items array is present and not empty
  ✓  Each item has correct properties
  ✓  No duplicate tickers in items
  ✓  Links are unique for each tradable security
  ✓  TradingEvery has value 100 or 1000 for each item
  ✓  Security.type has value Bond for each item
  ✓  Self link is present and has correct structure

↳ Get tradable security by UUID
  ┌
  │ '▶ [undefined] Ejecutando con ticker: AL30'
  └
  GET https://api.staging.mercap.com.ar/tradable-securities/6cfdf5ed-d8da-411a-8e86-b1bbeef54f45 [200 OK, 1.35kB, 78ms]
  ┌
  │ 'Response received successfully.'
  └
  ✓  Response is received
  ┌
  │ 'Status code is 200.'
  └
  ✓  Status code is 200
  ┌
  │ 'Content-Type header is correct.'
  └
  ✓  Media-Type is correct
  ┌
  │ 'Each item has the correct properties (Validated as si
  │ ngle object)'
  └
  ✓  Each item has correct properties
  ┌
  │ 'Type is Bond.'
  └
  ✓  Type is Bond
  ┌
  │ 'tradingEvery validated correctly.'
  └
  ✓  TradingEvery has value 100 or 1000 for each item
  ✓  Ticker on response is the expected

↳ Get tradable security metrics
  ┌
  │ '▶ [undefined] Ejecutando con ticker: AL30'
  └
  GET https://api.staging.mercap.com.ar/tradable-securities/6cfdf5ed-d8da-411a-8e86-b1bbeef54f45/metrics [200 OK, 2.43kB, 288ms]
  ✓  Response is received
  ✓  Status code is 200
  ✓  Media-Type is correct
  ✓  Response contains expected properties
  ✓  Numeric values are valid
  ✓  All dates are valid (YYYY-MM-DD)
  ✓  Last quote contains expected properties
  ✓  Last intraday quote contains expected properties
  ┌
  │ 'Verified every.amount is 100 for Argentina'
  └
  ✓  Every.amount logic is correct based on location
  ✓  Links are valid URLs
  ✓  Cost and ResidualAmount are valid objects
  ✓  Coupon yearly rate is valid
  ✓  Links match environment variables

↳ Get tradable securities using optional filters - ticker & tradeDate
  ┌
  │ '▶ [undefined] Ejecutando con ticker: AL30'
  └
  GET https://api.staging.mercap.com.ar/bonds?shortName=AL30 [200 OK, 5.84kB, 737ms]
  GET https://api.staging.mercap.com.ar/tradable-securities?security=https://api.staging.mercap.com.ar/bonds/ecfe885d-8163-4222-acb1-f7020cf05a4a&tradeDate=2026-09-16 [200 OK, 1.95kB, 2.9s]
  ✓  items es un array no vacío
  ✓  ticker es string no vacío
  ✓  quoteInformation existe y no esta vacio
  ✓  quotedType es valor permitido 
  ✓  quotedAmount es número positivo
  ✓  quoted es string no vacío
  ✓  currency es valor permitido (ARS, USD, BRL)
  ✓  settlementLocation es valor permitido (Local, Extranjero)
  ✓  links existe y es objeto
  ✓  links.self es URL válida con UUID
  ✓  links.metrics es URL válida terminada en /metrics
  ✓  links.self y links.metrics comparten el mismo UUID
  ✓  ticker es string no vacío
  ✓  quoteInformation existe y no esta vacio
  ✓  quotedType es valor permitido 
  ✓  quotedAmount es número positivo
  ✓  quoted es string no vacío
  ✓  currency es valor permitido (ARS, USD, BRL)
  ✓  settlementLocation es valor permitido (Local, Extranjero)
  ✓  links existe y es objeto
  ✓  links.self es URL válida con UUID
  ✓  links.metrics es URL válida terminada en /metrics
  ✓  links.self y links.metrics comparten el mismo UUID
  ✓  ticker es string no vacío
  ✓  quoteInformation existe y no esta vacio
  ✓  quotedType es valor permitido 
  ✓  quotedAmount es número positivo
  ✓  quoted es string no vacío
  ✓  currency es valor permitido (ARS, USD, BRL)
  ✓  settlementLocation es valor permitido (Local, Extranjero)
  ✓  links existe y es objeto
  ✓  links.self es URL válida con UUID
  ✓  links.metrics es URL válida terminada en /metrics
  ✓  links.self y links.metrics comparten el mismo UUID

❏ Pepper-GS32 / Regression-Test / Valuation Schemes
↳ Get all valuation schemes
  GET https://api.staging.mercap.com.ar/valuation-schemes [200 OK, 5.25kB, 306ms]
  ✓  Response is received
  ✓  Status code is 200
  ✓  Media-Type is correct
  ✓  Items array is present and not empty
  ✓  No duplicate names in items
  ✓  Links are unique for each item
  ✓  Self link matches expected URL
  ┌
  │ '✔ VALUATION_SCHEMES_UUID seteado: https://api.staging
  │ .mercap.com.ar/valuation-schemes/3082e254-40ce-4d06-b2
  │ df-58b5f14f97ef'
  │ '\n' +
  │   '▶ Testing Item 1 (Esquema Mercado Default Nuevo)'
  └
  ✓  Item 1 (Esquema Mercado Default Nuevo) contains expected properties
  ✓  Item 1 (Esquema Mercado Default Nuevo) 'name' is a non-empty string
  ✓  Item 1 (Esquema Mercado Default Nuevo) 'self' link is a valid URL
  GET https://api.staging.mercap.com.ar/valuation-schemes/3082e254-40ce-4d06-b2df-58b5f14f97ef [200 OK, 901B, 84ms]
  ✓  Item 1 (Esquema Mercado Default Nuevo) self link returns status 200
  ┌
  │ '\n▶ Testing Item 2 (Valuacion BYMA ARS)'
  └
  ✓  Item 2 (Valuacion BYMA ARS) contains expected properties
  ✓  Item 2 (Valuacion BYMA ARS) 'name' is a non-empty string
  ✓  Item 2 (Valuacion BYMA ARS) 'self' link is a valid URL
  GET https://api.staging.mercap.com.ar/valuation-schemes/f1552208-5cb2-40aa-9ebf-489a11678bf7 [200 OK, 896B, 113ms]
  ✓  Item 2 (Valuacion BYMA ARS) self link returns status 200
  ┌
  │ '\n' +
  │   '▶ Testing Item 3 (Valuacion BYMA USD Bolsa)'
  └
  ✓  Item 3 (Valuacion BYMA USD Bolsa) contains expected properties
  ✓  Item 3 (Valuacion BYMA USD Bolsa) 'name' is a non-empty string
  ✓  Item 3 (Valuacion BYMA USD Bolsa) 'self' link is a valid URL
  GET https://api.staging.mercap.com.ar/valuation-schemes/f9eec1df-b8de-4454-bae4-8a1ebf54bb11 [200 OK, 914B, 76ms]
  ✓  Item 3 (Valuacion BYMA USD Bolsa) self link returns status 200
  ┌
  │ '\n' +
  │   '▶ Testing Item 4 (Valuacion BYMA USD Cable)'
  └
  ✓  Item 4 (Valuacion BYMA USD Cable) contains expected properties
  ✓  Item 4 (Valuacion BYMA USD Cable) 'name' is a non-empty string
  ✓  Item 4 (Valuacion BYMA USD Cable) 'self' link is a valid URL
  GET https://api.staging.mercap.com.ar/valuation-schemes/5072d341-e66f-439b-b759-9140f80ccd8c [200 OK, 896B, 101ms]
  ✓  Item 4 (Valuacion BYMA USD Cable) self link returns status 200
  ┌
  │ '\n▶ Testing Item 5 (Valuación ISIN - CLP)'
  └
  ✓  Item 5 (Valuación ISIN - CLP) contains expected properties
  ✓  Item 5 (Valuación ISIN - CLP) 'name' is a non-empty string
  ✓  Item 5 (Valuación ISIN - CLP) 'self' link is a valid URL
  GET https://api.staging.mercap.com.ar/valuation-schemes/8baf19d7-b1be-4fbd-aef8-bc857f604e46 [200 OK, 897B, 134ms]
  ✓  Item 5 (Valuación ISIN - CLP) self link returns status 200
  ┌
  │ '\n▶ Testing Item 6 (Valuación ISIN - EUR)'
  └
  ✓  Item 6 (Valuación ISIN - EUR) contains expected properties
  ✓  Item 6 (Valuación ISIN - EUR) 'name' is a non-empty string
  ✓  Item 6 (Valuación ISIN - EUR) 'self' link is a valid URL
  GET https://api.staging.mercap.com.ar/valuation-schemes/b79d71ac-1319-42b9-a6a9-b58456e41699 [200 OK, 903B, 100ms]
  ✓  Item 6 (Valuación ISIN - EUR) self link returns status 200
  ┌
  │ '\n▶ Testing Item 7 (Valuación ISIN - GBP)'
  └
  ✓  Item 7 (Valuación ISIN - GBP) contains expected properties
  ✓  Item 7 (Valuación ISIN - GBP) 'name' is a non-empty string
  ✓  Item 7 (Valuación ISIN - GBP) 'self' link is a valid URL
  GET https://api.staging.mercap.com.ar/valuation-schemes/e56546cd-f85f-4ae4-9ddd-c37c08cf9c33 [200 OK, 905B, 105ms]
  ✓  Item 7 (Valuación ISIN - GBP) self link returns status 200
  ┌
  │ '\n▶ Testing Item 8 (Valuación ISIN - PYG)'
  └
  ✓  Item 8 (Valuación ISIN - PYG) contains expected properties
  ✓  Item 8 (Valuación ISIN - PYG) 'name' is a non-empty string
  ✓  Item 8 (Valuación ISIN - PYG) 'self' link is a valid URL
  GET https://api.staging.mercap.com.ar/valuation-schemes/989d7d2e-0e19-4147-8079-eb58f0992789 [200 OK, 895B, 147ms]
  ✓  Item 8 (Valuación ISIN - PYG) self link returns status 200
  ┌
  │ '\n▶ Testing Item 9 (Valuacion ISIN - USD)'
  └
  ✓  Item 9 (Valuacion ISIN - USD) contains expected properties
  ✓  Item 9 (Valuacion ISIN - USD) 'name' is a non-empty string
  ✓  Item 9 (Valuacion ISIN - USD) 'self' link is a valid URL
  GET https://api.staging.mercap.com.ar/valuation-schemes/d88805b9-4869-4672-a367-52d5a3e92dba [200 OK, 908B, 140ms]
  ✓  Item 9 (Valuacion ISIN - USD) self link returns status 200
  ┌
  │ '\n' +
  │   '▶ Testing Item 10 (Valuacion BYMA ARS + Instrumento
  │ s No Liquidos - USD MEP)'
  └
  ✓  Item 10 (Valuacion BYMA ARS + Instrumentos No Liquidos - USD MEP) contains expected properties
  ✓  Item 10 (Valuacion BYMA ARS + Instrumentos No Liquidos - USD MEP) 'name' is a non-empty string
  ✓  Item 10 (Valuacion BYMA ARS + Instrumentos No Liquidos - USD MEP) 'self' link is a valid URL
  GET https://api.staging.mercap.com.ar/valuation-schemes/0c023c86-2bba-4784-906e-ba295da322c0 [200 OK, 929B, 116ms]
  ✓  Item 10 (Valuacion BYMA ARS + Instrumentos No Liquidos - USD MEP) self link returns status 200
  ┌
  │ '\n' +
  │   '▶ Testing Item 11 (Valucion Tecnica Instrumentos No
  │  Liquidos)'
  └
  ✓  Item 11 (Valucion Tecnica Instrumentos No Liquidos) contains expected properties
  ✓  Item 11 (Valucion Tecnica Instrumentos No Liquidos) 'name' is a non-empty string
  ✓  Item 11 (Valucion Tecnica Instrumentos No Liquidos) 'self' link is a valid URL
  GET https://api.staging.mercap.com.ar/valuation-schemes/5e97d0ac-ff92-41b4-adc9-607e24798066 [200 OK, 917B, 133ms]
  ✓  Item 11 (Valucion Tecnica Instrumentos No Liquidos) self link returns status 200
  ┌
  │ '\n' +
  │   '▶ Testing Item 12 (Valuacion BYMA ARS + Instrumento
  │ s No Liquidos - USD Oficial)'
  └
  ✓  Item 12 (Valuacion BYMA ARS + Instrumentos No Liquidos - USD Oficial) contains expected properties
  ✓  Item 12 (Valuacion BYMA ARS + Instrumentos No Liquidos - USD Oficial) 'name' is a non-empty string
  ✓  Item 12 (Valuacion BYMA ARS + Instrumentos No Liquidos - USD Oficial) 'self' link is a valid URL
  GET https://api.staging.mercap.com.ar/valuation-schemes/5792abb7-7d88-4533-afeb-de2137b6e553 [200 OK, 931B, 84ms]
  ✓  Item 12 (Valuacion BYMA ARS + Instrumentos No Liquidos - USD Oficial) self link returns status 200
  ┌
  │ '\n▶ Testing Item 13 (Brasil)'
  └
  ✓  Item 13 (Brasil) contains expected properties
  ✓  Item 13 (Brasil) 'name' is a non-empty string
  ✓  Item 13 (Brasil) 'self' link is a valid URL
  GET https://api.staging.mercap.com.ar/valuation-schemes/defd88c7-32a9-4765-a945-41c0e7d74fd8 [200 OK, 882B, 88ms]
  ✓  Item 13 (Brasil) self link returns status 200
  ┌
  │ '\n' +
  │   '▶ Testing Item 14 (Valuacion BYMA ARS + Instrumento
  │ s No Liquidos - USD CCL)'
  └
  ✓  Item 14 (Valuacion BYMA ARS + Instrumentos No Liquidos - USD CCL) contains expected properties
  ✓  Item 14 (Valuacion BYMA ARS + Instrumentos No Liquidos - USD CCL) 'name' is a non-empty string
  ✓  Item 14 (Valuacion BYMA ARS + Instrumentos No Liquidos - USD CCL) 'self' link is a valid URL
  GET https://api.staging.mercap.com.ar/valuation-schemes/d6358214-68de-479c-bddb-edb7cf5a0bec [200 OK, 933B, 84ms]
  ✓  Item 14 (Valuacion BYMA ARS + Instrumentos No Liquidos - USD CCL) self link returns status 200
  ┌
  │ '\n' +
  │   '▶ Testing Item 15 (Valuacion Tecnica Bonos CER)'
  └
  ✓  Item 15 (Valuacion Tecnica Bonos CER) contains expected properties
  ✓  Item 15 (Valuacion Tecnica Bonos CER) 'name' is a non-empty string
  ✓  Item 15 (Valuacion Tecnica Bonos CER) 'self' link is a valid URL
  GET https://api.staging.mercap.com.ar/valuation-schemes/9093cb69-0fef-4e29-a53e-a597aef4f115 [200 OK, 899B, 188ms]
  ✓  Item 15 (Valuacion Tecnica Bonos CER) self link returns status 200
  ┌
  │ '\n' +
  │   '▶ Testing Item 16 ((AV) Valuacion BYMA ARS + Instru
  │ mentos No Liquidos VT - USD MEP)'
  └
  ✓  Item 16 ((AV) Valuacion BYMA ARS + Instrumentos No Liquidos VT - USD MEP) contains expected properties
  ✓  Item 16 ((AV) Valuacion BYMA ARS + Instrumentos No Liquidos VT - USD MEP) 'name' is a non-empty string
  ✓  Item 16 ((AV) Valuacion BYMA ARS + Instrumentos No Liquidos VT - USD MEP) 'self' link is a valid URL
  GET https://api.staging.mercap.com.ar/valuation-schemes/66b74cee-6431-4f80-a282-f536276d9516 [200 OK, 941B, 185ms]
  ✓  Item 16 ((AV) Valuacion BYMA ARS + Instrumentos No Liquidos VT - USD MEP) self link returns status 200
  ┌
  │ '\n' +
  │   '▶ Testing Item 17 ((AV) Valuacion BYMA ARS + Instru
  │ mentos No Liquidos VT - USD CCL)'
  └
  ✓  Item 17 ((AV) Valuacion BYMA ARS + Instrumentos No Liquidos VT - USD CCL) contains expected properties
  ✓  Item 17 ((AV) Valuacion BYMA ARS + Instrumentos No Liquidos VT - USD CCL) 'name' is a non-empty string
  ✓  Item 17 ((AV) Valuacion BYMA ARS + Instrumentos No Liquidos VT - USD CCL) 'self' link is a valid URL
  GET https://api.staging.mercap.com.ar/valuation-schemes/434fb1df-45ec-483b-b786-058f0cb829e3 [200 OK, 939B, 87ms]
  ✓  Item 17 ((AV) Valuacion BYMA ARS + Instrumentos No Liquidos VT - USD CCL) self link returns status 200
  ┌
  │ '\n' +
  │   '▶ Testing Item 18 ((AV) Valuacion BYMA ARS + Instru
  │ mentos No Liquidos VT - USD Oficial)'
  └
  ✓  Item 18 ((AV) Valuacion BYMA ARS + Instrumentos No Liquidos VT - USD Oficial) contains expected properties
  ✓  Item 18 ((AV) Valuacion BYMA ARS + Instrumentos No Liquidos VT - USD Oficial) 'name' is a non-empty string
  ✓  Item 18 ((AV) Valuacion BYMA ARS + Instrumentos No Liquidos VT - USD Oficial) 'self' link is a valid URL
  GET https://api.staging.mercap.com.ar/valuation-schemes/bfa1c297-5f18-404c-873c-eb6a952994a4 [200 OK, 949B, 66ms]
  ✓  Item 18 ((AV) Valuacion BYMA ARS + Instrumentos No Liquidos VT - USD Oficial) self link returns status 200
  ┌
  │ '\n' +
  │   '▶ Testing Item 19 (Valuacion BYMA USD + Instrumento
  │ s No Liquidos - USD MEP)'
  └
  ✓  Item 19 (Valuacion BYMA USD + Instrumentos No Liquidos - USD MEP) contains expected properties
  ✓  Item 19 (Valuacion BYMA USD + Instrumentos No Liquidos - USD MEP) 'name' is a non-empty string
  ✓  Item 19 (Valuacion BYMA USD + Instrumentos No Liquidos - USD MEP) 'self' link is a valid URL
  GET https://api.staging.mercap.com.ar/valuation-schemes/5c659860-3ecf-4574-9c64-cf6e08ede086 [200 OK, 927B, 88ms]
  ✓  Item 19 (Valuacion BYMA USD + Instrumentos No Liquidos - USD MEP) self link returns status 200
  ┌
  │ '\n' +
  │   '▶ Testing Item 20 (Valuacion BYMA USD + Instrumento
  │ s No Liquidos - USD Oficial)'
  └
  ✓  Item 20 (Valuacion BYMA USD + Instrumentos No Liquidos - USD Oficial) contains expected properties
  ✓  Item 20 (Valuacion BYMA USD + Instrumentos No Liquidos - USD Oficial) 'name' is a non-empty string
  ✓  Item 20 (Valuacion BYMA USD + Instrumentos No Liquidos - USD Oficial) 'self' link is a valid URL
  GET https://api.staging.mercap.com.ar/valuation-schemes/c45389ee-a34c-4c7b-a427-ef0d9d184297 [200 OK, 931B, 84ms]
  ✓  Item 20 (Valuacion BYMA USD + Instrumentos No Liquidos - USD Oficial) self link returns status 200
  ┌
  │ '\n' +
  │   '▶ Testing Item 21 (Valuacion BYMA USD + Instrumento
  │ s No Liquidos - USD CCL)'
  └
  ✓  Item 21 (Valuacion BYMA USD + Instrumentos No Liquidos - USD CCL) contains expected properties
  ✓  Item 21 (Valuacion BYMA USD + Instrumentos No Liquidos - USD CCL) 'name' is a non-empty string
  ✓  Item 21 (Valuacion BYMA USD + Instrumentos No Liquidos - USD CCL) 'self' link is a valid URL
  GET https://api.staging.mercap.com.ar/valuation-schemes/73f92601-22f0-4ced-bac1-dc149c5db36e [200 OK, 933B, 70ms]
  ✓  Item 21 (Valuacion BYMA USD + Instrumentos No Liquidos - USD CCL) self link returns status 200
  ┌
  │ '\n' +
  │   '▶ Testing Item 22 (Valuacion Tenica Bonos)'
  └
  ✓  Item 22 (Valuacion Tenica Bonos) contains expected properties
  ✓  Item 22 (Valuacion Tenica Bonos) 'name' is a non-empty string
  ✓  Item 22 (Valuacion Tenica Bonos) 'self' link is a valid URL
  GET https://api.staging.mercap.com.ar/valuation-schemes/161e4468-60b8-4f75-aae7-c9f4637a6258 [200 OK, 896B, 104ms]
  ✓  Item 22 (Valuacion Tenica Bonos) self link returns status 200
  ┌
  │ '\n▶ Testing Item 23 (Valuacion CBONDS)'
  └
  ✓  Item 23 (Valuacion CBONDS) contains expected properties
  ✓  Item 23 (Valuacion CBONDS) 'name' is a non-empty string
  ✓  Item 23 (Valuacion CBONDS) 'self' link is a valid URL
  GET https://api.staging.mercap.com.ar/valuation-schemes/cd9c07ec-a9ec-4469-a0b9-efd63f8c771c [200 OK, 892B, 106ms]
  ✓  Item 23 (Valuacion CBONDS) self link returns status 200
  ┌
  │ '\n' +
  │   '▶ Testing Item 24 ((LH) Valuacion BYMA ARS - USD BN
  │ A Compra)'
  └
  ✓  Item 24 ((LH) Valuacion BYMA ARS - USD BNA Compra) contains expected properties
  ✓  Item 24 ((LH) Valuacion BYMA ARS - USD BNA Compra) 'name' is a non-empty string
  ✓  Item 24 ((LH) Valuacion BYMA ARS - USD BNA Compra) 'self' link is a valid URL
  GET https://api.staging.mercap.com.ar/valuation-schemes/f4c7aca1-f8f3-4dfc-8189-f54414e038e2 [200 OK, 918B, 100ms]
  ✓  Item 24 ((LH) Valuacion BYMA ARS - USD BNA Compra) self link returns status 200
  ┌
  │ '\n' +
  │   '▶ Testing Item 25 ((LH) Valuacion BYMA ARS - USD ME
  │ P)'
  └
  ✓  Item 25 ((LH) Valuacion BYMA ARS - USD MEP) contains expected properties
  ✓  Item 25 ((LH) Valuacion BYMA ARS - USD MEP) 'name' is a non-empty string
  ✓  Item 25 ((LH) Valuacion BYMA ARS - USD MEP) 'self' link is a valid URL
  GET https://api.staging.mercap.com.ar/valuation-schemes/915dfd79-e2a9-44f1-a33f-b4b6a4276d20 [200 OK, 909B, 89ms]
  ✓  Item 25 ((LH) Valuacion BYMA ARS - USD MEP) self link returns status 200
  ┌
  │ '\n' +
  │   '▶ Testing Item 26 (Valuacion BYMA ARS + Instrumento
  │ s No Liquidos - USD BNA)'
  └
  ✓  Item 26 (Valuacion BYMA ARS + Instrumentos No Liquidos - USD BNA) contains expected properties
  ✓  Item 26 (Valuacion BYMA ARS + Instrumentos No Liquidos - USD BNA) 'name' is a non-empty string
  ✓  Item 26 (Valuacion BYMA ARS + Instrumentos No Liquidos - USD BNA) 'self' link is a valid URL
  GET https://api.staging.mercap.com.ar/valuation-schemes/54ab04bb-99f2-4cb6-b2b1-7926a9403be7 [200 OK, 933B, 125ms]
  ✓  Item 26 (Valuacion BYMA ARS + Instrumentos No Liquidos - USD BNA) self link returns status 200
  ┌
  │ '\n' +
  │   '▶ Testing Item 27 ((OL) Valuacion BYMA  ARS - USD B
  │ NA Venta)'
  └
  ✓  Item 27 ((OL) Valuacion BYMA  ARS - USD BNA Venta) contains expected properties
  ✓  Item 27 ((OL) Valuacion BYMA  ARS - USD BNA Venta) 'name' is a non-empty string
  ✓  Item 27 ((OL) Valuacion BYMA  ARS - USD BNA Venta) 'self' link is a valid URL
  GET https://api.staging.mercap.com.ar/valuation-schemes/add50e16-acf7-4e05-b6da-878bb2a2213e [200 OK, 920B, 62ms]
  ✓  Item 27 ((OL) Valuacion BYMA  ARS - USD BNA Venta) self link returns status 200
  ┌
  │ '\n' +
  │   '▶ Testing Item 28 ((OL) Valuacion BYMA USD - USD BN
  │ A Venta)'
  └
  ✓  Item 28 ((OL) Valuacion BYMA USD - USD BNA Venta) contains expected properties
  ✓  Item 28 ((OL) Valuacion BYMA USD - USD BNA Venta) 'name' is a non-empty string
  ✓  Item 28 ((OL) Valuacion BYMA USD - USD BNA Venta) 'self' link is a valid URL
  GET https://api.staging.mercap.com.ar/valuation-schemes/be635bcc-8f01-49df-971c-45b50fe8089c [200 OK, 915B, 66ms]
  ✓  Item 28 ((OL) Valuacion BYMA USD - USD BNA Venta) self link returns status 200
  ┌
  │ '✔ Finished testing valuation schemes'
  └

↳ Get valuation schemes by UUID
  GET https://api.staging.mercap.com.ar/valuation-schemes/3082e254-40ce-4d06-b2df-58b5f14f97ef [200 OK, 911B, 163ms]
  ✓  Response is received
  ✓  Status code is 200
  ✓  Media-Type is correct
  ┌
  │ 'Response has correct properties.'
  └
  ✓  Response has correct properties
  ┌
  │ 'Self link is correct:', 'https://api.staging.mercap.c
  │ om.ar/valuation-schemes/3082e254-40ce-4d06-b2df-58b5f1
  │ 4f97ef'
  └
  ✓  Self link is correct

❏ Pepper-GS32 / Regression-Test / Yield Curves
↳ Get all yield curves - validate each self link
  GET https://api.staging.mercap.com.ar/yield-curves [200 OK, 20.92kB, 245ms]
  ✓  Response is received
  ✓  Status code is 200
  ✓  Response contains 'items' array with at least one element
  ✓  No fields are null
  ┌
  │ '🔎 Testing Item 1 (Argentina - BCRA - BOPREALs - USD)
  │ '
  └
  ✓  Item 1 (Argentina - BCRA - BOPREALs - USD) contains expected properties
  ✓  Item 1 (Argentina - BCRA - BOPREALs - USD) 'name' is a non-empty string
  ✓  Item 1 (Argentina - BCRA - BOPREALs - USD) links contain valid URLs
  GET https://api.staging.mercap.com.ar/yield-curves/c7955d2f-7731-43c4-80ec-fd70662ec57f [200 OK, 1.25kB, 190ms]
  ✓  Item 1 (Argentina - BCRA - BOPREALs - USD) self link returns 200
  ┌
  │ '🔎 Testing Item 2 (Argentina - Corporativos - Aliment
  │ os - USD\t)'
  └
  ✓  Item 2 (Argentina - Corporativos - Alimentos - USD	) contains expected properties
  ✓  Item 2 (Argentina - Corporativos - Alimentos - USD	) 'name' is a non-empty string
  ✓  Item 2 (Argentina - Corporativos - Alimentos - USD	) links contain valid URLs
  GET https://api.staging.mercap.com.ar/yield-curves/fefe3e07-ef73-491d-836e-6295a611487e [200 OK, 1.26kB, 198ms]
  ✓  Item 2 (Argentina - Corporativos - Alimentos - USD	) self link returns 200
  ┌
  │ '🔎 Testing Item 3 (Argentina - Corporativos - Bancos 
  │ Comerciales - Tasa TAMAR\t)'
  └
  ✓  Item 3 (Argentina - Corporativos - Bancos Comerciales - Tasa TAMAR	) contains expected properties
  ✓  Item 3 (Argentina - Corporativos - Bancos Comerciales - Tasa TAMAR	) 'name' is a non-empty string
  ✓  Item 3 (Argentina - Corporativos - Bancos Comerciales - Tasa TAMAR	) links contain valid URLs
  GET https://api.staging.mercap.com.ar/yield-curves/b14671bb-771e-43be-a110-e22fa5f1181b [200 OK, 1.27kB, 189ms]
  ✓  Item 3 (Argentina - Corporativos - Bancos Comerciales - Tasa TAMAR	) self link returns 200
  ┌
  │ '🔎 Testing Item 4 (Argentina - Corporativos - Bancos 
  │ Comerciales - USD\t)'
  └
  ✓  Item 4 (Argentina - Corporativos - Bancos Comerciales - USD	) contains expected properties
  ✓  Item 4 (Argentina - Corporativos - Bancos Comerciales - USD	) 'name' is a non-empty string
  ✓  Item 4 (Argentina - Corporativos - Bancos Comerciales - USD	) links contain valid URLs
  GET https://api.staging.mercap.com.ar/yield-curves/3eb6de95-31e7-4e1f-9f72-e59a49e7a246 [200 OK, 1.26kB, 262ms]
  ✓  Item 4 (Argentina - Corporativos - Bancos Comerciales - USD	) self link returns 200
  ┌
  │ '🔎 Testing Item 5 (Argentina - Corporativos - Desarro
  │ llo y Admin. de Bienes Inmobiliarios - USD\t)'
  └
  ✓  Item 5 (Argentina - Corporativos - Desarrollo y Admin. de Bienes Inmobiliarios - USD	) contains expected properties
  ✓  Item 5 (Argentina - Corporativos - Desarrollo y Admin. de Bienes Inmobiliarios - USD	) 'name' is a non-empty string
  ✓  Item 5 (Argentina - Corporativos - Desarrollo y Admin. de Bienes Inmobiliarios - USD	) links contain valid URLs
  GET https://api.staging.mercap.com.ar/yield-curves/9c5949e1-fc58-4755-bbd1-149b880df9f3 [200 OK, 1.29kB, 132ms]
  ✓  Item 5 (Argentina - Corporativos - Desarrollo y Admin. de Bienes Inmobiliarios - USD	) self link returns 200
  ┌
  │ '🔎 Testing Item 6 (Argentina - Corporativos - Metales
  │  y Mineria - USD\t)'
  └
  ✓  Item 6 (Argentina - Corporativos - Metales y Mineria - USD	) contains expected properties
  ✓  Item 6 (Argentina - Corporativos - Metales y Mineria - USD	) 'name' is a non-empty string
  ✓  Item 6 (Argentina - Corporativos - Metales y Mineria - USD	) links contain valid URLs
  GET https://api.staging.mercap.com.ar/yield-curves/9a0416e2-c4b3-4010-9480-41100aa00612 [200 OK, 1.26kB, 187ms]
  ✓  Item 6 (Argentina - Corporativos - Metales y Mineria - USD	) self link returns 200
  ┌
  │ '🔎 Testing Item 7 (Argentina - Corporativos - ONs Dol
  │ lar Linked cero cupon - ARS)'
  └
  ✓  Item 7 (Argentina - Corporativos - ONs Dollar Linked cero cupon - ARS) contains expected properties
  ✓  Item 7 (Argentina - Corporativos - ONs Dollar Linked cero cupon - ARS) 'name' is a non-empty string
  ✓  Item 7 (Argentina - Corporativos - ONs Dollar Linked cero cupon - ARS) links contain valid URLs
  GET https://api.staging.mercap.com.ar/yield-curves/067f21ab-6ee5-480a-8983-eae81a9905f9 [200 OK, 1.27kB, 305ms]
  ✓  Item 7 (Argentina - Corporativos - ONs Dollar Linked cero cupon - ARS) self link returns 200
  ┌
  │ '🔎 Testing Item 8 (Argentina - Corporativos - ONs Dol
  │ lar Linked con cupones - ARS)'
  └
  ✓  Item 8 (Argentina - Corporativos - ONs Dollar Linked con cupones - ARS) contains expected properties
  ✓  Item 8 (Argentina - Corporativos - ONs Dollar Linked con cupones - ARS) 'name' is a non-empty string
  ✓  Item 8 (Argentina - Corporativos - ONs Dollar Linked con cupones - ARS) links contain valid URLs
  GET https://api.staging.mercap.com.ar/yield-curves/827b8d5e-06ae-43cb-ad7e-bfda0f85c1ba [200 OK, 1.26kB, 250ms]
  ✓  Item 8 (Argentina - Corporativos - ONs Dollar Linked con cupones - ARS) self link returns 200
  ┌
  │ '🔎 Testing Item 9 (Argentina - Corporativos - ONs en 
  │ UVA - ARS)'
  └
  ✓  Item 9 (Argentina - Corporativos - ONs en UVA - ARS) contains expected properties
  ✓  Item 9 (Argentina - Corporativos - ONs en UVA - ARS) 'name' is a non-empty string
  ✓  Item 9 (Argentina - Corporativos - ONs en UVA - ARS) links contain valid URLs
  GET https://api.staging.mercap.com.ar/yield-curves/c93100f0-4113-4e99-a8f4-26bb00a60562 [200 OK, 1.25kB, 266ms]
  ✓  Item 9 (Argentina - Corporativos - ONs en UVA - ARS) self link returns 200
  ┌
  │ '🔎 Testing Item 10 (Argentina - Corporativos - ONs Le
  │ y Argentina - USD en Argentina)'
  └
  ✓  Item 10 (Argentina - Corporativos - ONs Ley Argentina - USD en Argentina) contains expected properties
  ✓  Item 10 (Argentina - Corporativos - ONs Ley Argentina - USD en Argentina) 'name' is a non-empty string
  ✓  Item 10 (Argentina - Corporativos - ONs Ley Argentina - USD en Argentina) links contain valid URLs
  GET https://api.staging.mercap.com.ar/yield-curves/592b2907-1322-490b-88e9-b4b8f9eb3560 [200 OK, 1.28kB, 667ms]
  ✓  Item 10 (Argentina - Corporativos - ONs Ley Argentina - USD en Argentina) self link returns 200
  ┌
  │ '🔎 Testing Item 11 (Argentina - Corporativos - ONs Le
  │ y Argentina - USD en el Exterior)'
  └
  ✓  Item 11 (Argentina - Corporativos - ONs Ley Argentina - USD en el Exterior) contains expected properties
  ✓  Item 11 (Argentina - Corporativos - ONs Ley Argentina - USD en el Exterior) 'name' is a non-empty string
  ✓  Item 11 (Argentina - Corporativos - ONs Ley Argentina - USD en el Exterior) links contain valid URLs
  GET https://api.staging.mercap.com.ar/yield-curves/0817836d-c512-4b66-a048-0aa6346020f3 [200 OK, 1.27kB, 206ms]
  ✓  Item 11 (Argentina - Corporativos - ONs Ley Argentina - USD en el Exterior) self link returns 200
  ┌
  │ '🔎 Testing Item 12 (Argentina - Corporativos - ONs Le
  │ y Extranjera - USD)'
  └
  ✓  Item 12 (Argentina - Corporativos - ONs Ley Extranjera - USD) contains expected properties
  ✓  Item 12 (Argentina - Corporativos - ONs Ley Extranjera - USD) 'name' is a non-empty string
  ✓  Item 12 (Argentina - Corporativos - ONs Ley Extranjera - USD) links contain valid URLs
  GET https://api.staging.mercap.com.ar/yield-curves/45ef3a43-28cc-4878-9329-cbed2dacc258 [200 OK, 1.26kB, 294ms]
  ✓  Item 12 (Argentina - Corporativos - ONs Ley Extranjera - USD) self link returns 200
  ┌
  │ '🔎 Testing Item 13 (Argentina - Corporativos - ONs TA
  │ MAR - ARS)'
  └
  ✓  Item 13 (Argentina - Corporativos - ONs TAMAR - ARS) contains expected properties
  ✓  Item 13 (Argentina - Corporativos - ONs TAMAR - ARS) 'name' is a non-empty string
  ✓  Item 13 (Argentina - Corporativos - ONs TAMAR - ARS) links contain valid URLs
  GET https://api.staging.mercap.com.ar/yield-curves/d35422e9-f639-4ee8-8654-1d489e0af78e [200 OK, 1.26kB, 222ms]
  ✓  Item 13 (Argentina - Corporativos - ONs TAMAR - ARS) self link returns 200
  ┌
  │ '🔎 Testing Item 14 (Argentina - Corporativos - Petrol
  │ eo, Gas y Combustibles - USD\t)'
  └
  ✓  Item 14 (Argentina - Corporativos - Petroleo, Gas y Combustibles - USD	) contains expected properties
  ✓  Item 14 (Argentina - Corporativos - Petroleo, Gas y Combustibles - USD	) 'name' is a non-empty string
  ✓  Item 14 (Argentina - Corporativos - Petroleo, Gas y Combustibles - USD	) links contain valid URLs
  GET https://api.staging.mercap.com.ar/yield-curves/562ff5d6-a30e-4e18-a181-985dc783e842 [200 OK, 1.27kB, 284ms]
  ✓  Item 14 (Argentina - Corporativos - Petroleo, Gas y Combustibles - USD	) self link returns 200
  ┌
  │ '🔎 Testing Item 15 (Argentina - Corporativos - Produc
  │ tos Quimicos - USD\t)'
  └
  ✓  Item 15 (Argentina - Corporativos - Productos Quimicos - USD	) contains expected properties
  ✓  Item 15 (Argentina - Corporativos - Productos Quimicos - USD	) 'name' is a non-empty string
  ✓  Item 15 (Argentina - Corporativos - Productos Quimicos - USD	) links contain valid URLs
  GET https://api.staging.mercap.com.ar/yield-curves/a46c78e3-71d2-483b-ab4d-497c18be5378 [200 OK, 1.26kB, 189ms]
  ✓  Item 15 (Argentina - Corporativos - Productos Quimicos - USD	) self link returns 200
  ┌
  │ '🔎 Testing Item 16 (Argentina - Corporativos - Servic
  │ ios de Telecomunicaciones Diversos - USD\t)'
  └
  ✓  Item 16 (Argentina - Corporativos - Servicios de Telecomunicaciones Diversos - USD	) contains expected properties
  ✓  Item 16 (Argentina - Corporativos - Servicios de Telecomunicaciones Diversos - USD	) 'name' is a non-empty string
  ✓  Item 16 (Argentina - Corporativos - Servicios de Telecomunicaciones Diversos - USD	) links contain valid URLs
  GET https://api.staging.mercap.com.ar/yield-curves/65f4c86f-5f55-4a03-a3db-d223ec88acf1 [200 OK, 1.29kB, 192ms]
  ✓  Item 16 (Argentina - Corporativos - Servicios de Telecomunicaciones Diversos - USD	) self link returns 200
  ┌
  │ '🔎 Testing Item 17 (Argentina - Corporativos - Servic
  │ ios Financieros Personales - USD\t)'
  └
  ✓  Item 17 (Argentina - Corporativos - Servicios Financieros Personales - USD	) contains expected properties
  ✓  Item 17 (Argentina - Corporativos - Servicios Financieros Personales - USD	) 'name' is a non-empty string
  ✓  Item 17 (Argentina - Corporativos - Servicios Financieros Personales - USD	) links contain valid URLs
  GET https://api.staging.mercap.com.ar/yield-curves/89e1fa10-5fe8-4b2d-9e42-70767154759c [200 OK, 1.27kB, 199ms]
  ✓  Item 17 (Argentina - Corporativos - Servicios Financieros Personales - USD	) self link returns 200
  ┌
  │ '🔎 Testing Item 18 (Argentina - Corporativos - Sumini
  │ stro Electrico - USD\t)'
  └
  ✓  Item 18 (Argentina - Corporativos - Suministro Electrico - USD	) contains expected properties
  ✓  Item 18 (Argentina - Corporativos - Suministro Electrico - USD	) 'name' is a non-empty string
  ✓  Item 18 (Argentina - Corporativos - Suministro Electrico - USD	) links contain valid URLs
  GET https://api.staging.mercap.com.ar/yield-curves/590a70ce-0175-4679-8409-d8be1dce306d [200 OK, 1.27kB, 251ms]
  ✓  Item 18 (Argentina - Corporativos - Suministro Electrico - USD	) self link returns 200
  ┌
  │ '🔎 Testing Item 19 (Argentina - Corporativos - Transp
  │ ortes - USD\t)'
  └
  ✓  Item 19 (Argentina - Corporativos - Transportes - USD	) contains expected properties
  ✓  Item 19 (Argentina - Corporativos - Transportes - USD	) 'name' is a non-empty string
  ✓  Item 19 (Argentina - Corporativos - Transportes - USD	) links contain valid URLs
  GET https://api.staging.mercap.com.ar/yield-curves/0d88324d-d0bc-4c44-9ff9-fb406dbd880a [200 OK, 1.26kB, 248ms]
  ✓  Item 19 (Argentina - Corporativos - Transportes - USD	) self link returns 200
  ┌
  │ '🔎 Testing Item 20 (Argentina - Soberanos - Bonos del
  │  Tesoro Capitalizables BONCAP - ARS)'
  └
  ✓  Item 20 (Argentina - Soberanos - Bonos del Tesoro Capitalizables BONCAP - ARS) contains expected properties
  ✓  Item 20 (Argentina - Soberanos - Bonos del Tesoro Capitalizables BONCAP - ARS) 'name' is a non-empty string
  ✓  Item 20 (Argentina - Soberanos - Bonos del Tesoro Capitalizables BONCAP - ARS) links contain valid URLs
  GET https://api.staging.mercap.com.ar/yield-curves/7654381b-b94b-44dd-97d2-d6c846ef1046 [200 OK, 1.28kB, 193ms]
  ✓  Item 20 (Argentina - Soberanos - Bonos del Tesoro Capitalizables BONCAP - ARS) self link returns 200
  ┌
  │ '🔎 Testing Item 21 (Argentina - Soberanos - Dollar Li
  │ nked - USD)'
  └
  ✓  Item 21 (Argentina - Soberanos - Dollar Linked - USD) contains expected properties
  ✓  Item 21 (Argentina - Soberanos - Dollar Linked - USD) 'name' is a non-empty string
  ✓  Item 21 (Argentina - Soberanos - Dollar Linked - USD) links contain valid URLs
  GET https://api.staging.mercap.com.ar/yield-curves/f2488f82-4e37-4326-aec7-b7d268d58f3e [200 OK, 1.26kB, 199ms]
  ✓  Item 21 (Argentina - Soberanos - Dollar Linked - USD) self link returns 200
  ┌
  │ '🔎 Testing Item 22 (Argentina - Soberanos - Letras de
  │ l Tesoro (LECER) - ARS )'
  └
  ✓  Item 22 (Argentina - Soberanos - Letras del Tesoro (LECER) - ARS ) contains expected properties
  ✓  Item 22 (Argentina - Soberanos - Letras del Tesoro (LECER) - ARS ) 'name' is a non-empty string
  ✓  Item 22 (Argentina - Soberanos - Letras del Tesoro (LECER) - ARS ) links contain valid URLs
  GET https://api.staging.mercap.com.ar/yield-curves/583f592b-ff37-47ed-a796-698767d4114c [200 OK, 1.26kB, 191ms]
  ✓  Item 22 (Argentina - Soberanos - Letras del Tesoro (LECER) - ARS ) self link returns 200
  ┌
  │ '🔎 Testing Item 23 (Argentina - Soberanos - Letras de
  │ l Tesoro Capitalizables (LECAP) - ARS)'
  └
  ✓  Item 23 (Argentina - Soberanos - Letras del Tesoro Capitalizables (LECAP) - ARS) contains expected properties
  ✓  Item 23 (Argentina - Soberanos - Letras del Tesoro Capitalizables (LECAP) - ARS) 'name' is a non-empty string
  ✓  Item 23 (Argentina - Soberanos - Letras del Tesoro Capitalizables (LECAP) - ARS) links contain valid URLs
  GET https://api.staging.mercap.com.ar/yield-curves/dafe5d79-334c-4861-a28b-8ffeb595abad [200 OK, 1.27kB, 208ms]
  ✓  Item 23 (Argentina - Soberanos - Letras del Tesoro Capitalizables (LECAP) - ARS) self link returns 200
  ┌
  │ '🔎 Testing Item 24 (Argentina - Soberanos - Letras de
  │ l Tesoro vinculadas al u$s (LELINK) - ARS)'
  └
  ✓  Item 24 (Argentina - Soberanos - Letras del Tesoro vinculadas al u$s (LELINK) - ARS) contains expected properties
  ✓  Item 24 (Argentina - Soberanos - Letras del Tesoro vinculadas al u$s (LELINK) - ARS) 'name' is a non-empty string
  ✓  Item 24 (Argentina - Soberanos - Letras del Tesoro vinculadas al u$s (LELINK) - ARS) links contain valid URLs
  GET https://api.staging.mercap.com.ar/yield-curves/3edb7ca4-ff54-496b-bae0-4e1c367b07c6 [200 OK, 1.29kB, 191ms]
  ✓  Item 24 (Argentina - Soberanos - Letras del Tesoro vinculadas al u$s (LELINK) - ARS) self link returns 200
  ┌
  │ '🔎 Testing Item 25 (Argentina - Soberanos - Ley Argen
  │ tina - USD )'
  └
  ✓  Item 25 (Argentina - Soberanos - Ley Argentina - USD ) contains expected properties
  ✓  Item 25 (Argentina - Soberanos - Ley Argentina - USD ) 'name' is a non-empty string
  ✓  Item 25 (Argentina - Soberanos - Ley Argentina - USD ) links contain valid URLs
  GET https://api.staging.mercap.com.ar/yield-curves/1eb1c353-c294-4fee-a932-297f3b11448f [200 OK, 1.25kB, 218ms]
  ✓  Item 25 (Argentina - Soberanos - Ley Argentina - USD ) self link returns 200
  ┌
  │ '🔎 Testing Item 26 (Argentina - Soberanos - Ley Extra
  │ njera - USD)'
  └
  ✓  Item 26 (Argentina - Soberanos - Ley Extranjera - USD) contains expected properties
  ✓  Item 26 (Argentina - Soberanos - Ley Extranjera - USD) 'name' is a non-empty string
  ✓  Item 26 (Argentina - Soberanos - Ley Extranjera - USD) links contain valid URLs
  GET https://api.staging.mercap.com.ar/yield-curves/9d234b34-d635-4ace-bd37-a2a4f2e86faf [200 OK, 1.25kB, 183ms]
  ✓  Item 26 (Argentina - Soberanos - Ley Extranjera - USD) self link returns 200
  ┌
  │ '🔎 Testing Item 27 (Argentina - Soberanos - Tasa Fija
  │  + CER - ARS)'
  └
  ✓  Item 27 (Argentina - Soberanos - Tasa Fija + CER - ARS) contains expected properties
  ✓  Item 27 (Argentina - Soberanos - Tasa Fija + CER - ARS) 'name' is a non-empty string
  ✓  Item 27 (Argentina - Soberanos - Tasa Fija + CER - ARS) links contain valid URLs
  GET https://api.staging.mercap.com.ar/yield-curves/f9c0db3d-9190-4692-9c70-0d7b0eb9e9ee [200 OK, 1.25kB, 247ms]
  ✓  Item 27 (Argentina - Soberanos - Tasa Fija + CER - ARS) self link returns 200
  ┌
  │ '🔎 Testing Item 28 (Argentina - Soberanos - Tasa Fija
  │  - ARS)'
  └
  ✓  Item 28 (Argentina - Soberanos - Tasa Fija - ARS) contains expected properties
  ✓  Item 28 (Argentina - Soberanos - Tasa Fija - ARS) 'name' is a non-empty string
  ✓  Item 28 (Argentina - Soberanos - Tasa Fija - ARS) links contain valid URLs
  GET https://api.staging.mercap.com.ar/yield-curves/8e165b0c-69f7-4ddb-b346-a73b47aeef0e [200 OK, 1.24kB, 334ms]
  ✓  Item 28 (Argentina - Soberanos - Tasa Fija - ARS) self link returns 200
  ┌
  │ '🔎 Testing Item 29 (Argentina - Soberanos - Tasa Flot
  │ ante - ARS)'
  └
  ✓  Item 29 (Argentina - Soberanos - Tasa Flotante - ARS) contains expected properties
  ✓  Item 29 (Argentina - Soberanos - Tasa Flotante - ARS) 'name' is a non-empty string
  ✓  Item 29 (Argentina - Soberanos - Tasa Flotante - ARS) links contain valid URLs
  GET https://api.staging.mercap.com.ar/yield-curves/9bdc4ab6-b86b-43c0-bb1e-f78e4c11ca55 [200 OK, 1.25kB, 228ms]
  ✓  Item 29 (Argentina - Soberanos - Tasa Flotante - ARS) self link returns 200
  ┌
  │ '🔎 Testing Item 30 (Argentina - SubSoberanos - Tasa f
  │ ija + CER - ARS)'
  └
  ✓  Item 30 (Argentina - SubSoberanos - Tasa fija + CER - ARS) contains expected properties
  ✓  Item 30 (Argentina - SubSoberanos - Tasa fija + CER - ARS) 'name' is a non-empty string
  ✓  Item 30 (Argentina - SubSoberanos - Tasa fija + CER - ARS) links contain valid URLs
  GET https://api.staging.mercap.com.ar/yield-curves/74f305c2-b3bc-4f0c-b917-89ae597c3be1 [200 OK, 1.26kB, 173ms]
  ✓  Item 30 (Argentina - SubSoberanos - Tasa fija + CER - ARS) self link returns 200
  ┌
  │ '🔎 Testing Item 31 (Argentina - SubSoberanos - Tasa F
  │ ija - USD)'
  └
  ✓  Item 31 (Argentina - SubSoberanos - Tasa Fija - USD) contains expected properties
  ✓  Item 31 (Argentina - SubSoberanos - Tasa Fija - USD) 'name' is a non-empty string
  ✓  Item 31 (Argentina - SubSoberanos - Tasa Fija - USD) links contain valid URLs
  GET https://api.staging.mercap.com.ar/yield-curves/faba1cba-97a1-4f56-83c5-9ca4e9a5909c [200 OK, 1.25kB, 233ms]
  ✓  Item 31 (Argentina - SubSoberanos - Tasa Fija - USD) self link returns 200
  ┌
  │ '🔎 Testing Item 32 (Argentina - SubSoberanos - Tasa F
  │ lotante - ARS)'
  └
  ✓  Item 32 (Argentina - SubSoberanos - Tasa Flotante - ARS) contains expected properties
  ✓  Item 32 (Argentina - SubSoberanos - Tasa Flotante - ARS) 'name' is a non-empty string
  ✓  Item 32 (Argentina - SubSoberanos - Tasa Flotante - ARS) links contain valid URLs
  GET https://api.staging.mercap.com.ar/yield-curves/9193993e-4b18-4889-94e6-4cefc7485e4a [200 OK, 1.25kB, 186ms]
  ✓  Item 32 (Argentina - SubSoberanos - Tasa Flotante - ARS) self link returns 200
  ┌
  │ '🔎 Testing Item 33 (Brasil - Soberanos - Bonos Global
  │ es - USD)'
  └
  ✓  Item 33 (Brasil - Soberanos - Bonos Globales - USD) contains expected properties
  ✓  Item 33 (Brasil - Soberanos - Bonos Globales - USD) 'name' is a non-empty string
  ✓  Item 33 (Brasil - Soberanos - Bonos Globales - USD) links contain valid URLs
  GET https://api.staging.mercap.com.ar/yield-curves/8217e3c3-7a60-4dc5-a772-856732650b8a [200 OK, 1.25kB, 219ms]
  ✓  Item 33 (Brasil - Soberanos - Bonos Globales - USD) self link returns 200
  ┌
  │ '🔎 Testing Item 34 (Chile - Soberanos - Bonos Globale
  │ s - USD)'
  └
  ✓  Item 34 (Chile - Soberanos - Bonos Globales - USD) contains expected properties
  ✓  Item 34 (Chile - Soberanos - Bonos Globales - USD) 'name' is a non-empty string
  ✓  Item 34 (Chile - Soberanos - Bonos Globales - USD) links contain valid URLs
  GET https://api.staging.mercap.com.ar/yield-curves/577aa710-749c-412f-9cab-7f1ce6379673 [200 OK, 1.25kB, 200ms]
  ✓  Item 34 (Chile - Soberanos - Bonos Globales - USD) self link returns 200
  ┌
  │ '🔎 Testing Item 35 (Colombia - Soberanos - Bonos Glob
  │ ales - USD\t)'
  └
  ✓  Item 35 (Colombia - Soberanos - Bonos Globales - USD	) contains expected properties
  ✓  Item 35 (Colombia - Soberanos - Bonos Globales - USD	) 'name' is a non-empty string
  ✓  Item 35 (Colombia - Soberanos - Bonos Globales - USD	) links contain valid URLs
  GET https://api.staging.mercap.com.ar/yield-curves/8c2d9de4-5cb3-4f2f-85ad-9aee19f88a8e [200 OK, 1.25kB, 207ms]
  ✓  Item 35 (Colombia - Soberanos - Bonos Globales - USD	) self link returns 200
  ┌
  │ '🔎 Testing Item 36 (Estados Unidos - Soberanos - Trea
  │ sury Notes/Bonds - USD)'
  └
  ✓  Item 36 (Estados Unidos - Soberanos - Treasury Notes/Bonds - USD) contains expected properties
  ✓  Item 36 (Estados Unidos - Soberanos - Treasury Notes/Bonds - USD) 'name' is a non-empty string
  ✓  Item 36 (Estados Unidos - Soberanos - Treasury Notes/Bonds - USD) links contain valid URLs
  GET https://api.staging.mercap.com.ar/yield-curves/3e5993cf-64c5-4fa2-ba5b-9fae8bfcd6d5 [200 OK, 1.26kB, 150ms]
  ✓  Item 36 (Estados Unidos - Soberanos - Treasury Notes/Bonds - USD) self link returns 200
  ┌
  │ '🔎 Testing Item 37 (Mexico - Soberanos - Bonos Global
  │ es - USD)'
  └
  ✓  Item 37 (Mexico - Soberanos - Bonos Globales - USD) contains expected properties
  ✓  Item 37 (Mexico - Soberanos - Bonos Globales - USD) 'name' is a non-empty string
  ✓  Item 37 (Mexico - Soberanos - Bonos Globales - USD) links contain valid URLs
  GET https://api.staging.mercap.com.ar/yield-curves/86a282be-f60d-4cd6-be14-b1fd2871ba9b [200 OK, 1.25kB, 273ms]
  ✓  Item 37 (Mexico - Soberanos - Bonos Globales - USD) self link returns 200
  ┌
  │ '🔎 Testing Item 38 (Paraguay - Soberanos - Bonos Glob
  │ ales - USD)'
  └
  ✓  Item 38 (Paraguay - Soberanos - Bonos Globales - USD) contains expected properties
  ✓  Item 38 (Paraguay - Soberanos - Bonos Globales - USD) 'name' is a non-empty string
  ✓  Item 38 (Paraguay - Soberanos - Bonos Globales - USD) links contain valid URLs
  GET https://api.staging.mercap.com.ar/yield-curves/b0d8c01d-972c-4e1e-97e9-1edcaffb2b20 [200 OK, 1.25kB, 124ms]
  ✓  Item 38 (Paraguay - Soberanos - Bonos Globales - USD) self link returns 200

❏ Pepper-GS32 / Regression-Test / Bond Groups
↳ Get all bond groups
  GET https://api.staging.mercap.com.ar/bond-groups [200 OK, 4.67kB, 158ms]
  ✓  Response is received and status is 200
  ✓  Media-Type is correct
  ✓  Items array is present and not empty
  ✓  Self link matches expected URL
  ✓  [Group 1: Bonos Canje 2020 - Ley Argentina] structure and properties
  ✓  [Group 1: Bonos Canje 2020 - Ley Argentina] - Bond 1 (AL29) structure
  ✓  [Group 1: Bonos Canje 2020 - Ley Argentina] - Bond 2 (TX26) structure
  ✓  [Group 1: Bonos Canje 2020 - Ley Argentina] - Bond 3 (AL41) structure
  ✓  [Group 1: Bonos Canje 2020 - Ley Argentina] - Bond 4 (AE38) structure
  ✓  [Group 1: Bonos Canje 2020 - Ley Argentina] - Bond 5 (AL30) structure
  ✓  [Group 1: Bonos Canje 2020 - Ley Argentina] - Bond 6 (TX28) structure
  ✓  [Group 1: Bonos Canje 2020 - Ley Argentina] - Bond 7 (AL35) structure
  ┌
  │ '✔ Variable BOND_GROUPS actualizada:', 'https://api.st
  │ aging.mercap.com.ar/bond-groups/80de27c0-0ac0-4189-b4c
  │ f-e39757e1c6a6'
  └
  GET https://api.staging.mercap.com.ar/bond-groups/80de27c0-0ac0-4189-b4cf-e39757e1c6a6   GET https://api.staging.mercap.com.ar/bonds/af22aea0-cd76-44d2-bf1e-ee2a92b4793d   GET https://api.staging.mercap.com.ar/bonds/2525ae7e-d0da-4cb3-8835-57f153e872e2   GET https://api.staging.mercap.com.ar/bonds/89d139cc-c382-4848-91b5-861ea758ee0c   GET https://api.staging.mercap.com.ar/bonds/02d0b59c-a9ae-41df-8034-153706b8c0ee   GET https://api.staging.mercap.com.ar/bonds/ecfe885d-8163-4222-acb1-f7020cf05a4a   GET https://api.staging.mercap.com.ar/bonds/abc31ef9-f305-4c76-a6b8-8578174cf8dd   GET https://api.staging.mercap.com.ar/bonds/f9db6679-83f2-40bc-9e52-d9ebbb87cbf8 [200 OK, 2.21kB, 185ms]
  ✓  [Group 1: Bonos Canje 2020 - Ley Argentina] self link returns 200
  ✓  [Group 2: Bonos Canje 2020 - Ley NY] structure and properties
  ✓  [Group 2: Bonos Canje 2020 - Ley NY] - Bond 1 (GE38) structure
  ✓  [Group 2: Bonos Canje 2020 - Ley NY] - Bond 2 (GE35) structure
  ✓  [Group 2: Bonos Canje 2020 - Ley NY] - Bond 3 (GD38) structure
  ✓  [Group 2: Bonos Canje 2020 - Ley NY] - Bond 4 (GE29) structure
  ✓  [Group 2: Bonos Canje 2020 - Ley NY] - Bond 5 (GE41) structure
  ✓  [Group 2: Bonos Canje 2020 - Ley NY] - Bond 6 (GD41) structure
  ✓  [Group 2: Bonos Canje 2020 - Ley NY] - Bond 7 (GD30) structure
  ✓  [Group 2: Bonos Canje 2020 - Ley NY] - Bond 8 (GD46) structure
  ✓  [Group 2: Bonos Canje 2020 - Ley NY] - Bond 9 (GE46) structure
  ✓  [Group 2: Bonos Canje 2020 - Ley NY] - Bond 10 (GD35) structure
  ✓  [Group 2: Bonos Canje 2020 - Ley NY] - Bond 11 (GE30) structure
  ✓  [Group 2: Bonos Canje 2020 - Ley NY] - Bond 12 (GD29) structure
  GET https://api.staging.mercap.com.ar/bond-groups/b008b23b-cf39-41ca-bce6-64bfe0ba258b   GET https://api.staging.mercap.com.ar/bonds/0adff71d-a978-43c8-9d66-c3062ee00a54   GET https://api.staging.mercap.com.ar/bonds/47517c75-1a97-47e2-b085-10b99c490edd   GET https://api.staging.mercap.com.ar/bonds/9a11f6b9-1cc3-4d89-b88d-c1accbdac6ee   GET https://api.staging.mercap.com.ar/bonds/8d8a220b-7054-4e29-aa69-d410231f8598   GET https://api.staging.mercap.com.ar/bonds/8e7d4748-f358-4a96-954c-70101f02816f   GET https://api.staging.mercap.com.ar/bonds/9a10266b-08cb-44d7-97f7-cc81a037aa90   GET https://api.staging.mercap.com.ar/bonds/a18d235c-06a3-4a05-a794-8d463a547dc3   GET https://api.staging.mercap.com.ar/bonds/1953200f-72bf-47dd-b440-07d198bd6a5a   GET https://api.staging.mercap.com.ar/bonds/d5ded37c-49e7-4d4c-895f-3e90cca74e29   GET https://api.staging.mercap.com.ar/bonds/914170da-9f70-42a0-9e3d-de4c1a87ca27   GET https://api.staging.mercap.com.ar/bonds/db5b8de7-a16f-4437-bfc3-5610776cbeb9   GET https://api.staging.mercap.com.ar/bonds/3d87aa62-0701-45fe-87ce-2b50ad378df9 [200 OK, 3.19kB, 223ms]
  ✓  [Group 2: Bonos Canje 2020 - Ley NY] self link returns 200
[200 OK, 7.89kB, 547ms]
  ✓  [Group 1: Bonos Canje 2020 - Ley Argentina] - Bond 7 (AL35) self link returns 200
[200 OK, 5.8kB, 614ms]
  ✓  [Group 1: Bonos Canje 2020 - Ley Argentina] - Bond 5 (AL30) self link returns 200
[200 OK, 5.34kB, 632ms]
  ✓  [Group 1: Bonos Canje 2020 - Ley Argentina] - Bond 1 (AL29) self link returns 200
[200 OK, 6.09kB, 650ms]
  ✓  [Group 1: Bonos Canje 2020 - Ley Argentina] - Bond 2 (TX26) self link returns 200
[200 OK, 7.56kB, 658ms]
  ✓  [Group 1: Bonos Canje 2020 - Ley Argentina] - Bond 6 (TX28) self link returns 200
[200 OK, 10.53kB, 699ms]
  ✓  [Group 1: Bonos Canje 2020 - Ley Argentina] - Bond 3 (AL41) self link returns 200
[200 OK, 8.94kB, 718ms]
  ✓  [Group 1: Bonos Canje 2020 - Ley Argentina] - Bond 4 (AE38) self link returns 200
[200 OK, 8.94kB, 589ms]
  ✓  [Group 2: Bonos Canje 2020 - Ley NY] - Bond 3 (GD38) self link returns 200
[200 OK, 7.9kB, 611ms]
  ✓  [Group 2: Bonos Canje 2020 - Ley NY] - Bond 2 (GE35) self link returns 200
[200 OK, 12.71kB, 632ms]
  ✓  [Group 2: Bonos Canje 2020 - Ley NY] - Bond 9 (GE46) self link returns 200
[200 OK, 9.03kB, 653ms]
  ✓  [Group 2: Bonos Canje 2020 - Ley NY] - Bond 1 (GE38) self link returns 200
[200 OK, 5.4kB, 683ms]
  ✓  [Group 2: Bonos Canje 2020 - Ley NY] - Bond 4 (GE29) self link returns 200
[200 OK, 5.83kB, 699ms]
  ✓  [Group 2: Bonos Canje 2020 - Ley NY] - Bond 11 (GE30) self link returns 200
[200 OK, 5.81kB, 715ms]
  ✓  [Group 2: Bonos Canje 2020 - Ley NY] - Bond 7 (GD30) self link returns 200
[200 OK, 12.57kB, 739ms]
  ✓  [Group 2: Bonos Canje 2020 - Ley NY] - Bond 8 (GD46) self link returns 200
[200 OK, 7.9kB, 796ms]
  ✓  [Group 2: Bonos Canje 2020 - Ley NY] - Bond 10 (GD35) self link returns 200
[200 OK, 10.52kB, 816ms]
  ✓  [Group 2: Bonos Canje 2020 - Ley NY] - Bond 6 (GD41) self link returns 200
[200 OK, 10.47kB, 1008ms]
  ✓  [Group 2: Bonos Canje 2020 - Ley NY] - Bond 5 (GE41) self link returns 200
[200 OK, 5.35kB, 1013ms]
  ✓  [Group 2: Bonos Canje 2020 - Ley NY] - Bond 12 (GD29) self link returns 200

↳ Get bond groups by UUID
  GET https://api.staging.mercap.com.ar/bond-groups/80de27c0-0ac0-4189-b4cf-e39757e1c6a6 [200 OK, 2.2kB, 140ms]
  ┌
  │ 'Response received successfully.'
  └
  ✓  Response is received
  ┌
  │ 'Status code is 200.'
  └
  ✓  Status code is 200
  ┌
  │ 'Content-Type header is correct.'
  └
  ✓  Media-Type is correct
  ┌
  │ 'Bond group has the expected properties and name is Bo
  │ nos Canje 2020 - Ley Argentina.'
  └
  ✓  Bond group has correct properties and name is Bonos Canje 2020 - Ley Argentina
  ┌
  │ 'Each bond has the expected properties.'
  └
  ✓  Each bond has correct properties
  ┌
  │ 'All links are valid URLs.'
  └
  ✓  All links are valid URLs
  ┌
  │ 'Each bond name includes its shortName.'
  └
  ✓  Each bond has a consistent name and shortName
  ┌
  │ 'All expected bonds are present and have the expected 
  │ values.'
  └
  ✓  All expected bonds are present
  ┌
  │ 'The link for the bond group is correct.'
  └
  ✓  Link of bond group is correct

┌─────────────────────────┬───────────────────┬───────────────────┐
│                         │          executed │            failed │
├─────────────────────────┼───────────────────┼───────────────────┤
│              iterations │                 5 │                 0 │
├─────────────────────────┼───────────────────┼───────────────────┤
│                requests │              1279 │                 6 │
├─────────────────────────┼───────────────────┼───────────────────┤
│            test-scripts │               760 │                 2 │
├─────────────────────────┼───────────────────┼───────────────────┤
│      prerequest-scripts │               920 │                 0 │
├─────────────────────────┼───────────────────┼───────────────────┤
│              assertions │              5751 │                13 │
├─────────────────────────┴───────────────────┴───────────────────┤
│ total run duration: 17m 25.2s                                   │
├─────────────────────────────────────────────────────────────────┤
│ total data received: 4.77MB (approx)                            │
├─────────────────────────────────────────────────────────────────┤
│ average response time: 364ms [min: 39ms, max: 16s, s.d.: 957ms] │
└─────────────────────────────────────────────────────────────────┘
