newman

Marvel APIs

❏ Pepper-GS32 / Regression-Test / Appraiser
↳ Appraise market value
  ┌
  │ '🔐 AUTH_BASIC_HEADER generado en environment'
  │ '🌎 COUNTRY: AR'
  │ '🧰 Helpers cargados: assertBase, assertListMeta, asse
  │ rtItemsSendRequest, assertCatalogItem, assertSensitivi
  │ ty, assertTradableSecurityList'
  │ '▶ [undefined] Ejecutando con ticker: AL30'
  └
  GET https://api.staging.mercap.com.ar/tradable-securities?query=AL30&tradeDate=2026-09-04 [200 OK, 2.63kB, 4.6s]
  ┌
  │ '📌 BOND_INSTRUMENT_URL seteado'
  └
  GET https://api.staging.mercap.com.ar/exchange-schemes [200 OK, 4.41kB, 171ms]
  ┌
  │ '💱 EXCHANGE_SCHEME_URL seteado'
  └
  GET https://api.staging.mercap.com.ar/valuation-schemes [200 OK, 5.24kB, 194ms]
  ┌
  │ '📊 VALUATION_SCHEME_URL seteado'
  └
  POST https://api.staging.mercap.com.ar/appraiser [200 OK, 1.21kB, 4.2s]
  ┌
  │ 'Response received successfully.'
  └
  ✓  Response is received
  ┌
  │ 'Status code is 200.'
  └
  ✓  Status code is 200
  ┌
  │ 'Content-Type header is correct.'
  └
  ✓  Media-Type is correct
  ┌
  │ 'Result is a non-empty array.'
  └
  ✓  Result is a non-empty array
  ┌
  │ 'Each result object has the expected properties.'
  └
  ✓  Each result object has expected properties
  ┌
  │ 'Value amount is positive.'
  └
  ✓  Value amount is positive
  ┌
  │ 'Instrument URL is correct.'
  └
  ✓  Instrument URL is correct
  ┌
  │ 'Unit URL in every is correct.'
  └
  ✓  Unit URL in every is correct
  ┌
  │ 'Validation completed for amounts: 100 or 1000.'
  └
  ✓  Validate that 'amount' is either 100 or 1000
  ┌
  │ "Validate that 'type' is instrument quote."
  └
  ✓  Validate that 'type' is instrument quote

❏ Pepper-GS32 / Regression-Test / Bonds
↳ All bonds - deault parameters
  ┌
  │ '▶ [undefined] Ejecutando con ticker: AL30'
  └
  GET https://api.staging.mercap.com.ar/tradable-securities?query=AL30&tradeDate=2026-09-04 [200 OK, 2.63kB, 66ms]
  ┌
  │ '🔎 SHORT_NAME: AL30'
  └
  GET https://api.staging.mercap.com.ar/bonds [200 OK, 7.37kB, 131ms]
  ┌
  │ 'Response received successfully.'
  └
  ✓  Response is received
  ┌
  │ 'Status code is 200.'
  └
  ✓  Status code is 200
  ┌
  │ 'Content-Type header is correct.'
  └
  ✓  Media-Type is correct
  ┌
  │ "'items' array is present and not empty."
  └
  ✓  Response contains 'items' array with elements
  ┌
  │ 'Bond 0 validated successfully.'
  │ 'Bond 1 validated successfully.'
  │ 'Bond 2 validated successfully.'
  │ 'Bond 3 validated successfully.'
  │ 'Bond 4 validated successfully.'
  │ 'Bond 5 validated successfully.'
  │ 'Bond 6 validated successfully.'
  │ 'Bond 7 validated successfully.'
  │ 'Bond 8 validated successfully.'
  │ 'Bond 9 validated successfully.'
  └
  ✓  Each bond has required properties
  ┌
  │ 'Bond 0: shortName is valid: GYC5O'
  │ 'Bond 0: name is valid: \t360 ENERGY 2027 U$S 8.75% (G
  │ YC5O)'
  │ 'Bond 0: debtType is valid: Obligación Negociable'
  │ 'Bond 0: links object is present.'
  │ 'Bond 0: coupons link is valid: https://api.staging.me
  │ rcap.com.ar/bonds/9f8d6a98-199c-41e7-ad56-d70f08d78628
  │ /coupons'
  │ 'Bond 0: identifiers link is valid: https://api.stagin
  │ g.mercap.com.ar/bonds/9f8d6a98-199c-41e7-ad56-d70f08d7
  │ 8628/identifiers'
  │ 'Bond 0: self link is valid: https://api.staging.merca
  │ p.com.ar/bonds/9f8d6a98-199c-41e7-ad56-d70f08d78628'
  │ 'Bond 0: issueConditions link is valid: https://api.st
  │ aging.mercap.com.ar/bonds/9f8d6a98-199c-41e7-ad56-d70f
  │ 08d78628/issue-conditions'
  │ 'Bond 0: paymentSummary link is valid: https://api.sta
  │ ging.mercap.com.ar/bonds/9f8d6a98-199c-41e7-ad56-d70f0
  │ 8d78628/payment-summary'
  │ 'Bond 1: shortName is valid: BVCPO'
  │ 'Bond 1: name is valid: \tBST 2026 U$S 8 % (BVCPO)'
  │ 'Bond 1: debtType is valid: Obligación Negociable'
  │ 'Bond 1: links object is present.'
  │ 'Bond 1: coupons link is valid: https://api.staging.me
  │ rcap.com.ar/bonds/5b5084c6-16b3-49f8-9bed-ee122ebeef11
  │ /coupons'
  │ 'Bond 1: identifiers link is valid: https://api.stagin
  │ g.mercap.com.ar/bonds/5b5084c6-16b3-49f8-9bed-ee122ebe
  │ ef11/identifiers'
  │ 'Bond 1: self link is valid: https://api.staging.merca
  │ p.com.ar/bonds/5b5084c6-16b3-49f8-9bed-ee122ebeef11'
  │ 'Bond 1: issueConditions link is valid: https://api.st
  │ aging.mercap.com.ar/bonds/5b5084c6-16b3-49f8-9bed-ee12
  │ 2ebeef11/issue-conditions'
  │ 'Bond 1: paymentSummary link is valid: https://api.sta
  │ ging.mercap.com.ar/bonds/5b5084c6-16b3-49f8-9bed-ee122
  │ ebeef11/payment-summary'
  │ 'Bond 2: shortName is valid: TMC2O'
  │ 'Bond 2: name is valid: \tCrucianelli ON PyME Serie II
  │  2026 Badlar+600bp (TMC2O)'
  │ 'Bond 2: debtType is valid: Obligación Negociable'
  │ 'Bond 2: links object is present.'
  │ 'Bond 2: coupons link is valid: https://api.staging.me
  │ rcap.com.ar/bonds/8d524bde-1e01-457b-9831-424cb8eef20d
  │ /coupons'
  │ 'Bond 2: identifiers link is valid: https://api.stagin
  │ g.mercap.com.ar/bonds/8d524bde-1e01-457b-9831-424cb8ee
  │ f20d/identifiers'
  │ 'Bond 2: self link is valid: https://api.staging.merca
  │ p.com.ar/bonds/8d524bde-1e01-457b-9831-424cb8eef20d'
  │ 'Bond 2: issueConditions link is valid: https://api.st
  │ aging.mercap.com.ar/bonds/8d524bde-1e01-457b-9831-424c
  │ b8eef20d/issue-conditions'
  │ 'Bond 2: paymentSummary link is valid: https://api.sta
  │ ging.mercap.com.ar/bonds/8d524bde-1e01-457b-9831-424cb
  │ 8eef20d/payment-summary'
  │ 'Bond 3: shortName is valid: MM16A'
  │ 'Bond 3: name is valid: \tFF Moni Mobile XV VDF A (MM1
  │ 6A)'
  │ 'Bond 3: debtType is valid: Fideicomiso'
  │ 'Bond 3: links object is present.'
  │ 'Bond 3: coupons link is valid: https://api.staging.me
  │ rcap.com.ar/bonds/8fa4a451-8a2f-40dc-8070-d358f92166f1
  │ /coupons'
  │ 'Bond 3: identifiers link is valid: https://api.stagin
  │ g.mercap.com.ar/bonds/8fa4a451-8a2f-40dc-8070-d358f921
  │ 66f1/identifiers'
  │ 'Bond 3: self link is valid: https://api.staging.merca
  │ p.com.ar/bonds/8fa4a451-8a2f-40dc-8070-d358f92166f1'
  │ 'Bond 3: issueConditions link is valid: https://api.st
  │ aging.mercap.com.ar/bonds/8fa4a451-8a2f-40dc-8070-d358
  │ f92166f1/issue-conditions'
  │ 'Bond 3: paymentSummary link is valid: https://api.sta
  │ ging.mercap.com.ar/bonds/8fa4a451-8a2f-40dc-8070-d358f
  │ 92166f1/payment-summary'
  │ 'Bond 4: shortName is valid: MR40O'
  │ 'Bond 4: name is valid: \tGEMSA 2031 u$s 11% (MR40O)'
  │ 'Bond 4: debtType is valid: Obligación Negociable'
  │ 'Bond 4: links object is present.'
  │ 'Bond 4: coupons link is valid: https://api.staging.me
  │ rcap.com.ar/bonds/aca1c2b2-0dda-4235-9f91-f61b2710a955
  │ /coupons'
  │ 'Bond 4: identifiers link is valid: https://api.stagin
  │ g.mercap.com.ar/bonds/aca1c2b2-0dda-4235-9f91-f61b2710
  │ a955/identifiers'
  │ 'Bond 4: self link is valid: https://api.staging.merca
  │ p.com.ar/bonds/aca1c2b2-0dda-4235-9f91-f61b2710a955'
  │ 'Bond 4: issueConditions link is valid: https://api.st
  │ aging.mercap.com.ar/bonds/aca1c2b2-0dda-4235-9f91-f61b
  │ 2710a955/issue-conditions'
  │ 'Bond 4: paymentSummary link is valid: https://api.sta
  │ ging.mercap.com.ar/bonds/aca1c2b2-0dda-4235-9f91-f61b2
  │ 710a955/payment-summary'
  │ 'Bond 5: shortName is valid: RES2P'
  │ 'Bond 5: name is valid: \tRECARD S.A 2028 $ Badlar+800
  │ bp (RES2P)'
  │ 'Bond 5: debtType is valid: Obligación Negociable'
  │ 'Bond 5: links object is present.'
  │ 'Bond 5: coupons link is valid: https://api.staging.me
  │ rcap.com.ar/bonds/467a0102-75f2-4b59-aa66-5d182e6c1d58
  │ /coupons'
  │ 'Bond 5: identifiers link is valid: https://api.stagin
  │ g.mercap.com.ar/bonds/467a0102-75f2-4b59-aa66-5d182e6c
  │ 1d58/identifiers'
  │ 'Bond 5: self link is valid: https://api.staging.merca
  │ p.com.ar/bonds/467a0102-75f2-4b59-aa66-5d182e6c1d58'
  │ 'Bond 5: issueConditions link is valid: https://api.st
  │ aging.mercap.com.ar/bonds/467a0102-75f2-4b59-aa66-5d18
  │ 2e6c1d58/issue-conditions'
  │ 'Bond 5: paymentSummary link is valid: https://api.sta
  │ ging.mercap.com.ar/bonds/467a0102-75f2-4b59-aa66-5d182
  │ e6c1d58/payment-summary'
  │ 'Bond 6: shortName is valid: TTCBO'
  │ 'Bond 6: name is valid: \tTecpetrol 2027 u$s 6.5% (TTC
  │ BO)'
  │ 'Bond 6: debtType is valid: Obligación Negociable'
  │ 'Bond 6: links object is present.'
  │ 'Bond 6: coupons link is valid: https://api.staging.me
  │ rcap.com.ar/bonds/ca619c61-beaf-4160-9bcc-b9df0e0e7938
  │ /coupons'
  │ 'Bond 6: identifiers link is valid: https://api.stagin
  │ g.mercap.com.ar/bonds/ca619c61-beaf-4160-9bcc-b9df0e0e
  │ 7938/identifiers'
  │ 'Bond 6: self link is valid: https://api.staging.merca
  │ p.com.ar/bonds/ca619c61-beaf-4160-9bcc-b9df0e0e7938'
  │ 'Bond 6: issueConditions link is valid: https://api.st
  │ aging.mercap.com.ar/bonds/ca619c61-beaf-4160-9bcc-b9df
  │ 0e0e7938/issue-conditions'
  │ 'Bond 6: paymentSummary link is valid: https://api.sta
  │ ging.mercap.com.ar/bonds/ca619c61-beaf-4160-9bcc-b9df0
  │ e0e7938/payment-summary'
  │ 'Bond 7: shortName is valid: GYC4O'
  │ 'Bond 7: name is valid: 360 ENERGY 2027 U$S 8% (GYC4O)
  │ '
  │ 'Bond 7: debtType is valid: Obligación Negociable'
  │ 'Bond 7: links object is present.'
  │ 'Bond 7: coupons link is valid: https://api.staging.me
  │ rcap.com.ar/bonds/935718fe-3140-424e-817d-3ba64bbc60a6
  │ /coupons'
  │ 'Bond 7: identifiers link is valid: https://api.stagin
  │ g.mercap.com.ar/bonds/935718fe-3140-424e-817d-3ba64bbc
  │ 60a6/identifiers'
  │ 'Bond 7: self link is valid: https://api.staging.merca
  │ p.com.ar/bonds/935718fe-3140-424e-817d-3ba64bbc60a6'
  │ 'Bond 7: issueConditions link is valid: https://api.st
  │ aging.mercap.com.ar/bonds/935718fe-3140-424e-817d-3ba6
  │ 4bbc60a6/issue-conditions'
  │ 'Bond 7: paymentSummary link is valid: https://api.sta
  │ ging.mercap.com.ar/bonds/935718fe-3140-424e-817d-3ba64
  │ bbc60a6/payment-summary'
  │ 'Bond 8: shortName is valid: GYC3O'
  │ 'Bond 8: name is valid: 360 Energy 2032 u$s-linked 5% 
  │ (GYC3O)'
  │ 'Bond 8: debtType is valid: Obligación Negociable'
  │ 'Bond 8: links object is present.'
  │ 'Bond 8: coupons link is valid: https://api.staging.me
  │ rcap.com.ar/bonds/c205e424-1203-475f-b83b-127bfcd77dc6
  │ /coupons'
  │ 'Bond 8: identifiers link is valid: https://api.stagin
  │ g.mercap.com.ar/bonds/c205e424-1203-475f-b83b-127bfcd7
  │ 7dc6/identifiers'
  │ 'Bond 8: self link is valid: https://api.staging.merca
  │ p.com.ar/bonds/c205e424-1203-475f-b83b-127bfcd77dc6'
  │ 'Bond 8: issueConditions link is valid: https://api.st
  │ aging.mercap.com.ar/bonds/c205e424-1203-475f-b83b-127b
  │ fcd77dc6/issue-conditions'
  │ 'Bond 8: paymentSummary link is valid: https://api.sta
  │ ging.mercap.com.ar/bonds/c205e424-1203-475f-b83b-127bf
  │ cd77dc6/payment-summary'
  │ 'Bond 9: shortName is valid: DDS1P'
  │ 'Bond 9: name is valid: 3D Latinoamerica 2027 TAMAR + 
  │ 800bp (DDS1P)'
  │ 'Bond 9: debtType is valid: Obligación Negociable'
  │ 'Bond 9: links object is present.'
  │ 'Bond 9: coupons link is valid: https://api.staging.me
  │ rcap.com.ar/bonds/098d7637-6d3f-46b9-a08b-601da300a433
  │ /coupons'
  │ 'Bond 9: identifiers link is valid: https://api.stagin
  │ g.mercap.com.ar/bonds/098d7637-6d3f-46b9-a08b-601da300
  │ a433/identifiers'
  │ 'Bond 9: self link is valid: https://api.staging.merca
  │ p.com.ar/bonds/098d7637-6d3f-46b9-a08b-601da300a433'
  │ 'Bond 9: issueConditions link is valid: https://api.st
  │ aging.mercap.com.ar/bonds/098d7637-6d3f-46b9-a08b-601d
  │ a300a433/issue-conditions'
  │ 'Bond 9: paymentSummary link is valid: https://api.sta
  │ ging.mercap.com.ar/bonds/098d7637-6d3f-46b9-a08b-601da
  │ 300a433/payment-summary'
  └
  ✓  Each bond property has the correct format
  ┌
  │ "Link 'coupons' in bond 0 is valid:", 'https://api.sta
  │ ging.mercap.com.ar/bonds/9f8d6a98-199c-41e7-ad56-d70f0
  │ 8d78628/coupons'
  │ "Link 'identifiers' in bond 0 is valid:", 'https://api
  │ .staging.mercap.com.ar/bonds/9f8d6a98-199c-41e7-ad56-d
  │ 70f08d78628/identifiers'
  │ "Link 'self' in bond 0 is valid:", 'https://api.stagin
  │ g.mercap.com.ar/bonds/9f8d6a98-199c-41e7-ad56-d70f08d7
  │ 8628'
  │ "Link 'issueConditions' in bond 0 is valid:", 'https:/
  │ /api.staging.mercap.com.ar/bonds/9f8d6a98-199c-41e7-ad
  │ 56-d70f08d78628/issue-conditions'
  │ "Link 'paymentSummary' in bond 0 is valid:", 'https://
  │ api.staging.mercap.com.ar/bonds/9f8d6a98-199c-41e7-ad5
  │ 6-d70f08d78628/payment-summary'
  │ "Link 'coupons' in bond 1 is valid:", 'https://api.sta
  │ ging.mercap.com.ar/bonds/5b5084c6-16b3-49f8-9bed-ee122
  │ ebeef11/coupons'
  │ "Link 'identifiers' in bond 1 is valid:", 'https://api
  │ .staging.mercap.com.ar/bonds/5b5084c6-16b3-49f8-9bed-e
  │ e122ebeef11/identifiers'
  │ "Link 'self' in bond 1 is valid:", 'https://api.stagin
  │ g.mercap.com.ar/bonds/5b5084c6-16b3-49f8-9bed-ee122ebe
  │ ef11'
  │ "Link 'issueConditions' in bond 1 is valid:", 'https:/
  │ /api.staging.mercap.com.ar/bonds/5b5084c6-16b3-49f8-9b
  │ ed-ee122ebeef11/issue-conditions'
  │ "Link 'paymentSummary' in bond 1 is valid:", 'https://
  │ api.staging.mercap.com.ar/bonds/5b5084c6-16b3-49f8-9be
  │ d-ee122ebeef11/payment-summary'
  │ "Link 'coupons' in bond 2 is valid:", 'https://api.sta
  │ ging.mercap.com.ar/bonds/8d524bde-1e01-457b-9831-424cb
  │ 8eef20d/coupons'
  │ "Link 'identifiers' in bond 2 is valid:", 'https://api
  │ .staging.mercap.com.ar/bonds/8d524bde-1e01-457b-9831-4
  │ 24cb8eef20d/identifiers'
  │ "Link 'self' in bond 2 is valid:", 'https://api.stagin
  │ g.mercap.com.ar/bonds/8d524bde-1e01-457b-9831-424cb8ee
  │ f20d'
  │ "Link 'issueConditions' in bond 2 is valid:", 'https:/
  │ /api.staging.mercap.com.ar/bonds/8d524bde-1e01-457b-98
  │ 31-424cb8eef20d/issue-conditions'
  │ "Link 'paymentSummary' in bond 2 is valid:", 'https://
  │ api.staging.mercap.com.ar/bonds/8d524bde-1e01-457b-983
  │ 1-424cb8eef20d/payment-summary'
  │ "Link 'coupons' in bond 3 is valid:", 'https://api.sta
  │ ging.mercap.com.ar/bonds/8fa4a451-8a2f-40dc-8070-d358f
  │ 92166f1/coupons'
  │ "Link 'identifiers' in bond 3 is valid:", 'https://api
  │ .staging.mercap.com.ar/bonds/8fa4a451-8a2f-40dc-8070-d
  │ 358f92166f1/identifiers'
  │ "Link 'self' in bond 3 is valid:", 'https://api.stagin
  │ g.mercap.com.ar/bonds/8fa4a451-8a2f-40dc-8070-d358f921
  │ 66f1'
  │ "Link 'issueConditions' in bond 3 is valid:", 'https:/
  │ /api.staging.mercap.com.ar/bonds/8fa4a451-8a2f-40dc-80
  │ 70-d358f92166f1/issue-conditions'
  │ "Link 'paymentSummary' in bond 3 is valid:", 'https://
  │ api.staging.mercap.com.ar/bonds/8fa4a451-8a2f-40dc-807
  │ 0-d358f92166f1/payment-summary'
  │ "Link 'coupons' in bond 4 is valid:", 'https://api.sta
  │ ging.mercap.com.ar/bonds/aca1c2b2-0dda-4235-9f91-f61b2
  │ 710a955/coupons'
  │ "Link 'identifiers' in bond 4 is valid:", 'https://api
  │ .staging.mercap.com.ar/bonds/aca1c2b2-0dda-4235-9f91-f
  │ 61b2710a955/identifiers'
  │ "Link 'self' in bond 4 is valid:", 'https://api.stagin
  │ g.mercap.com.ar/bonds/aca1c2b2-0dda-4235-9f91-f61b2710
  │ a955'
  │ "Link 'issueConditions' in bond 4 is valid:", 'https:/
  │ /api.staging.mercap.com.ar/bonds/aca1c2b2-0dda-4235-9f
  │ 91-f61b2710a955/issue-conditions'
  │ "Link 'paymentSummary' in bond 4 is valid:", 'https://
  │ api.staging.mercap.com.ar/bonds/aca1c2b2-0dda-4235-9f9
  │ 1-f61b2710a955/payment-summary'
  │ "Link 'coupons' in bond 5 is valid:", 'https://api.sta
  │ ging.mercap.com.ar/bonds/467a0102-75f2-4b59-aa66-5d182
  │ e6c1d58/coupons'
  │ "Link 'identifiers' in bond 5 is valid:", 'https://api
  │ .staging.mercap.com.ar/bonds/467a0102-75f2-4b59-aa66-5
  │ d182e6c1d58/identifiers'
  │ "Link 'self' in bond 5 is valid:", 'https://api.stagin
  │ g.mercap.com.ar/bonds/467a0102-75f2-4b59-aa66-5d182e6c
  │ 1d58'
  │ "Link 'issueConditions' in bond 5 is valid:", 'https:/
  │ /api.staging.mercap.com.ar/bonds/467a0102-75f2-4b59-aa
  │ 66-5d182e6c1d58/issue-conditions'
  │ "Link 'paymentSummary' in bond 5 is valid:", 'https://
  │ api.staging.mercap.com.ar/bonds/467a0102-75f2-4b59-aa6
  │ 6-5d182e6c1d58/payment-summary'
  │ "Link 'coupons' in bond 6 is valid:", 'https://api.sta
  │ ging.mercap.com.ar/bonds/ca619c61-beaf-4160-9bcc-b9df0
  │ e0e7938/coupons'
  │ "Link 'identifiers' in bond 6 is valid:", 'https://api
  │ .staging.mercap.com.ar/bonds/ca619c61-beaf-4160-9bcc-b
  │ 9df0e0e7938/identifiers'
  │ "Link 'self' in bond 6 is valid:", 'https://api.stagin
  │ g.mercap.com.ar/bonds/ca619c61-beaf-4160-9bcc-b9df0e0e
  │ 7938'
  │ "Link 'issueConditions' in bond 6 is valid:", 'https:/
  │ /api.staging.mercap.com.ar/bonds/ca619c61-beaf-4160-9b
  │ cc-b9df0e0e7938/issue-conditions'
  │ "Link 'paymentSummary' in bond 6 is valid:", 'https://
  │ api.staging.mercap.com.ar/bonds/ca619c61-beaf-4160-9bc
  │ c-b9df0e0e7938/payment-summary'
  │ "Link 'coupons' in bond 7 is valid:", 'https://api.sta
  │ ging.mercap.com.ar/bonds/935718fe-3140-424e-817d-3ba64
  │ bbc60a6/coupons'
  │ "Link 'identifiers' in bond 7 is valid:", 'https://api
  │ .staging.mercap.com.ar/bonds/935718fe-3140-424e-817d-3
  │ ba64bbc60a6/identifiers'
  │ "Link 'self' in bond 7 is valid:", 'https://api.stagin
  │ g.mercap.com.ar/bonds/935718fe-3140-424e-817d-3ba64bbc
  │ 60a6'
  │ "Link 'issueConditions' in bond 7 is valid:", 'https:/
  │ /api.staging.mercap.com.ar/bonds/935718fe-3140-424e-81
  │ 7d-3ba64bbc60a6/issue-conditions'
  │ "Link 'paymentSummary' in bond 7 is valid:", 'https://
  │ api.staging.mercap.com.ar/bonds/935718fe-3140-424e-817
  │ d-3ba64bbc60a6/payment-summary'
  │ "Link 'coupons' in bond 8 is valid:", 'https://api.sta
  │ ging.mercap.com.ar/bonds/c205e424-1203-475f-b83b-127bf
  │ cd77dc6/coupons'
  │ "Link 'identifiers' in bond 8 is valid:", 'https://api
  │ .staging.mercap.com.ar/bonds/c205e424-1203-475f-b83b-1
  │ 27bfcd77dc6/identifiers'
  │ "Link 'self' in bond 8 is valid:", 'https://api.stagin
  │ g.mercap.com.ar/bonds/c205e424-1203-475f-b83b-127bfcd7
  │ 7dc6'
  │ "Link 'issueConditions' in bond 8 is valid:", 'https:/
  │ /api.staging.mercap.com.ar/bonds/c205e424-1203-475f-b8
  │ 3b-127bfcd77dc6/issue-conditions'
  │ "Link 'paymentSummary' in bond 8 is valid:", 'https://
  │ api.staging.mercap.com.ar/bonds/c205e424-1203-475f-b83
  │ b-127bfcd77dc6/payment-summary'
  │ "Link 'coupons' in bond 9 is valid:", 'https://api.sta
  │ ging.mercap.com.ar/bonds/098d7637-6d3f-46b9-a08b-601da
  │ 300a433/coupons'
  │ "Link 'identifiers' in bond 9 is valid:", 'https://api
  │ .staging.mercap.com.ar/bonds/098d7637-6d3f-46b9-a08b-6
  │ 01da300a433/identifiers'
  │ "Link 'self' in bond 9 is valid:", 'https://api.stagin
  │ g.mercap.com.ar/bonds/098d7637-6d3f-46b9-a08b-601da300
  │ a433'
  │ "Link 'issueConditions' in bond 9 is valid:", 'https:/
  │ /api.staging.mercap.com.ar/bonds/098d7637-6d3f-46b9-a0
  │ 8b-601da300a433/issue-conditions'
  │ "Link 'paymentSummary' in bond 9 is valid:", 'https://
  │ api.staging.mercap.com.ar/bonds/098d7637-6d3f-46b9-a08
  │ b-601da300a433/payment-summary'
  └
  ✓  Links are valid URLs
  ┌
  │ "Global link 'next' is valid: https://api.staging.merc
  │ ap.com.ar/bonds?limit=10&start=11"
  │ "Global link 'self' is valid: https://api.staging.merc
  │ ap.com.ar/bonds"
  │ "Global link 'last' is valid: https://api.staging.merc
  │ ap.com.ar/bonds?limit=10&start=1091"
  └
  ✓  Global links are valid URLs
  ┌
  │ "No 'query' parameter provided in request."
  └
  ✓  Results match the query parameter
  ┌
  │ "No 'shortName' parameter provided in request."
  └
  ✓  Results match the shortName parameter
  ┌
  │ 'Results respect the limit parameter (max 10 items).'
  └
  ✓  Results respect the limit parameter
  ┌
  │ 'Validated that the first bond in response starts at i
  │ ndex 1.'
  └
  ✓  Start parameter skips the correct number of bonds
  ┌
  │ 'Response code is not 406, no validation necessary.'
  └
  ✓  Error 406 response structure
  ┌
  │ 'Limit is not 0, skipping error validation.'
  └
  ✓  Limit parameter is 0, response should be 400

↳ All bonds - deault parameters - bond+json
  ┌
  │ '▶ [undefined] Ejecutando con ticker: AL30'
  └
  GET https://api.staging.mercap.com.ar/tradable-securities?query=AL30&tradeDate=2026-09-04 [200 OK, 2.63kB, 55ms]
  ┌
  │ '🔎 SHORT_NAME: AL30'
  └
  GET https://api.staging.mercap.com.ar/bonds [200 OK, 36.4kB, 656ms]
  ┌
  │ 'Response received successfully.'
  └
  ✓  Response is received
  ┌
  │ 'Status code is 200.'
  └
  ✓  Status code is 200
  ┌
  │ 'Content-Type header is correct.'
  └
  ✓  Media-Type is correct
  ┌
  │ "'items' array is present and not empty."
  └
  ✓  Response contains 'items' array with elements
  ┌
  │ 'Bond 0 validated successfully.'
  │ 'Bond 1 validated successfully.'
  │ 'Bond 2 validated successfully.'
  │ 'Bond 3 validated successfully.'
  │ 'Bond 4 validated successfully.'
  │ 'Bond 5 validated successfully.'
  │ 'Bond 6 validated successfully.'
  │ 'Bond 7 validated successfully.'
  │ 'Bond 8 validated successfully.'
  │ 'Bond 9 validated successfully.'
  └
  ✓  Each bond has required properties
  ┌
  │ 'Bond 0: shortName is valid: GYC5O'
  │ 'Bond 0: name is valid: \t360 ENERGY 2027 U$S 8.75% (G
  │ YC5O)'
  │ 'Bond 0: debtType is valid: https://api.staging.mercap
  │ .com.ar/debt-types/a6af5129-7f88-46ce-879b-bfb0a4ee8a7
  │ b'
  │ 'Bond 0: links object is present.'
  │ 'Bond 0: self link is valid: https://api.staging.merca
  │ p.com.ar/bonds/9f8d6a98-199c-41e7-ad56-d70f08d78628'
  │ 'Bond 1: shortName is valid: BVCPO'
  │ 'Bond 1: name is valid: \tBST 2026 U$S 8 % (BVCPO)'
  │ 'Bond 1: debtType is valid: https://api.staging.mercap
  │ .com.ar/debt-types/a6af5129-7f88-46ce-879b-bfb0a4ee8a7
  │ b'
  │ 'Bond 1: links object is present.'
  │ 'Bond 1: self link is valid: https://api.staging.merca
  │ p.com.ar/bonds/5b5084c6-16b3-49f8-9bed-ee122ebeef11'
  │ 'Bond 2: shortName is valid: TMC2O'
  │ 'Bond 2: name is valid: \tCrucianelli ON PyME Serie II
  │  2026 Badlar+600bp (TMC2O)'
  │ 'Bond 2: debtType is valid: https://api.staging.mercap
  │ .com.ar/debt-types/a6af5129-7f88-46ce-879b-bfb0a4ee8a7
  │ b'
  │ 'Bond 2: links object is present.'
  │ 'Bond 2: self link is valid: https://api.staging.merca
  │ p.com.ar/bonds/8d524bde-1e01-457b-9831-424cb8eef20d'
  │ 'Bond 3: shortName is valid: MM16A'
  │ 'Bond 3: name is valid: \tFF Moni Mobile XV VDF A (MM1
  │ 6A)'
  │ 'Bond 3: debtType is valid: https://api.staging.mercap
  │ .com.ar/debt-types/c2b8670a-dec7-4bfd-b5ba-5ce86c0d5ea
  │ b'
  │ 'Bond 3: links object is present.'
  │ 'Bond 3: self link is valid: https://api.staging.merca
  │ p.com.ar/bonds/8fa4a451-8a2f-40dc-8070-d358f92166f1'
  │ 'Bond 4: shortName is valid: MR40O'
  │ 'Bond 4: name is valid: \tGEMSA 2031 u$s 11% (MR40O)'
  │ 'Bond 4: debtType is valid: https://api.staging.mercap
  │ .com.ar/debt-types/a6af5129-7f88-46ce-879b-bfb0a4ee8a7
  │ b'
  │ 'Bond 4: links object is present.'
  │ 'Bond 4: self link is valid: https://api.staging.merca
  │ p.com.ar/bonds/aca1c2b2-0dda-4235-9f91-f61b2710a955'
  │ 'Bond 5: shortName is valid: RES2P'
  │ 'Bond 5: name is valid: \tRECARD S.A 2028 $ Badlar+800
  │ bp (RES2P)'
  │ 'Bond 5: debtType is valid: https://api.staging.mercap
  │ .com.ar/debt-types/a6af5129-7f88-46ce-879b-bfb0a4ee8a7
  │ b'
  │ 'Bond 5: links object is present.'
  │ 'Bond 5: self link is valid: https://api.staging.merca
  │ p.com.ar/bonds/467a0102-75f2-4b59-aa66-5d182e6c1d58'
  │ 'Bond 6: shortName is valid: TTCBO'
  │ 'Bond 6: name is valid: \tTecpetrol 2027 u$s 6.5% (TTC
  │ BO)'
  │ 'Bond 6: debtType is valid: https://api.staging.mercap
  │ .com.ar/debt-types/a6af5129-7f88-46ce-879b-bfb0a4ee8a7
  │ b'
  │ 'Bond 6: links object is present.'
  │ 'Bond 6: self link is valid: https://api.staging.merca
  │ p.com.ar/bonds/ca619c61-beaf-4160-9bcc-b9df0e0e7938'
  │ 'Bond 7: shortName is valid: GYC4O'
  │ 'Bond 7: name is valid: 360 ENERGY 2027 U$S 8% (GYC4O)
  │ '
  │ 'Bond 7: debtType is valid: https://api.staging.mercap
  │ .com.ar/debt-types/a6af5129-7f88-46ce-879b-bfb0a4ee8a7
  │ b'
  │ 'Bond 7: links object is present.'
  │ 'Bond 7: self link is valid: https://api.staging.merca
  │ p.com.ar/bonds/935718fe-3140-424e-817d-3ba64bbc60a6'
  │ 'Bond 8: shortName is valid: GYC3O'
  │ 'Bond 8: name is valid: 360 Energy 2032 u$s-linked 5% 
  │ (GYC3O)'
  │ 'Bond 8: debtType is valid: https://api.staging.mercap
  │ .com.ar/debt-types/a6af5129-7f88-46ce-879b-bfb0a4ee8a7
  │ b'
  │ 'Bond 8: links object is present.'
  │ 'Bond 8: self link is valid: https://api.staging.merca
  │ p.com.ar/bonds/c205e424-1203-475f-b83b-127bfcd77dc6'
  │ 'Bond 9: shortName is valid: DDS1P'
  │ 'Bond 9: name is valid: 3D Latinoamerica 2027 TAMAR + 
  │ 800bp (DDS1P)'
  │ 'Bond 9: debtType is valid: https://api.staging.mercap
  │ .com.ar/debt-types/a6af5129-7f88-46ce-879b-bfb0a4ee8a7
  │ b'
  │ 'Bond 9: links object is present.'
  │ 'Bond 9: self link is valid: https://api.staging.merca
  │ p.com.ar/bonds/098d7637-6d3f-46b9-a08b-601da300a433'
  └
  ✓  Each bond property has the correct format
  ┌
  │ "Link 'self' in bond 0 is valid:", 'https://api.stagin
  │ g.mercap.com.ar/bonds/9f8d6a98-199c-41e7-ad56-d70f08d7
  │ 8628'
  │ "Link 'self' in bond 1 is valid:", 'https://api.stagin
  │ g.mercap.com.ar/bonds/5b5084c6-16b3-49f8-9bed-ee122ebe
  │ ef11'
  │ "Link 'self' in bond 2 is valid:", 'https://api.stagin
  │ g.mercap.com.ar/bonds/8d524bde-1e01-457b-9831-424cb8ee
  │ f20d'
  │ "Link 'self' in bond 3 is valid:", 'https://api.stagin
  │ g.mercap.com.ar/bonds/8fa4a451-8a2f-40dc-8070-d358f921
  │ 66f1'
  │ "Link 'self' in bond 4 is valid:", 'https://api.stagin
  │ g.mercap.com.ar/bonds/aca1c2b2-0dda-4235-9f91-f61b2710
  │ a955'
  │ "Link 'self' in bond 5 is valid:", 'https://api.stagin
  │ g.mercap.com.ar/bonds/467a0102-75f2-4b59-aa66-5d182e6c
  │ 1d58'
  │ "Link 'self' in bond 6 is valid:", 'https://api.stagin
  │ g.mercap.com.ar/bonds/ca619c61-beaf-4160-9bcc-b9df0e0e
  │ 7938'
  │ "Link 'self' in bond 7 is valid:", 'https://api.stagin
  │ g.mercap.com.ar/bonds/935718fe-3140-424e-817d-3ba64bbc
  │ 60a6'
  │ "Link 'self' in bond 8 is valid:", 'https://api.stagin
  │ g.mercap.com.ar/bonds/c205e424-1203-475f-b83b-127bfcd7
  │ 7dc6'
  │ "Link 'self' in bond 9 is valid:", 'https://api.stagin
  │ g.mercap.com.ar/bonds/098d7637-6d3f-46b9-a08b-601da300
  │ a433'
  └
  ✓  Links are valid URLs
  ┌
  │ "Global link 'next' is valid: https://api.staging.merc
  │ ap.com.ar/bonds?limit=10&start=11"
  │ "Global link 'self' is valid: https://api.staging.merc
  │ ap.com.ar/bonds"
  │ "Global link 'last' is valid: https://api.staging.merc
  │ ap.com.ar/bonds?limit=10&start=1091"
  └
  ✓  Global links are valid URLs
  ┌
  │ "No 'query' parameter provided in request."
  └
  ✓  Results match the query parameter
  ┌
  │ "No 'shortName' parameter provided in request."
  └
  ✓  Results match the shortName parameter
  ┌
  │ 'Results respect the limit parameter (max 10 items).'
  └
  ✓  Results respect the limit parameter
  ┌
  │ 'Validated that the first bond in response starts at i
  │ ndex 1.'
  └
  ✓  Start parameter skips the correct number of bonds
  ┌
  │ 'Response code is not 406, no validation necessary.'
  └
  ✓  Error 406 response structure
  ┌
  │ 'Limit is not 0, skipping error validation.'
  └
  ✓  Limit parameter is 0, response should be 400
  ✓  cashflowUnits: estructura válida por variante

↳ All bonds - for issuer
  ┌
  │ '▶ [undefined] Ejecutando con ticker: AL30'
  └
  GET https://api.staging.mercap.com.ar/tradable-securities?query=AL30&tradeDate=2026-09-04 [200 OK, 2.63kB, 157ms]
  ┌
  │ '🔎 SHORT_NAME: AL30'
  └
  GET https://api.staging.mercap.com.ar/instrument-issuers [200 OK, 134.99kB, 511ms]
  ┌
  │ 'https://api.staging.mercap.com.ar/instrument-issuers/
  │ 89874250-34f0-4358-a261-c13ce5bac46a'
  └
  GET https://api.staging.mercap.com.ar/bonds?issuer=https://api.staging.mercap.com.ar/instrument-issuers/89874250-34f0-4358-a261-c13ce5bac46a [200 OK, 3.3kB, 766ms]
  ┌
  │ 'Status code is 200.'
  └
  ✓  Status code is 200
  ┌
  │ 'Content-Type header is correct.'
  └
  ✓  Media-Type is correct
  ┌
  │ "'items' array is present and not empty."
  └
  ✓  Response contains 'items' array with elements
  ┌
  │ 'Bond 0 validated successfully.'
  │ 'Bond 1 validated successfully.'
  │ 'Bond 2 validated successfully.'
  │ 'Bond 3 validated successfully.'
  └
  ✓  Each bond has required properties
  ┌
  │ 'Bond 0: shortName is valid: US10YT'
  │ 'Bond 0: name is valid: U.S. 10 years 3,875% (US10YT)'
  │ 'Bond 0: debtType is valid: Título Público'
  │ 'Bond 0: links object is present.'
  │ 'Bond 0: coupons link is valid: https://api.staging.me
  │ rcap.com.ar/bonds/65214f51-5808-414b-a656-5eb993b318cf
  │ /coupons'
  │ 'Bond 0: identifiers link is valid: https://api.stagin
  │ g.mercap.com.ar/bonds/65214f51-5808-414b-a656-5eb993b3
  │ 18cf/identifiers'
  │ 'Bond 0: self link is valid: https://api.staging.merca
  │ p.com.ar/bonds/65214f51-5808-414b-a656-5eb993b318cf'
  │ 'Bond 0: issueConditions link is valid: https://api.st
  │ aging.mercap.com.ar/bonds/65214f51-5808-414b-a656-5eb9
  │ 93b318cf/issue-conditions'
  │ 'Bond 0: paymentSummary link is valid: https://api.sta
  │ ging.mercap.com.ar/bonds/65214f51-5808-414b-a656-5eb99
  │ 3b318cf/payment-summary'
  │ 'Bond 1: shortName is valid: US20YT'
  │ 'Bond 1: name is valid: U.S. 20 years 4,375% (US20YT)'
  │ 'Bond 1: debtType is valid: Título Público'
  │ 'Bond 1: links object is present.'
  │ 'Bond 1: coupons link is valid: https://api.staging.me
  │ rcap.com.ar/bonds/4c375038-3be1-462c-b6b0-a435cc6949a6
  │ /coupons'
  │ 'Bond 1: identifiers link is valid: https://api.stagin
  │ g.mercap.com.ar/bonds/4c375038-3be1-462c-b6b0-a435cc69
  │ 49a6/identifiers'
  │ 'Bond 1: self link is valid: https://api.staging.merca
  │ p.com.ar/bonds/4c375038-3be1-462c-b6b0-a435cc6949a6'
  │ 'Bond 1: issueConditions link is valid: https://api.st
  │ aging.mercap.com.ar/bonds/4c375038-3be1-462c-b6b0-a435
  │ cc6949a6/issue-conditions'
  │ 'Bond 1: paymentSummary link is valid: https://api.sta
  │ ging.mercap.com.ar/bonds/4c375038-3be1-462c-b6b0-a435c
  │ c6949a6/payment-summary'
  │ 'Bond 2: shortName is valid: US30YT'
  │ 'Bond 2: name is valid: U.S. 30 years 4,125% (US30YT)'
  │ 'Bond 2: debtType is valid: Título Público'
  │ 'Bond 2: links object is present.'
  │ 'Bond 2: coupons link is valid: https://api.staging.me
  │ rcap.com.ar/bonds/9249de31-2b61-433d-b1fb-5237d5ada837
  │ /coupons'
  │ 'Bond 2: identifiers link is valid: https://api.stagin
  │ g.mercap.com.ar/bonds/9249de31-2b61-433d-b1fb-5237d5ad
  │ a837/identifiers'
  │ 'Bond 2: self link is valid: https://api.staging.merca
  │ p.com.ar/bonds/9249de31-2b61-433d-b1fb-5237d5ada837'
  │ 'Bond 2: issueConditions link is valid: https://api.st
  │ aging.mercap.com.ar/bonds/9249de31-2b61-433d-b1fb-5237
  │ d5ada837/issue-conditions'
  │ 'Bond 2: paymentSummary link is valid: https://api.sta
  │ ging.mercap.com.ar/bonds/9249de31-2b61-433d-b1fb-5237d
  │ 5ada837/payment-summary'
  │ 'Bond 3: shortName is valid: US5YT'
  │ 'Bond 3: name is valid: U.S. 5 years 4,375% (US5YT)'
  │ 'Bond 3: debtType is valid: Título Público'
  │ 'Bond 3: links object is present.'
  │ 'Bond 3: coupons link is valid: https://api.staging.me
  │ rcap.com.ar/bonds/2169000a-980d-4935-a5ae-babf3d5a0420
  │ /coupons'
  │ 'Bond 3: identifiers link is valid: https://api.stagin
  │ g.mercap.com.ar/bonds/2169000a-980d-4935-a5ae-babf3d5a
  │ 0420/identifiers'
  │ 'Bond 3: self link is valid: https://api.staging.merca
  │ p.com.ar/bonds/2169000a-980d-4935-a5ae-babf3d5a0420'
  │ 'Bond 3: issueConditions link is valid: https://api.st
  │ aging.mercap.com.ar/bonds/2169000a-980d-4935-a5ae-babf
  │ 3d5a0420/issue-conditions'
  │ 'Bond 3: paymentSummary link is valid: https://api.sta
  │ ging.mercap.com.ar/bonds/2169000a-980d-4935-a5ae-babf3
  │ d5a0420/payment-summary'
  └
  ✓  Each bond property has the correct format
  ┌
  │ "Link 'coupons' in bond 0 is valid:", 'https://api.sta
  │ ging.mercap.com.ar/bonds/65214f51-5808-414b-a656-5eb99
  │ 3b318cf/coupons'
  │ "Link 'identifiers' in bond 0 is valid:", 'https://api
  │ .staging.mercap.com.ar/bonds/65214f51-5808-414b-a656-5
  │ eb993b318cf/identifiers'
  │ "Link 'self' in bond 0 is valid:", 'https://api.stagin
  │ g.mercap.com.ar/bonds/65214f51-5808-414b-a656-5eb993b3
  │ 18cf'
  │ "Link 'issueConditions' in bond 0 is valid:", 'https:/
  │ /api.staging.mercap.com.ar/bonds/65214f51-5808-414b-a6
  │ 56-5eb993b318cf/issue-conditions'
  │ "Link 'paymentSummary' in bond 0 is valid:", 'https://
  │ api.staging.mercap.com.ar/bonds/65214f51-5808-414b-a65
  │ 6-5eb993b318cf/payment-summary'
  │ "Link 'coupons' in bond 1 is valid:", 'https://api.sta
  │ ging.mercap.com.ar/bonds/4c375038-3be1-462c-b6b0-a435c
  │ c6949a6/coupons'
  │ "Link 'identifiers' in bond 1 is valid:", 'https://api
  │ .staging.mercap.com.ar/bonds/4c375038-3be1-462c-b6b0-a
  │ 435cc6949a6/identifiers'
  │ "Link 'self' in bond 1 is valid:", 'https://api.stagin
  │ g.mercap.com.ar/bonds/4c375038-3be1-462c-b6b0-a435cc69
  │ 49a6'
  │ "Link 'issueConditions' in bond 1 is valid:", 'https:/
  │ /api.staging.mercap.com.ar/bonds/4c375038-3be1-462c-b6
  │ b0-a435cc6949a6/issue-conditions'
  │ "Link 'paymentSummary' in bond 1 is valid:", 'https://
  │ api.staging.mercap.com.ar/bonds/4c375038-3be1-462c-b6b
  │ 0-a435cc6949a6/payment-summary'
  │ "Link 'coupons' in bond 2 is valid:", 'https://api.sta
  │ ging.mercap.com.ar/bonds/9249de31-2b61-433d-b1fb-5237d
  │ 5ada837/coupons'
  │ "Link 'identifiers' in bond 2 is valid:", 'https://api
  │ .staging.mercap.com.ar/bonds/9249de31-2b61-433d-b1fb-5
  │ 237d5ada837/identifiers'
  │ "Link 'self' in bond 2 is valid:", 'https://api.stagin
  │ g.mercap.com.ar/bonds/9249de31-2b61-433d-b1fb-5237d5ad
  │ a837'
  │ "Link 'issueConditions' in bond 2 is valid:", 'https:/
  │ /api.staging.mercap.com.ar/bonds/9249de31-2b61-433d-b1
  │ fb-5237d5ada837/issue-conditions'
  │ "Link 'paymentSummary' in bond 2 is valid:", 'https://
  │ api.staging.mercap.com.ar/bonds/9249de31-2b61-433d-b1f
  │ b-5237d5ada837/payment-summary'
  │ "Link 'coupons' in bond 3 is valid:", 'https://api.sta
  │ ging.mercap.com.ar/bonds/2169000a-980d-4935-a5ae-babf3
  │ d5a0420/coupons'
  │ "Link 'identifiers' in bond 3 is valid:", 'https://api
  │ .staging.mercap.com.ar/bonds/2169000a-980d-4935-a5ae-b
  │ abf3d5a0420/identifiers'
  │ "Link 'self' in bond 3 is valid:", 'https://api.stagin
  │ g.mercap.com.ar/bonds/2169000a-980d-4935-a5ae-babf3d5a
  │ 0420'
  │ "Link 'issueConditions' in bond 3 is valid:", 'https:/
  │ /api.staging.mercap.com.ar/bonds/2169000a-980d-4935-a5
  │ ae-babf3d5a0420/issue-conditions'
  │ "Link 'paymentSummary' in bond 3 is valid:", 'https://
  │ api.staging.mercap.com.ar/bonds/2169000a-980d-4935-a5a
  │ e-babf3d5a0420/payment-summary'
  └
  ✓  Links are valid URLs
  GET https://api.staging.mercap.com.ar/instrument-issuers/89874250-34f0-4358-a261-c13ce5bac46a [200 OK, 869B, 127ms]
  GET https://api.staging.mercap.com.ar/bonds/65214f51-5808-414b-a656-5eb993b318cf/issue-conditions   GET https://api.staging.mercap.com.ar/bonds/4c375038-3be1-462c-b6b0-a435cc6949a6/issue-conditions   GET https://api.staging.mercap.com.ar/bonds/9249de31-2b61-433d-b1fb-5237d5ada837/issue-conditions   GET https://api.staging.mercap.com.ar/bonds/2169000a-980d-4935-a5ae-babf3d5a0420/issue-conditions [200 OK, 1.33kB, 113ms]
[200 OK, 1.33kB, 198ms]
[200 OK, 1.34kB, 214ms]
[200 OK, 1.34kB, 408ms]
  ✓  validar que solo devuelva items asociados al issuer enviado por parametro

↳ All bonds - for issuer - bond+json
  ┌
  │ '▶ [undefined] Ejecutando con ticker: AL30'
  └
  GET https://api.staging.mercap.com.ar/tradable-securities?query=AL30&tradeDate=2026-09-04 [200 OK, 2.64kB, 41ms]
  ┌
  │ '🔎 SHORT_NAME: AL30'
  └
  GET https://api.staging.mercap.com.ar/instrument-issuers [200 OK, 134.98kB, 397ms]
  ┌
  │ 'https://api.staging.mercap.com.ar/instrument-issuers/
  │ 89874250-34f0-4358-a261-c13ce5bac46a'
  └
  GET https://api.staging.mercap.com.ar/bonds?issuer=https://api.staging.mercap.com.ar/instrument-issuers/89874250-34f0-4358-a261-c13ce5bac46a [200 OK, 32.64kB, 1846ms]
  ✓  Status code is 200
  ✓  Media-Type is correct
  ✓  Response contains 'items' array with elements
  ✓  Each bond has required properties
  ✓  Each bond property has the correct format
  ✓  Links are valid URLs
  ✓  validar que solo devuelva items asociados al issuer enviado por parametro
  ✓  cashflowUnits: estructura válida por variante

↳ All bonds - start & limit parameters
  ┌
  │ '▶ [undefined] Ejecutando con ticker: AL30'
  └
  GET https://api.staging.mercap.com.ar/tradable-securities?query=AL30&tradeDate=2026-09-04 [200 OK, 2.64kB, 48ms]
  ┌
  │ '🔎 SHORT_NAME: AL30'
  └
  GET https://api.staging.mercap.com.ar/bonds?limit=5&start=2 [200 OK, 4.31kB, 115ms]
  ┌
  │ 'Response received successfully.'
  └
  ✓  Response is received
  ┌
  │ 'Status code is 200.'
  └
  ✓  Status code is 200
  ┌
  │ 'Content-Type header is correct.'
  └
  ✓  Media-Type is correct
  ┌
  │ "'items' array is present and not empty."
  └
  ✓  Response contains 'items' array with elements
  ┌
  │ 'Bond 0 validated successfully.'
  │ 'Bond 1 validated successfully.'
  │ 'Bond 2 validated successfully.'
  │ 'Bond 3 validated successfully.'
  │ 'Bond 4 validated successfully.'
  └
  ✓  Each bond has required properties
  ┌
  │ 'Bond 0: shortName is valid: BVCPO'
  │ 'Bond 0: name is valid: \tBST 2026 U$S 8 % (BVCPO)'
  │ 'Bond 0: debtType is valid: Obligación Negociable'
  │ 'Bond 0: links object is present.'
  │ 'Bond 0: coupons link is valid: https://api.staging.me
  │ rcap.com.ar/bonds/5b5084c6-16b3-49f8-9bed-ee122ebeef11
  │ /coupons'
  │ 'Bond 0: identifiers link is valid: https://api.stagin
  │ g.mercap.com.ar/bonds/5b5084c6-16b3-49f8-9bed-ee122ebe
  │ ef11/identifiers'
  │ 'Bond 0: self link is valid: https://api.staging.merca
  │ p.com.ar/bonds/5b5084c6-16b3-49f8-9bed-ee122ebeef11'
  │ 'Bond 0: issueConditions link is valid: https://api.st
  │ aging.mercap.com.ar/bonds/5b5084c6-16b3-49f8-9bed-ee12
  │ 2ebeef11/issue-conditions'
  │ 'Bond 0: paymentSummary link is valid: https://api.sta
  │ ging.mercap.com.ar/bonds/5b5084c6-16b3-49f8-9bed-ee122
  │ ebeef11/payment-summary'
  │ 'Bond 1: shortName is valid: TMC2O'
  │ 'Bond 1: name is valid: \tCrucianelli ON PyME Serie II
  │  2026 Badlar+600bp (TMC2O)'
  │ 'Bond 1: debtType is valid: Obligación Negociable'
  │ 'Bond 1: links object is present.'
  │ 'Bond 1: coupons link is valid: https://api.staging.me
  │ rcap.com.ar/bonds/8d524bde-1e01-457b-9831-424cb8eef20d
  │ /coupons'
  │ 'Bond 1: identifiers link is valid: https://api.stagin
  │ g.mercap.com.ar/bonds/8d524bde-1e01-457b-9831-424cb8ee
  │ f20d/identifiers'
  │ 'Bond 1: self link is valid: https://api.staging.merca
  │ p.com.ar/bonds/8d524bde-1e01-457b-9831-424cb8eef20d'
  │ 'Bond 1: issueConditions link is valid: https://api.st
  │ aging.mercap.com.ar/bonds/8d524bde-1e01-457b-9831-424c
  │ b8eef20d/issue-conditions'
  │ 'Bond 1: paymentSummary link is valid: https://api.sta
  │ ging.mercap.com.ar/bonds/8d524bde-1e01-457b-9831-424cb
  │ 8eef20d/payment-summary'
  │ 'Bond 2: shortName is valid: MM16A'
  │ 'Bond 2: name is valid: \tFF Moni Mobile XV VDF A (MM1
  │ 6A)'
  │ 'Bond 2: debtType is valid: Fideicomiso'
  │ 'Bond 2: links object is present.'
  │ 'Bond 2: coupons link is valid: https://api.staging.me
  │ rcap.com.ar/bonds/8fa4a451-8a2f-40dc-8070-d358f92166f1
  │ /coupons'
  │ 'Bond 2: identifiers link is valid: https://api.stagin
  │ g.mercap.com.ar/bonds/8fa4a451-8a2f-40dc-8070-d358f921
  │ 66f1/identifiers'
  │ 'Bond 2: self link is valid: https://api.staging.merca
  │ p.com.ar/bonds/8fa4a451-8a2f-40dc-8070-d358f92166f1'
  │ 'Bond 2: issueConditions link is valid: https://api.st
  │ aging.mercap.com.ar/bonds/8fa4a451-8a2f-40dc-8070-d358
  │ f92166f1/issue-conditions'
  │ 'Bond 2: paymentSummary link is valid: https://api.sta
  │ ging.mercap.com.ar/bonds/8fa4a451-8a2f-40dc-8070-d358f
  │ 92166f1/payment-summary'
  │ 'Bond 3: shortName is valid: MR40O'
  │ 'Bond 3: name is valid: \tGEMSA 2031 u$s 11% (MR40O)'
  │ 'Bond 3: debtType is valid: Obligación Negociable'
  │ 'Bond 3: links object is present.'
  │ 'Bond 3: coupons link is valid: https://api.staging.me
  │ rcap.com.ar/bonds/aca1c2b2-0dda-4235-9f91-f61b2710a955
  │ /coupons'
  │ 'Bond 3: identifiers link is valid: https://api.stagin
  │ g.mercap.com.ar/bonds/aca1c2b2-0dda-4235-9f91-f61b2710
  │ a955/identifiers'
  │ 'Bond 3: self link is valid: https://api.staging.merca
  │ p.com.ar/bonds/aca1c2b2-0dda-4235-9f91-f61b2710a955'
  │ 'Bond 3: issueConditions link is valid: https://api.st
  │ aging.mercap.com.ar/bonds/aca1c2b2-0dda-4235-9f91-f61b
  │ 2710a955/issue-conditions'
  │ 'Bond 3: paymentSummary link is valid: https://api.sta
  │ ging.mercap.com.ar/bonds/aca1c2b2-0dda-4235-9f91-f61b2
  │ 710a955/payment-summary'
  │ 'Bond 4: shortName is valid: RES2P'
  │ 'Bond 4: name is valid: \tRECARD S.A 2028 $ Badlar+800
  │ bp (RES2P)'
  │ 'Bond 4: debtType is valid: Obligación Negociable'
  │ 'Bond 4: links object is present.'
  │ 'Bond 4: coupons link is valid: https://api.staging.me
  │ rcap.com.ar/bonds/467a0102-75f2-4b59-aa66-5d182e6c1d58
  │ /coupons'
  │ 'Bond 4: identifiers link is valid: https://api.stagin
  │ g.mercap.com.ar/bonds/467a0102-75f2-4b59-aa66-5d182e6c
  │ 1d58/identifiers'
  │ 'Bond 4: self link is valid: https://api.staging.merca
  │ p.com.ar/bonds/467a0102-75f2-4b59-aa66-5d182e6c1d58'
  │ 'Bond 4: issueConditions link is valid: https://api.st
  │ aging.mercap.com.ar/bonds/467a0102-75f2-4b59-aa66-5d18
  │ 2e6c1d58/issue-conditions'
  │ 'Bond 4: paymentSummary link is valid: https://api.sta
  │ ging.mercap.com.ar/bonds/467a0102-75f2-4b59-aa66-5d182
  │ e6c1d58/payment-summary'
  └
  ✓  Each bond property has the correct format
  ┌
  │ "Link 'coupons' in bond 0 is valid:", 'https://api.sta
  │ ging.mercap.com.ar/bonds/5b5084c6-16b3-49f8-9bed-ee122
  │ ebeef11/coupons'
  │ "Link 'identifiers' in bond 0 is valid:", 'https://api
  │ .staging.mercap.com.ar/bonds/5b5084c6-16b3-49f8-9bed-e
  │ e122ebeef11/identifiers'
  │ "Link 'self' in bond 0 is valid:", 'https://api.stagin
  │ g.mercap.com.ar/bonds/5b5084c6-16b3-49f8-9bed-ee122ebe
  │ ef11'
  │ "Link 'issueConditions' in bond 0 is valid:", 'https:/
  │ /api.staging.mercap.com.ar/bonds/5b5084c6-16b3-49f8-9b
  │ ed-ee122ebeef11/issue-conditions'
  │ "Link 'paymentSummary' in bond 0 is valid:", 'https://
  │ api.staging.mercap.com.ar/bonds/5b5084c6-16b3-49f8-9be
  │ d-ee122ebeef11/payment-summary'
  │ "Link 'coupons' in bond 1 is valid:", 'https://api.sta
  │ ging.mercap.com.ar/bonds/8d524bde-1e01-457b-9831-424cb
  │ 8eef20d/coupons'
  │ "Link 'identifiers' in bond 1 is valid:", 'https://api
  │ .staging.mercap.com.ar/bonds/8d524bde-1e01-457b-9831-4
  │ 24cb8eef20d/identifiers'
  │ "Link 'self' in bond 1 is valid:", 'https://api.stagin
  │ g.mercap.com.ar/bonds/8d524bde-1e01-457b-9831-424cb8ee
  │ f20d'
  │ "Link 'issueConditions' in bond 1 is valid:", 'https:/
  │ /api.staging.mercap.com.ar/bonds/8d524bde-1e01-457b-98
  │ 31-424cb8eef20d/issue-conditions'
  │ "Link 'paymentSummary' in bond 1 is valid:", 'https://
  │ api.staging.mercap.com.ar/bonds/8d524bde-1e01-457b-983
  │ 1-424cb8eef20d/payment-summary'
  │ "Link 'coupons' in bond 2 is valid:", 'https://api.sta
  │ ging.mercap.com.ar/bonds/8fa4a451-8a2f-40dc-8070-d358f
  │ 92166f1/coupons'
  │ "Link 'identifiers' in bond 2 is valid:", 'https://api
  │ .staging.mercap.com.ar/bonds/8fa4a451-8a2f-40dc-8070-d
  │ 358f92166f1/identifiers'
  │ "Link 'self' in bond 2 is valid:", 'https://api.stagin
  │ g.mercap.com.ar/bonds/8fa4a451-8a2f-40dc-8070-d358f921
  │ 66f1'
  │ "Link 'issueConditions' in bond 2 is valid:", 'https:/
  │ /api.staging.mercap.com.ar/bonds/8fa4a451-8a2f-40dc-80
  │ 70-d358f92166f1/issue-conditions'
  │ "Link 'paymentSummary' in bond 2 is valid:", 'https://
  │ api.staging.mercap.com.ar/bonds/8fa4a451-8a2f-40dc-807
  │ 0-d358f92166f1/payment-summary'
  │ "Link 'coupons' in bond 3 is valid:", 'https://api.sta
  │ ging.mercap.com.ar/bonds/aca1c2b2-0dda-4235-9f91-f61b2
  │ 710a955/coupons'
  │ "Link 'identifiers' in bond 3 is valid:", 'https://api
  │ .staging.mercap.com.ar/bonds/aca1c2b2-0dda-4235-9f91-f
  │ 61b2710a955/identifiers'
  │ "Link 'self' in bond 3 is valid:", 'https://api.stagin
  │ g.mercap.com.ar/bonds/aca1c2b2-0dda-4235-9f91-f61b2710
  │ a955'
  │ "Link 'issueConditions' in bond 3 is valid:", 'https:/
  │ /api.staging.mercap.com.ar/bonds/aca1c2b2-0dda-4235-9f
  │ 91-f61b2710a955/issue-conditions'
  │ "Link 'paymentSummary' in bond 3 is valid:", 'https://
  │ api.staging.mercap.com.ar/bonds/aca1c2b2-0dda-4235-9f9
  │ 1-f61b2710a955/payment-summary'
  │ "Link 'coupons' in bond 4 is valid:", 'https://api.sta
  │ ging.mercap.com.ar/bonds/467a0102-75f2-4b59-aa66-5d182
  │ e6c1d58/coupons'
  │ "Link 'identifiers' in bond 4 is valid:", 'https://api
  │ .staging.mercap.com.ar/bonds/467a0102-75f2-4b59-aa66-5
  │ d182e6c1d58/identifiers'
  │ "Link 'self' in bond 4 is valid:", 'https://api.stagin
  │ g.mercap.com.ar/bonds/467a0102-75f2-4b59-aa66-5d182e6c
  │ 1d58'
  │ "Link 'issueConditions' in bond 4 is valid:", 'https:/
  │ /api.staging.mercap.com.ar/bonds/467a0102-75f2-4b59-aa
  │ 66-5d182e6c1d58/issue-conditions'
  │ "Link 'paymentSummary' in bond 4 is valid:", 'https://
  │ api.staging.mercap.com.ar/bonds/467a0102-75f2-4b59-aa6
  │ 6-5d182e6c1d58/payment-summary'
  └
  ✓  Links are valid URLs
  ┌
  │ "Global link 'first' is valid: https://api.staging.mer
  │ cap.com.ar/bonds?limit=5&start=1"
  │ "Global link 'next' is valid: https://api.staging.merc
  │ ap.com.ar/bonds?limit=5&start=7"
  │ "Global link 'self' is valid: https://api.staging.merc
  │ ap.com.ar/bonds?limit=5&start=2"
  │ "Global link 'last' is valid: https://api.staging.merc
  │ ap.com.ar/bonds?limit=5&start=1091"
  └
  ✓  Global links are valid URLs
  ┌
  │ "No 'query' parameter provided in request."
  └
  ✓  Results match the query parameter
  ┌
  │ "No 'shortName' parameter provided in request."
  └
  ✓  Results match the shortName parameter
  ┌
  │ 'Results respect the limit parameter (max 5 items).'
  └
  ✓  Results respect the limit parameter
  ┌
  │ 'Validated that the first bond in response starts at i
  │ ndex 2.'
  └
  ✓  Start parameter skips the correct number of bonds
  ┌
  │ 'Response code is not 406, no validation necessary.'
  └
  ✓  Error 406 response structure
  ┌
  │ 'Limit is not 0, skipping error validation.'
  └
  ✓  Limit parameter is 0, response should be 400

↳ All bonds - start & limit parameters - bond+json
  ┌
  │ '▶ [undefined] Ejecutando con ticker: AL30'
  └
  GET https://api.staging.mercap.com.ar/tradable-securities?query=AL30&tradeDate=2026-09-04 [200 OK, 2.64kB, 44ms]
  ┌
  │ '🔎 SHORT_NAME: AL30'
  └
  GET https://api.staging.mercap.com.ar/bonds?limit=5&start=2 [200 OK, 19.66kB, 636ms]
  ┌
  │ 'Response received successfully.'
  └
  ✓  Response is received
  ┌
  │ 'Status code is 200.'
  └
  ✓  Status code is 200
  ┌
  │ 'Content-Type header is correct.'
  └
  ✓  Media-Type is correct
  ┌
  │ "'items' array is present and not empty."
  └
  ✓  Response contains 'items' array with elements
  ┌
  │ 'Bond 0 validated successfully.'
  │ 'Bond 1 validated successfully.'
  │ 'Bond 2 validated successfully.'
  │ 'Bond 3 validated successfully.'
  │ 'Bond 4 validated successfully.'
  └
  ✓  Each bond has required properties
  ┌
  │ 'Bond 0: shortName is valid: BVCPO'
  │ 'Bond 0: name is valid: \tBST 2026 U$S 8 % (BVCPO)'
  │ 'Bond 0: coupons array is present with 4 items.'
  │ 'Bond 0: maturityDate is valid: 2026-10-21'
  │ 'Bond 0: issue object is present.'
  │ 'Bond 0: debtType is valid: https://api.staging.mercap
  │ .com.ar/debt-types/a6af5129-7f88-46ce-879b-bfb0a4ee8a7
  │ b'
  │ 'Bond 0: links object is present.'
  │ 'Bond 0: self link is valid: https://api.staging.merca
  │ p.com.ar/bonds/5b5084c6-16b3-49f8-9bed-ee122ebeef11'
  │ 'Bond 1: shortName is valid: TMC2O'
  │ 'Bond 1: name is valid: \tCrucianelli ON PyME Serie II
  │  2026 Badlar+600bp (TMC2O)'
  │ 'Bond 1: coupons array is present with 8 items.'
  │ 'Bond 1: maturityDate is valid: 2026-09-10'
  │ 'Bond 1: issue object is present.'
  │ 'Bond 1: debtType is valid: https://api.staging.mercap
  │ .com.ar/debt-types/a6af5129-7f88-46ce-879b-bfb0a4ee8a7
  │ b'
  │ 'Bond 1: links object is present.'
  │ 'Bond 1: self link is valid: https://api.staging.merca
  │ p.com.ar/bonds/8d524bde-1e01-457b-9831-424cb8eef20d'
  │ 'Bond 2: shortName is valid: MM16A'
  │ 'Bond 2: name is valid: \tFF Moni Mobile XV VDF A (MM1
  │ 6A)'
  │ 'Bond 2: coupons array is present with 10 items.'
  │ 'Bond 2: maturityDate is valid: 2026-09-15'
  │ 'Bond 2: issue object is present.'
  │ 'Bond 2: debtType is valid: https://api.staging.mercap
  │ .com.ar/debt-types/c2b8670a-dec7-4bfd-b5ba-5ce86c0d5ea
  │ b'
  │ 'Bond 2: links object is present.'
  │ 'Bond 2: self link is valid: https://api.staging.merca
  │ p.com.ar/bonds/8fa4a451-8a2f-40dc-8070-d358f92166f1'
  │ 'Bond 3: shortName is valid: MR40O'
  │ 'Bond 3: name is valid: \tGEMSA 2031 u$s 11% (MR40O)'
  │ 'Bond 3: coupons array is present with 14 items.'
  │ 'Bond 3: maturityDate is valid: 2031-10-31'
  │ 'Bond 3: issue object is present.'
  │ 'Bond 3: debtType is valid: https://api.staging.mercap
  │ .com.ar/debt-types/a6af5129-7f88-46ce-879b-bfb0a4ee8a7
  │ b'
  │ 'Bond 3: links object is present.'
  │ 'Bond 3: self link is valid: https://api.staging.merca
  │ p.com.ar/bonds/aca1c2b2-0dda-4235-9f91-f61b2710a955'
  │ 'Bond 4: shortName is valid: RES2P'
  │ 'Bond 4: name is valid: \tRECARD S.A 2028 $ Badlar+800
  │ bp (RES2P)'
  │ 'Bond 4: coupons array is present with 8 items.'
  │ 'Bond 4: maturityDate is valid: 2026-09-30'
  │ 'Bond 4: issue object is present.'
  │ 'Bond 4: debtType is valid: https://api.staging.mercap
  │ .com.ar/debt-types/a6af5129-7f88-46ce-879b-bfb0a4ee8a7
  │ b'
  │ 'Bond 4: links object is present.'
  │ 'Bond 4: self link is valid: https://api.staging.merca
  │ p.com.ar/bonds/467a0102-75f2-4b59-aa66-5d182e6c1d58'
  └
  ✓  Each bond property has the correct format
  ┌
  │ "Link 'self' in bond 0 is valid:", 'https://api.stagin
  │ g.mercap.com.ar/bonds/5b5084c6-16b3-49f8-9bed-ee122ebe
  │ ef11'
  │ "Link 'self' in bond 1 is valid:", 'https://api.stagin
  │ g.mercap.com.ar/bonds/8d524bde-1e01-457b-9831-424cb8ee
  │ f20d'
  │ "Link 'self' in bond 2 is valid:", 'https://api.stagin
  │ g.mercap.com.ar/bonds/8fa4a451-8a2f-40dc-8070-d358f921
  │ 66f1'
  │ "Link 'self' in bond 3 is valid:", 'https://api.stagin
  │ g.mercap.com.ar/bonds/aca1c2b2-0dda-4235-9f91-f61b2710
  │ a955'
  │ "Link 'self' in bond 4 is valid:", 'https://api.stagin
  │ g.mercap.com.ar/bonds/467a0102-75f2-4b59-aa66-5d182e6c
  │ 1d58'
  └
  ✓  Links are valid URLs
  ┌
  │ "Global link 'first' is valid: https://api.staging.mer
  │ cap.com.ar/bonds?limit=5&start=1"
  │ "Global link 'next' is valid: https://api.staging.merc
  │ ap.com.ar/bonds?limit=5&start=7"
  │ "Global link 'self' is valid: https://api.staging.merc
  │ ap.com.ar/bonds?limit=5&start=2"
  │ "Global link 'last' is valid: https://api.staging.merc
  │ ap.com.ar/bonds?limit=5&start=1091"
  └
  ✓  Global links are valid URLs
  ┌
  │ "No 'query' parameter provided in request."
  └
  ✓  Results match the query parameter
  ┌
  │ "No 'shortName' parameter provided in request."
  └
  ✓  Results match the shortName parameter
  ┌
  │ 'Results respect the limit parameter (max 5 items).'
  └
  ✓  Results respect the limit parameter
  ┌
  │ 'Validated that the response self link starts at index
  │  2.'
  └
  ✓  Start parameter skips the correct number of bonds
  ┌
  │ 'Response code is not 406, no validation necessary.'
  └
  ✓  Error 406 response structure
  ┌
  │ 'Limit is not 0, skipping error validation.'
  └
  ✓  Limit parameter is 0, response should be 400
  ✓  cashflowUnits: estructura válida por variante

↳ Only shortName parameter
  ┌
  │ '▶ [undefined] Ejecutando con ticker: AL30'
  └
  GET https://api.staging.mercap.com.ar/tradable-securities?query=AL30&tradeDate=2026-09-04 [200 OK, 2.63kB, 43ms]
  ┌
  │ '🔎 SHORT_NAME: AL30'
  └
  GET https://api.staging.mercap.com.ar/bonds?shortName=AL30 [200 OK, 1.4kB, 611ms]
  ┌
  │ 'Response received successfully.'
  └
  ✓  Response is received
  ┌
  │ 'Status code is 200.'
  └
  ✓  Status code is 200
  ┌
  │ 'Content-Type header is correct.'
  └
  ✓  Media-Type is correct
  ┌
  │ "'items' array is present and not empty."
  └
  ✓  Response contains 'items' array with elements
  ┌
  │ 'Bond 0 validated successfully.'
  └
  ✓  Each bond has required properties
  ✓  Each bond property has the correct format
  ✓  Links are valid URLs
  ✓  Global links are valid URLs
  ✓  Results match the query parameter
  ✓  Results respect the limit parameter
  ✓  Start parameter skips the correct number of bonds
  ✓  Error 406 response structure
  ✓  Limit parameter is 0, response should be 400
  ┌
  │ '✔ Variables seteadas:'
  │ 'COUPONS:', 'https://api.staging.mercap.com.ar/bonds/e
  │ cfe885d-8163-4222-acb1-f7020cf05a4a/coupons'
  │ 'IDENTIFIERS:', 'https://api.staging.mercap.com.ar/bon
  │ ds/ecfe885d-8163-4222-acb1-f7020cf05a4a/identifiers'
  │ 'SELF:', 'https://api.staging.mercap.com.ar/bonds/ecfe
  │ 885d-8163-4222-acb1-f7020cf05a4a'
  │ 'ISSUE_CONDITIONS:', 'https://api.staging.mercap.com.a
  │ r/bonds/ecfe885d-8163-4222-acb1-f7020cf05a4a/issue-con
  │ ditions'
  │ 'PAYMENT_SUMMARY:', 'https://api.staging.mercap.com.ar
  │ /bonds/ecfe885d-8163-4222-acb1-f7020cf05a4a/payment-su
  │ mmary'
  └

↳ Only shortName parameter - bond+json
  ┌
  │ '▶ [undefined] Ejecutando con ticker: AL30'
  └
  GET https://api.staging.mercap.com.ar/tradable-securities?query=AL30&tradeDate=2026-09-04 [200 OK, 2.63kB, 55ms]
  ┌
  │ '🔎 SHORT_NAME: AL30'
  └
  GET https://api.staging.mercap.com.ar/bonds?shortName=AL30 [200 OK, 5.85kB, 332ms]
  ┌
  │ 'Response received successfully.'
  └
  ✓  Response is received
  ┌
  │ 'Status code is 200.'
  └
  ✓  Status code is 200
  ┌
  │ 'Content-Type header is correct.'
  └
  ✓  Media-Type is correct
  ┌
  │ "'items' array is present and not empty."
  └
  ✓  Response contains 'items' array with elements
  ┌
  │ 'Bond 0 validated successfully.'
  └
  ✓  Each bond has required properties
  ┌
  │ 'Bond 0 format validated.'
  └
  ✓  Each bond property has the correct format
  ✓  Links are valid URLs
  ✓  Global links are valid URLs
  ✓  Results match the query parameter
  ✓  Results match the shortName parameter
  ✓  Results respect the limit parameter
  ✓  Start parameter skips the correct number of bonds
  ✓  Error 406 response structure
  ✓  Limit parameter is 0, response should be 400
  ┌
  │ '✔ Variables seteadas:'
  │ 'BOND_SELF:', 'https://api.staging.mercap.com.ar/bonds
  │ /ecfe885d-8163-4222-acb1-f7020cf05a4a'
  │ 'DEBT_TYPE:', 'https://api.staging.mercap.com.ar/debt-
  │ types/e3da5be4-2107-4ca2-97d9-77b5cf8e8725'
  └
  ✓  cashflowUnits: estructura válida por variante

↳ Bond by UUID
  ┌
  │ '▶ [undefined] Ejecutando con ticker: AL30'
  └
  GET https://api.staging.mercap.com.ar/tradable-securities?query=AL30&tradeDate=2026-09-04 [200 OK, 2.63kB, 49ms]
  ┌
  │ '🔎 SHORT_NAME: AL30'
  └
  GET https://api.staging.mercap.com.ar/bonds/ecfe885d-8163-4222-acb1-f7020cf05a4a [200 OK, 1.36kB, 84ms]
  ┌
  │ 'Response received successfully.'
  └
  ✓  Response is received
  ┌
  │ 'Status code is 200.'
  └
  ✓  Status code is 200
  ┌
  │ 'Content-Type header is correct.'
  └
  ✓  Media-Type is correct
  ┌
  │ 'All required properties are present.'
  └
  ✓  Response has required properties
  ┌
  │ 'All properties have correct data types.'
  └
  ✓  Response properties have correct data types
  ┌
  │ 'All required link properties are present.'
  └
  ✓  Links object has required properties
  ┌
  │ 'All links are valid URLs.'
  └
  ✓  Links are valid URLs
  ┌
  │ 'shortName is the expected:', 'AL30'
  └
  ✓  ShortName and name are as expected

↳ Bond by UUID - bond+json
  ┌
  │ '▶ [undefined] Ejecutando con ticker: AL30'
  └
  GET https://api.staging.mercap.com.ar/tradable-securities?query=AL30&tradeDate=2026-09-04 [200 OK, 2.64kB, 51ms]
  ┌
  │ '🔎 SHORT_NAME: AL30'
  └
  GET https://api.staging.mercap.com.ar/bonds/ecfe885d-8163-4222-acb1-f7020cf05a4a [200 OK, 5.8kB, 342ms]
  ┌
  │ 'Response received successfully.'
  └
  ✓  Response is received
  ┌
  │ 'Status code is 200.'
  └
  ✓  Status code is 200
  ┌
  │ 'Content-Type header is correct.'
  └
  ✓  Media-Type is correct
  ┌
  │ 'All required properties are present.'
  └
  ✓  Response has required properties
  ┌
  │ 'All properties have correct data types.'
  └
  ✓  Response properties have correct data types
  ┌
  │ 'Required link property (self) is present.'
  └
  ✓  Links object has required properties
  ┌
  │ 'All links are valid URLs.'
  └
  ✓  Links are valid URLs
  ┌
  │ 'debtType is a valid URL:', 'https://api.staging.merca
  │ p.com.ar/debt-types/e3da5be4-2107-4ca2-97d9-77b5cf8e87
  │ 25'
  └
  ✓  debtType is a valid URL
  ┌
  │ 'shortName is the expected:', 'AL30'
  └
  ✓  ShortName is as expected
  ✓  cashflowUnits: estructura válida

↳ Bond payment summary by UUID
  ┌
  │ '▶ [undefined] Ejecutando con ticker: AL30'
  └
  GET https://api.staging.mercap.com.ar/tradable-securities?query=AL30&tradeDate=2026-09-04 [200 OK, 2.63kB, 211ms]
  ┌
  │ '🔎 SHORT_NAME: AL30'
  └
  GET https://api.staging.mercap.com.ar/bonds/ecfe885d-8163-4222-acb1-f7020cf05a4a/payment-summary [200 OK, 1.15kB, 165ms]
  ┌
  │ 'Response received successfully.'
  └
  ✓  Response is received
  ┌
  │ 'Status code is 200.'
  └
  ✓  Status code is 200
  ┌
  │ 'Content-Type header is correct.'
  └
  ✓  Media-Type is correct
  ✓  All main properties have the correct type
  ✓  Amortization has correct properties and should be bullet
  ✓  Links URLs are valid
  ✓  Interest has correct properties
  ✓  Accruement has correct properties

↳ Bond payment summary by UUID - json v1
  ┌
  │ '▶ [undefined] Ejecutando con ticker: AL30'
  └
  GET https://api.staging.mercap.com.ar/tradable-securities?query=AL30&tradeDate=2026-09-04 [200 OK, 2.63kB, 70ms]
  ┌
  │ '🔎 SHORT_NAME: AL30'
  └
  GET https://api.staging.mercap.com.ar/bonds/ecfe885d-8163-4222-acb1-f7020cf05a4a/payment-summary [200 OK, 1.15kB, 53ms]
  ┌
  │ 'Response received successfully.'
  └
  ✓  Response is received
  ┌
  │ 'Status code is 200.'
  └
  ✓  Status code is 200
  ┌
  │ 'Content-Type header is correct.'
  └
  ✓  Media-Type is correct
  ✓  All main properties have the correct type
  ✓  DueDateStrategy has correct properties
  ✓  Amortization has correct properties and should be bullet
  ✓  Links URLs are valid
  ✓  Interest has correct properties
  ✓  Accruement has correct properties

↳ Bond coupons by UUID
  ┌
  │ '▶ [undefined] Ejecutando con ticker: AL30'
  └
  GET https://api.staging.mercap.com.ar/tradable-securities?query=AL30&tradeDate=2026-09-04 [200 OK, 2.63kB, 54ms]
  ┌
  │ '🔎 SHORT_NAME: AL30'
  └
  GET https://api.staging.mercap.com.ar/bonds/ecfe885d-8163-4222-acb1-f7020cf05a4a/coupons [200 OK, 7.12kB, 110ms]
  ┌
  │ 'Response received successfully.'
  └
  ✓  Response is received
  ┌
  │ 'Status code is 200.'
  └
  ✓  Status code is 200
  ┌
  │ 'Content-Type header is correct.'
  └
  ✓  Media-Type is correct
  ┌
  │ "'items' array is present."
  └
  ✓  Response has 'items' array
  ┌
  │ 'All items have required properties.'
  └
  ✓  Each item has required properties
  ┌
  │ "All 'interestRate' objects have required properties."
  └
  ✓  Verify that 'interestRate' has required properties
  ┌
  │ "All 'links' objects have required properties."
  └
  ✓  All 'links' objects have required properties
  ┌
  │ 'All dates have correct format.'
  └
  ✓  Dates have correct format
  ┌
  │ 'All links are valid URLs.'
  └
  ✓  Links are valid URLs
  ┌
  │ "The 'self' link is correct."
  └
  ✓  Verify that 'self' has the correct link
  ┌
  │ 'Coupon numbers are consecutive.'
  └
  ✓  Coupon numbers are consecutive
  ┌
  │ "All 'type' values in 'interestRate' are 'fixed'."
  └
  ✓  Verify that 'type' in 'interestRate' is 'fixed' for each item

↳ Bond issue conditions by UUID
  ┌
  │ '▶ [undefined] Ejecutando con ticker: AL30'
  └
  GET https://api.staging.mercap.com.ar/tradable-securities?query=AL30&tradeDate=2026-09-04 [200 OK, 2.64kB, 54ms]
  ┌
  │ '🔎 SHORT_NAME: AL30'
  └
  GET https://api.staging.mercap.com.ar/bonds/ecfe885d-8163-4222-acb1-f7020cf05a4a/issue-conditions [200 OK, 1.36kB, 82ms]
  ┌
  │ 'Response received successfully.'
  └
  ✓  Response is received
  ┌
  │ 'Status code is 200.'
  └
  ✓  Status code is 200
  ┌
  │ 'Content-Type header is correct.'
  └
  ✓  Media-Type is correct
  ✓  All main properties have the correct type
  ✓  Dates have correct format
  ✓  SmallestDenomination has base and increment
  ✓  FaceValue is greater than zero
  ✓  Term has correct format
  ✓  IssueUnit and PaymentCurrency are valid URLs
  ✓  IssueCountry and Issuer are not empty

↳ Bond issue conditions by UUID - json v1
  ┌
  │ '▶ [undefined] Ejecutando con ticker: AL30'
  └
  GET https://api.staging.mercap.com.ar/tradable-securities?query=AL30&tradeDate=2026-09-04 [200 OK, 2.63kB, 56ms]
  ┌
  │ '🔎 SHORT_NAME: AL30'
  └
  GET https://api.staging.mercap.com.ar/bonds/ecfe885d-8163-4222-acb1-f7020cf05a4a/issue-conditions [200 OK, 1.37kB, 124ms]
  ┌
  │ 'Response received successfully.'
  └
  ✓  Response is received
  ┌
  │ 'Status code is 200.'
  └
  ✓  Status code is 200
  ┌
  │ 'Content-Type header is correct.'
  └
  ✓  Media-Type is correct
  ✓  All main properties have the correct type
  ✓  Dates have correct format
  ✓  SmallestDenomination has base and increment
  ✓  FaceValue is greater than zero
  ✓  Term has correct format
  ✓  IssueCurrency and PaymentCurrency are valid URLs
  ✓  IssueCountry and Issuer are not empty

↳ Bond identifiers by UUID
  ┌
  │ '▶ [undefined] Ejecutando con ticker: AL30'
  └
  GET https://api.staging.mercap.com.ar/tradable-securities?query=AL30&tradeDate=2026-09-04 [200 OK, 2.63kB, 55ms]
  ┌
  │ '🔎 SHORT_NAME: AL30'
  └
  GET https://api.staging.mercap.com.ar/bonds/ecfe885d-8163-4222-acb1-f7020cf05a4a/identifiers [200 OK, 744B, 829ms]
  ✓  Status code is 200
  ✓  Response is an array
  ┌
  │ 'Content-Type header is correct.'
  └
  ✓  Media-Type is correct
  ✓  Each item has type and value
  ✓  Type is a non-empty string
  ✓  Value is a non-empty string
  ✓  Identifiers contain expected types
  ✓  ISIN value format is correct

❏ Pepper-GS32 / Regression-Test / Bond IRRS
↳ Get irrs - one bond
  GET https://historical-data.mercapabbaco.com/irrs?short-names=AL30 [200 OK, 67.31kB, 208ms]
  ✓  Response is received
  ✓  Status code is 200
  ✓  Media-Type is correct
  ✓  Response body is not empty
  ✓  Response is valid JSON

❏ Pepper-GS32 / Regression-Test / Bond Parities
↳ Get parities
  GET https://historical-data.mercapabbaco.com/parities?short-names=AL30 [200 OK, 177.88kB, 2.7s]
  ┌
  │ 'Response received successfully.'
  └
  ✓  Response is received
  ┌
  │ 'Status code is 200.'
  └
  ✓  Status code is 200
  ┌
  │ 'Content-Type header is correct.'
  └
  ✓  Media-Type is correct
  ┌
  │ 'Response body is not empty.'
  └
  ✓  Response body is not empty
  ┌
  │ 'Response is valid JSON.'
  └
  ✓  Response is valid JSON
  ┌
  │ "ShortName 'AL30' is included in the response."
  └
  ✓  Response includes shortName: AL30
  ┌
  │ "'AL30' is an array."
  └
  ✓  'AL30' is an array
  ┌
  │ "All items in 'AL30' contain properties date and value
  │ ."
  └
  ✓  All items in 'AL30' have properties date and value
  ┌
  │ "Properties 'date' and 'value' in 'AL30' are correctly
  │  formatted."
  └
  ✓  Properties 'date' and 'value' are correctly formatted in 'AL30'

❏ Pepper-GS32 / Regression-Test / Cashflow metric
↳ Get cashflow - few bonds - GS32

↳ Get cashflow - many bonuses - GS32

❏ Pepper-GS32 / Regression-Test / Bond Payment Forecasts
↳ Get one bond cashflow - only dateInterval from
  ┌
  │ '▶ [undefined] Ejecutando con ticker: AL30'
  └
  GET https://api.staging.mercap.com.ar/tradable-securities?query=AL30&tradeDate=2026-09-04 [200 OK, 2.63kB, 152ms]
  ┌
  │ '📌 BOND_INSTRUMENT_URL: https://api.staging.mercap.co
  │ m.ar/bonds/ecfe885d-8163-4222-acb1-f7020cf05a4a'
  └
  POST https://api.staging.mercap.com.ar/bond-payment-forecast [200 OK, 5.38kB, 1348ms]
  ┌
  │ 'Response received successfully.'
  └
  ✓  Response is received
  ┌
  │ 'Status code is 200.'
  └
  ✓  Status code is 200
  ┌
  │ 'Content-Type header is correct.'
  └
  ✓  Media-Type is correct
  ┌
  │ 'Result is a non-empty array.'
  └
  ✓  Result is a non-empty array
  ┌
  │ 'Each cashflow has the expected properties.'
  └
  ✓  Each cashflow has correct properties
  ┌
  │ 'Coupon values are incremental by 1.'
  └
  ✓  Verify that coupon value is incremental by 1
  ┌
  │ 'Due dates are in ascending order for each cashflow.'
  └
  ✓  Due dates are in ascending order
  ┌
  │ 'The bond link is correct:', 'https://api.staging.merc
  │ ap.com.ar/bonds/ecfe885d-8163-4222-acb1-f7020cf05a4a'
  └
  ✓  Bond link is correct

↳ Get one bond cashflow - dateInterval from and to
  ┌
  │ '▶ [undefined] Ejecutando con ticker: AL30'
  └
  GET https://api.staging.mercap.com.ar/tradable-securities?query=AL30&tradeDate=2026-09-04 [200 OK, 2.63kB, 47ms]
  ┌
  │ '📌 BOND_INSTRUMENT_URL: https://api.staging.mercap.co
  │ m.ar/bonds/ecfe885d-8163-4222-acb1-f7020cf05a4a'
  └
  POST https://api.staging.mercap.com.ar/bond-payment-forecast [200 OK, 3.59kB, 893ms]
  ┌
  │ 'Response received successfully.'
  └
  ✓  Response is received
  ┌
  │ 'Status code is 200.'
  └
  ✓  Status code is 200
  ┌
  │ 'Content-Type header is correct.'
  └
  ✓  Media-Type is correct
  ┌
  │ 'Result is a non-empty array.'
  └
  ✓  Result is a non-empty array
  ┌
  │ 'Each cashflow has the expected properties.'
  └
  ✓  Each cashflow has correct properties
  ┌
  │ 'Coupon values are incremental by 1.'
  └
  ✓  Verify that coupon value is incremental by 1
  ┌
  │ 'Due dates are in ascending order for each cashflow.'
  └
  ✓  Due dates are in ascending order
  ┌
  │ 'The bond link is correct:', 'https://api.staging.merc
  │ ap.com.ar/bonds/ecfe885d-8163-4222-acb1-f7020cf05a4a'
  └
  ✓  Bond link is correct

↳ Get payment forecasts
  ┌
  │ '▶ [undefined] Ejecutando con ticker: AL30'
  └
  GET https://api.staging.mercap.com.ar/tradable-securities?query=AL30&tradeDate=2026-09-04 [200 OK, 2.64kB, 89ms]
  ┌
  │ '📌 BOND_INSTRUMENT_URL: https://api.staging.mercap.co
  │ m.ar/bonds/ecfe885d-8163-4222-acb1-f7020cf05a4a'
  └
  POST https://api.staging.mercap.com.ar/bond-payment-forecast [200 OK, 1.22kB, 338ms]
  ┌
  │ 'Response received successfully.'
  └
  ✓  Response is received
  ┌
  │ 'Status code is 200.'
  └
  ✓  Status code is 200
  ┌
  │ 'Content-Type header is correct.'
  └
  ✓  Media-Type is correct
  ┌
  │ 'Result is a non-empty array.'
  └
  ✓  Result is a non-empty array
  ┌
  │ 'Each flow has the expected properties.'
  └
  ✓  Each flow has correct properties
  ┌
  │ 'Bond link is correct.'
  └
  ✓  Bond link is correct
  ┌
  │ 'Response has id and jsonrpc.'
  └
  ✓  Response has id and jsonrpc
  ┌
  │ "'concept' is 'Renta' when 'flowMessage' is 'interestT
  │ oPay'."
  └
  ✓  Validate that 'concept' is 'Renta' when 'flowMessage' is 'interestToPay'
  ┌
  │ "'concept' is 'Amortización' when 'flowMessage' is 'am
  │ ortizationToPay'."
  └
  ✓  Validate that 'concept' is 'Amortización' when 'flowMessage' is 'amortizationToPay'

↳ Post /bond-payment-forecast - bond-cashflow - only dateInterval from - Bond Fixed rate, no adjustment, European-30-360
  ┌
  │ '▶ [undefined] Ejecutando con ticker: AL30'
  └
  GET https://api.staging.mercap.com.ar/tradable-securities?query=AL30&tradeDate=2026-09-04 [200 OK, 2.63kB, 39ms]
  ┌
  │ '📌 BOND_INSTRUMENT_URL: https://api.staging.mercap.co
  │ m.ar/bonds/ecfe885d-8163-4222-acb1-f7020cf05a4a'
  └
  GET https://api.staging.mercap.com.ar/tradable-securities?query=US105756CN87&tradeDate=2026-09-04 [200 OK, 2.07kB, 3.1s]
  ┌
  │ '📌 BOND_SECURITY_SELF: https://api.staging.mercap.com
  │ .ar/bonds/54fcd3a7-01b2-4136-81f8-b5924d9b14c4'
  └
  POST https://api.staging.mercap.com.ar/bond-payment-forecast [200 OK, 33.45kB, 8.1s]
  ┌
  │ 'Response received successfully.'
  └
  ✓  Response is received
  ┌
  │ 'Status code is 200.'
  └
  ✓  Status code is 200
  ┌
  │ 'Content-Type header is correct.'
  └
  ✓  Media-Type is correct
  ┌
  │ 'Result is a non-empty array.'
  └
  ✓  Result is a non-empty array
  ┌
  │ 'Each cashflow has the expected properties.'
  └
  ✓  Each cashflow has correct properties
  ┌
  │ 'Coupon values are incremental by 1.'
  └
  ✓  Verify that coupon value is incremental by 1
  ┌
  │ 'Due dates are in ascending order for each cashflow.'
  └
  ✓  Due dates are in ascending order
  ┌
  │ 'The bond link is correct:', 'https://api.staging.merc
  │ ap.com.ar/bonds/54fcd3a7-01b2-4136-81f8-b5924d9b14c4'
  └
  ✓  Bond link is correct

↳ Post /bond-payment-forecast - bond-cashflow - dateInterval from and to - Bond Fixed rate, no adjustment, European-30-360
  ┌
  │ '▶ [undefined] Ejecutando con ticker: AL30'
  └
  GET https://api.staging.mercap.com.ar/tradable-securities?query=AL30&tradeDate=2026-09-04 [200 OK, 2.64kB, 186ms]
  ┌
  │ '📌 BOND_INSTRUMENT_URL: https://api.staging.mercap.co
  │ m.ar/bonds/ecfe885d-8163-4222-acb1-f7020cf05a4a'
  └
  GET https://api.staging.mercap.com.ar/tradable-securities?query=US105756CN87&tradeDate=2026-09-04 [200 OK, 2.07kB, 61ms]
  ┌
  │ '📌 BOND_SECURITY_SELF: https://api.staging.mercap.com
  │ .ar/bonds/54fcd3a7-01b2-4136-81f8-b5924d9b14c4'
  └
  POST https://api.staging.mercap.com.ar/bond-payment-forecast [200 OK, 1.84kB, 469ms]
  ┌
  │ 'Response received successfully.'
  └
  ✓  Response is received
  ┌
  │ 'Status code is 200.'
  └
  ✓  Status code is 200
  ┌
  │ 'Content-Type header is correct.'
  └
  ✓  Media-Type is correct
  ┌
  │ 'Result is a non-empty array.'
  └
  ✓  Result is a non-empty array
  ┌
  │ 'Each cashflow has the expected properties.'
  └
  ✓  Each cashflow has correct properties
  ┌
  │ 'Coupon values are incremental by 1.'
  └
  ✓  Verify that coupon value is incremental by 1
  ┌
  │ 'Due dates are in ascending order for each cashflow.'
  └
  ✓  Due dates are in ascending order
  ┌
  │ 'The bond link is correct:', 'https://api.staging.merc
  │ ap.com.ar/bonds/54fcd3a7-01b2-4136-81f8-b5924d9b14c4'
  └
  ✓  Bond link is correct

↳ Post  /bond-payment-forecast - bond-payment-forecasts - Bond Fixed rate, no adjustment, European-30-360
  ┌
  │ '▶ [undefined] Ejecutando con ticker: AL30'
  └
  GET https://api.staging.mercap.com.ar/tradable-securities?query=AL30&tradeDate=2026-09-04 [200 OK, 2.63kB, 41ms]
  ┌
  │ '📌 BOND_INSTRUMENT_URL: https://api.staging.mercap.co
  │ m.ar/bonds/ecfe885d-8163-4222-acb1-f7020cf05a4a'
  └
  GET https://api.staging.mercap.com.ar/tradable-securities?query=US105756CN87&tradeDate=2026-09-04 [200 OK, 2.08kB, 47ms]
  ┌
  │ '📌 BOND_SECURITY_SELF: https://api.staging.mercap.com
  │ .ar/bonds/54fcd3a7-01b2-4136-81f8-b5924d9b14c4'
  └
  POST https://api.staging.mercap.com.ar/bond-payment-forecast [200 OK, 1.19kB, 309ms]
  ┌
  │ 'Response received successfully.'
  └
  ✓  Response is received
  ┌
  │ 'Status code is 200.'
  └
  ✓  Status code is 200
  ┌
  │ 'Content-Type header is correct.'
  └
  ✓  Media-Type is correct
  ┌
  │ 'Result is a non-empty array.'
  └
  ✓  Result is a non-empty array
  ┌
  │ 'Each flow has the expected properties.'
  └
  ✓  Each flow has correct properties
  ┌
  │ 'Bond link is correct.'
  └
  ✓  Bond link is correct
  ┌
  │ 'Response has id and jsonrpc.'
  └
  ✓  Response has id and jsonrpc
  ┌
  │ "'concept' is 'Renta' when 'flowMessage' is 'interestT
  │ oPay'."
  └
  ✓  Validate that 'concept' is 'Renta' when 'flowMessage' is 'interestToPay'
  ┌
  │ "'concept' is 'Amortización' when 'flowMessage' is 'am
  │ ortizationToPay'."
  └
  ✓  Validate that 'concept' is 'Amortización' when 'flowMessage' is 'amortizationToPay'

❏ Pepper-GS32 / Regression-Test / Bond laws
↳ Get all bond laws - validate each self link
  GET https://api.staging.mercap.com.ar/bond-laws [200 OK, 1.86kB, 130ms]
  ✓  Response is received
  ✓  Status code is 200
  ✓  Response contains 'items' array with at least one element
  ✓  Response contains 'links.self'
  ✓  No duplicate bond law names
  ┌
  │ '🔎 Testing Item 1 (Ley Argentina)'
  └
  ✓  Item 1 (Ley Argentina) contains expected properties
  ✓  Item 1 (Ley Argentina) 'name' is a non-empty string
  ✓  Item 1 (Ley Argentina) self link is a valid URL
  GET https://api.staging.mercap.com.ar/bond-laws/18bb25d4-8ab8-4837-b574-1754811dd222 [200 OK, 845B, 178ms]
  ✓  Item 1 (Ley Argentina) self link returns status 200
  ┌
  │ '🔎 Testing Item 2 (Ley N.Y.)'
  └
  ✓  Item 2 (Ley N.Y.) contains expected properties
  ✓  Item 2 (Ley N.Y.) 'name' is a non-empty string
  ✓  Item 2 (Ley N.Y.) self link is a valid URL
  GET https://api.staging.mercap.com.ar/bond-laws/828bc536-1bff-4d3d-bff2-8c98ec12c57b [200 OK, 840B, 100ms]
  ✓  Item 2 (Ley N.Y.) self link returns status 200
  ┌
  │ '🔎 Testing Item 3 (Ley Inglesa)'
  └
  ✓  Item 3 (Ley Inglesa) contains expected properties
  ✓  Item 3 (Ley Inglesa) 'name' is a non-empty string
  ✓  Item 3 (Ley Inglesa) self link is a valid URL
  GET https://api.staging.mercap.com.ar/bond-laws/f7f0b5a4-b1a8-4095-a1c6-dcccd2a42410 [200 OK, 851B, 95ms]
  ✓  Item 3 (Ley Inglesa) self link returns status 200
  ┌
  │ '🔎 Testing Item 4 (Ley Chilena)'
  └
  ✓  Item 4 (Ley Chilena) contains expected properties
  ✓  Item 4 (Ley Chilena) 'name' is a non-empty string
  ✓  Item 4 (Ley Chilena) self link is a valid URL
  GET https://api.staging.mercap.com.ar/bond-laws/b7a5d364-9a04-42a3-9605-921eb5b704a8 [200 OK, 849B, 95ms]
  ✓  Item 4 (Ley Chilena) self link returns status 200
  ┌
  │ '🔎 Testing Item 5 (Ley Paraguaya)'
  └
  ✓  Item 5 (Ley Paraguaya) contains expected properties
  ✓  Item 5 (Ley Paraguaya) 'name' is a non-empty string
  ✓  Item 5 (Ley Paraguaya) self link is a valid URL
  GET https://api.staging.mercap.com.ar/bond-laws/8c970aa1-9fa0-46a1-b355-4a8a79adbee6 [200 OK, 849B, 95ms]
  ✓  Item 5 (Ley Paraguaya) self link returns status 200
  ┌
  │ '🔎 Testing Item 6 (Ley Europea)'
  └
  ✓  Item 6 (Ley Europea) contains expected properties
  ✓  Item 6 (Ley Europea) 'name' is a non-empty string
  ✓  Item 6 (Ley Europea) self link is a valid URL
  GET https://api.staging.mercap.com.ar/bond-laws/2a2af6f8-8264-41c9-86e9-a9eb810c4deb [200 OK, 849B, 99ms]
  ✓  Item 6 (Ley Europea) self link returns status 200
  ┌
  │ '🔎 Testing Item 7 (Ley Brasilera)'
  └
  ✓  Item 7 (Ley Brasilera) contains expected properties
  ✓  Item 7 (Ley Brasilera) 'name' is a non-empty string
  ✓  Item 7 (Ley Brasilera) self link is a valid URL
  GET https://api.staging.mercap.com.ar/bond-laws/5ef6489e-1b5c-4864-8fd2-c57c11038319 [200 OK, 839B, 93ms]
  ✓  Item 7 (Ley Brasilera) self link returns status 200
  ┌
  │ '🔎 Testing Item 8 (Ley Mexicana)'
  └
  ✓  Item 8 (Ley Mexicana) contains expected properties
  ✓  Item 8 (Ley Mexicana) 'name' is a non-empty string
  ✓  Item 8 (Ley Mexicana) self link is a valid URL
  GET https://api.staging.mercap.com.ar/bond-laws/faaf8f43-b147-4c68-aaf9-ffbaf7d27695 [200 OK, 856B, 98ms]
  ✓  Item 8 (Ley Mexicana) self link returns status 200
  ┌
  │ '🔎 Testing Item 9 (Ley Federal (EEUU))'
  └
  ✓  Item 9 (Ley Federal (EEUU)) contains expected properties
  ✓  Item 9 (Ley Federal (EEUU)) 'name' is a non-empty string
  ✓  Item 9 (Ley Federal (EEUU)) self link is a valid URL
  GET https://api.staging.mercap.com.ar/bond-laws/88948c32-92b6-4394-8505-00acd0124a7f [200 OK, 854B, 98ms]
  ✓  Item 9 (Ley Federal (EEUU)) self link returns status 200

❏ Pepper-GS32 / Regression-Test / Bond Screener
↳ Filter by debt-type, issueCurrency, paymentCurrency, issuer & law

❏ Pepper-GS32 / Regression-Test / Currencies
↳ Get all curencies - validate each self link
  GET https://api.staging.mercap.com.ar/currencies [200 OK, 1.91kB, 114ms]
  ✓  Response is received
  ✓  Status code is 200
  ✓  Response contains 'items' array with at least one element
  ✓  Response contains 'links.self'
  ✓  No duplicate currency signs
  ✓  No duplicate singular names
  ┌
  │ '🔎 Testing Item 1 (ARS)'
  └
  ✓  Item 1 (ARS) contains expected properties
  ✓  Item 1 (ARS) text fields are non-empty strings
  ✓  Item 1 (ARS) self link is a valid URL
  GET https://api.staging.mercap.com.ar/currencies/1ab0ad33-7b34-4e64-8a52-a3d4f9cf8452 [200 OK, 881B, 70ms]
  ✓  Item 1 (ARS) self link returns status 200
  ┌
  │ '🔎 Testing Item 2 (USD)'
  └
  ✓  Item 2 (USD) contains expected properties
  ✓  Item 2 (USD) text fields are non-empty strings
  ✓  Item 2 (USD) self link is a valid URL
  GET https://api.staging.mercap.com.ar/currencies/e852e30f-42ad-4343-a7f6-3bc4ec840ed1 [200 OK, 875B, 93ms]
  ✓  Item 2 (USD) self link returns status 200
  ┌
  │ '🔎 Testing Item 3 (EUR)'
  └
  ✓  Item 3 (EUR) contains expected properties
  ✓  Item 3 (EUR) text fields are non-empty strings
  ✓  Item 3 (EUR) self link is a valid URL
  GET https://api.staging.mercap.com.ar/currencies/baeef6f0-0294-4ae5-bc16-dade743ae049 [200 OK, 881B, 93ms]
  ✓  Item 3 (EUR) self link returns status 200
  ┌
  │ '🔎 Testing Item 4 (GBP)'
  └
  ✓  Item 4 (GBP) contains expected properties
  ✓  Item 4 (GBP) text fields are non-empty strings
  ✓  Item 4 (GBP) self link is a valid URL
  GET https://api.staging.mercap.com.ar/currencies/695a7f24-199f-4bf6-984f-0ba08c803956 [200 OK, 873B, 97ms]
  ✓  Item 4 (GBP) self link returns status 200
  ┌
  │ '🔎 Testing Item 5 (CLP)'
  └
  ✓  Item 5 (CLP) contains expected properties
  ✓  Item 5 (CLP) text fields are non-empty strings
  ✓  Item 5 (CLP) self link is a valid URL
  GET https://api.staging.mercap.com.ar/currencies/076f26bd-f0ee-4ead-9f6b-e3881eec23d2 [200 OK, 883B, 96ms]
  ✓  Item 5 (CLP) self link returns status 200
  ┌
  │ '🔎 Testing Item 6 (PYG)'
  └
  ✓  Item 6 (PYG) contains expected properties
  ✓  Item 6 (PYG) text fields are non-empty strings
  ✓  Item 6 (PYG) self link is a valid URL
  GET https://api.staging.mercap.com.ar/currencies/fd3c2d5a-267d-4c93-aa8a-15a490e283e5 [200 OK, 881B, 116ms]
  ✓  Item 6 (PYG) self link returns status 200
  ┌
  │ '🔎 Testing Item 7 (MXN)'
  └
  ✓  Item 7 (MXN) contains expected properties
  ✓  Item 7 (MXN) text fields are non-empty strings
  ✓  Item 7 (MXN) self link is a valid URL
  GET https://api.staging.mercap.com.ar/currencies/6684ef14-e0cf-4096-a088-9071a409e8b8 [200 OK, 877B, 77ms]
  ✓  Item 7 (MXN) self link returns status 200

❏ Pepper-GS32 / Regression-Test / Debt types
↳ Get all debt types - validate each self link
  GET https://api.staging.mercap.com.ar/debt-types [200 OK, 1.16kB, 61ms]
  ✓  Response is received
  ✓  Status code is 200
  ✓  Response contains 'items' array with at least one element
  ✓  Response contains 'links.self'
  ✓  No duplicate debt type names
  ┌
  │ '🔎 Testing Item 1 (Título Público)'
  └
  ✓  Item 1 (Título Público) contains expected properties
  ✓  Item 1 (Título Público) 'singularName' is a non-empty string
  ✓  Item 1 (Título Público) self link is a valid URL
  GET https://api.staging.mercap.com.ar/debt-types/e3da5be4-2107-4ca2-97d9-77b5cf8e8725 [200 OK, 856B, 75ms]
  ✓  Item 1 (Título Público) self link returns status 200
  ┌
  │ '🔎 Testing Item 2 (Obligación Negociable)'
  └
  ✓  Item 2 (Obligación Negociable) contains expected properties
  ✓  Item 2 (Obligación Negociable) 'singularName' is a non-empty string
  ✓  Item 2 (Obligación Negociable) self link is a valid URL
  GET https://api.staging.mercap.com.ar/debt-types/a6af5129-7f88-46ce-879b-bfb0a4ee8a7b [200 OK, 864B, 97ms]
  ✓  Item 2 (Obligación Negociable) self link returns status 200
  ┌
  │ '🔎 Testing Item 3 (Fideicomiso)'
  └
  ✓  Item 3 (Fideicomiso) contains expected properties
  ✓  Item 3 (Fideicomiso) 'singularName' is a non-empty string
  ✓  Item 3 (Fideicomiso) self link is a valid URL
  GET https://api.staging.mercap.com.ar/debt-types/c2b8670a-dec7-4bfd-b5ba-5ce86c0d5eab [200 OK, 857B, 95ms]
  ✓  Item 3 (Fideicomiso) self link returns status 200

❏ Pepper-GS32 / Regression-Test / Exchange Schemes
↳ Get all exchange schemes
  GET https://api.staging.mercap.com.ar/exchange-schemes [200 OK, 4.41kB, 45ms]
  ✓  Response is received
  ✓  Status code is 200
  ✓  Media-Type is correct
  ✓  Items array is present and not empty
  ✓  No duplicate names in items
  ✓  Links are unique for each item
  ✓  Self link matches expected URL
  ┌
  │ '✔ EXCHANGE_SCHEMES_UUID seteado: https://api.staging.
  │ mercap.com.ar/exchange-schemes/150dd7f3-1420-4c76-8ed6
  │ -827667455276'
  └
  ✓  Item 1 (Esquema ARS - USD Oficial) contains expected properties
  ✓  Item 1 (Esquema ARS - USD Oficial) 'name' is non-empty
  ✓  Item 1 (Esquema ARS - USD Oficial) 'targetCurrency' is a valid URL
  ✓  Item 1 (Esquema ARS - USD Oficial) 'self' link is valid URL
  GET https://api.staging.mercap.com.ar/exchange-schemes/150dd7f3-1420-4c76-8ed6-827667455276 [200 OK, 993B, 130ms]
  ✓  Item 1 (Esquema ARS - USD Oficial) self link returns status 200
  ✓  Item 2 (Esquema USD) contains expected properties
  ✓  Item 2 (Esquema USD) 'name' is non-empty
  ✓  Item 2 (Esquema USD) 'targetCurrency' is a valid URL
  ✓  Item 2 (Esquema USD) 'self' link is valid URL
  GET https://api.staging.mercap.com.ar/exchange-schemes/f8886784-c23d-4de1-a058-5b27fce14ffe [200 OK, 983B, 195ms]
  ✓  Item 2 (Esquema USD) self link returns status 200
  ✓  Item 3 (Esquema EUR) contains expected properties
  ✓  Item 3 (Esquema EUR) 'name' is non-empty
  ✓  Item 3 (Esquema EUR) 'targetCurrency' is a valid URL
  ✓  Item 3 (Esquema EUR) 'self' link is valid URL
  GET https://api.staging.mercap.com.ar/exchange-schemes/1bf50dde-4343-49e7-8a60-62997a6b5001 [200 OK, 979B, 92ms]
  ✓  Item 3 (Esquema EUR) self link returns status 200
  ✓  Item 4 (Esquema CLP) contains expected properties
  ✓  Item 4 (Esquema CLP) 'name' is non-empty
  ✓  Item 4 (Esquema CLP) 'targetCurrency' is a valid URL
  ✓  Item 4 (Esquema CLP) 'self' link is valid URL
  GET https://api.staging.mercap.com.ar/exchange-schemes/1cb8b99b-86b7-4036-9124-8f809066ed41 [200 OK, 971B, 97ms]
  ✓  Item 4 (Esquema CLP) self link returns status 200
  ✓  Item 5 (Esquema GBP) contains expected properties
  ✓  Item 5 (Esquema GBP) 'name' is non-empty
  ✓  Item 5 (Esquema GBP) 'targetCurrency' is a valid URL
  ✓  Item 5 (Esquema GBP) 'self' link is valid URL
  GET https://api.staging.mercap.com.ar/exchange-schemes/9bd90858-0402-49fc-9975-0a1daf381643 [200 OK, 973B, 107ms]
  ✓  Item 5 (Esquema GBP) self link returns status 200
  ✓  Item 6 (Esquema PYG) contains expected properties
  ✓  Item 6 (Esquema PYG) 'name' is non-empty
  ✓  Item 6 (Esquema PYG) 'targetCurrency' is a valid URL
  ✓  Item 6 (Esquema PYG) 'self' link is valid URL
  GET https://api.staging.mercap.com.ar/exchange-schemes/d85f0a6d-1a80-4f8d-b58b-b4818a47d8c6 [200 OK, 975B, 190ms]
  ✓  Item 6 (Esquema PYG) self link returns status 200
  ✓  Item 7 (USD MEP) contains expected properties
  ✓  Item 7 (USD MEP) 'name' is non-empty
  ✓  Item 7 (USD MEP) 'targetCurrency' is a valid URL
  ✓  Item 7 (USD MEP) 'self' link is valid URL
  GET https://api.staging.mercap.com.ar/exchange-schemes/cf410c0e-ab29-489f-96d3-db0c857240d2 [200 OK, 977B, 191ms]
  ✓  Item 7 (USD MEP) self link returns status 200
  ✓  Item 8 (Esquema ARS - USD MEP) contains expected properties
  ✓  Item 8 (Esquema ARS - USD MEP) 'name' is non-empty
  ✓  Item 8 (Esquema ARS - USD MEP) 'targetCurrency' is a valid URL
  ✓  Item 8 (Esquema ARS - USD MEP) 'self' link is valid URL
  GET https://api.staging.mercap.com.ar/exchange-schemes/b0692058-1c49-4ed8-b2ca-3fe84a8c2c49 [200 OK, 985B, 94ms]
  ✓  Item 8 (Esquema ARS - USD MEP) self link returns status 200
  ✓  Item 9 (Esquema ARS - USD CCL) contains expected properties
  ✓  Item 9 (Esquema ARS - USD CCL) 'name' is non-empty
  ✓  Item 9 (Esquema ARS - USD CCL) 'targetCurrency' is a valid URL
  ✓  Item 9 (Esquema ARS - USD CCL) 'self' link is valid URL
  GET https://api.staging.mercap.com.ar/exchange-schemes/f512817f-1d31-4cea-b325-691c2c05c031 [200 OK, 989B, 97ms]
  ✓  Item 9 (Esquema ARS - USD CCL) self link returns status 200
  ✓  Item 10 ((MPC) Esquema USD - Oficial) contains expected properties
  ✓  Item 10 ((MPC) Esquema USD - Oficial) 'name' is non-empty
  ✓  Item 10 ((MPC) Esquema USD - Oficial) 'targetCurrency' is a valid URL
  ✓  Item 10 ((MPC) Esquema USD - Oficial) 'self' link is valid URL
  GET https://api.staging.mercap.com.ar/exchange-schemes/c0f4f0d8-6db9-44b2-8679-019e8029e79a [200 OK, 987B, 199ms]
  ✓  Item 10 ((MPC) Esquema USD - Oficial) self link returns status 200

↳ Get exchange scheme by UUID
  GET https://api.staging.mercap.com.ar/exchange-schemes/150dd7f3-1420-4c76-8ed6-827667455276 [200 OK, 998B, 48ms]
  ✓  Response is received
  ✓  Status code is 200
  ✓  Media-Type is correct
  ┌
  │ 'Response has correct properties.'
  └
  ✓  Response has correct properties
  ┌
  │ 'targetCurrency belongs to the correct domain.'
  └
  ✓  TargetCurrency belongs to the correct domain
  ┌
  │ 'Self link is correct:', 'https://api.staging.mercap.c
  │ om.ar/exchange-schemes/150dd7f3-1420-4c76-8ed6-8276674
  │ 55276'
  └
  ✓  Self link is correct

❏ Pepper-GS32 / Regression-Test / Investments
↳ Create an investment
  ┌
  │ '▶ [undefined] Ejecutando con ticker: AL30'
  └
  GET https://api.staging.mercap.com.ar/tradable-securities?query=AL30&tradeDate=2026-09-04 [200 OK, 2.64kB, 55ms]
  ┌
  │ '📌 TRADABLE_SECURITY_URL: https://api.staging.mercap.
  │ com.ar/tradable-securities/6cfdf5ed-d8da-411a-8e86-b1b
  │ beef54f45'
  └
  POST https://api.staging.mercap.com.ar/investments [201 Created, 1.84kB, 2s]
  ┌
  │ 'Response received successfully with status 201 Create
  │ d.'
  └
  ✓  Response is received
  ┌
  │ 'Content-Type header is correct.'
  └
  ✓  Media-Type is correct
  ┌
  │ 'Response body is not empty.'
  └
  ✓  Response body is not empty
  ┌
  │ 'Response contains all expected properties.'
  └
  ✓  Response contains expected properties
  ┌
  │ 'No fields are null.'
  └
  ✓  No fields are null
  ┌
  │ 'Optional property exchangeRateSensitivity is present.
  │ '
  └
  ✓  Links contain expected mandatory and optional properties
  ┌
  │ 'All links are valid URLs.'
  └
  ✓  All links are valid URLs
  ┌
  │ 'Security link is valid.'
  └
  ✓  Security is a valid URL
  ┌
  │ 'Security link is correct:', 'https://api.staging.merc
  │ ap.com.ar/tradable-securities/6cfdf5ed-d8da-411a-8e86-
  │ b1bbeef54f45'
  └
  ✓  Security link is correct
  ┌
  │ 'Investment contains all expected properties.'
  └
  ✓  Investment contains expected properties
  ┌
  │ 'Settlement Date is correct.'
  └
  ✓  Settlement Date is correct
  ┌
  │ 'Investment Settlement Date is correct.'
  └
  ✓  Investment Settlement Date is correct
  ┌
  │ 'Asset amount is correct.'
  └
  ✓  Asset amount is correct
  ┌
  │ 'Every amount is correct.'
  └
  ✓  Every amount is correct
  ┌
  │ 'Price type is correct.'
  └
  ✓  Price type is correct
  ┌
  │ 'Price isDirty is true.'
  └
  ✓  Price isDirty is true
  ┌
  │ '✔ SELF_INVESTMENT =', 'https://api.staging.mercap.com
  │ .ar/investments/1'
  │ '✔ INTERNAL_RATE_OF_RETURN_SENSITIVITY =', 'https://ap
  │ i.staging.mercap.com.ar/investments/1/irr-sensitivity'
  │ '✔ INVESTMENT_METRICS =', 'https://api.staging.mercap.
  │ com.ar/investments/1/metrics'
  │ '✔ PRICE_SENSITIVITY =', 'https://api.staging.mercap.c
  │ om.ar/investments/1/price-sensitivity'
  │ '✔ EXCHANGE_RATE_SENSITIVITY =', 'https://api.staging.
  │ mercap.com.ar/investments/1/exchange-rate-sensitivity'
  └

↳ Get investment by ID
  ┌
  │ '▶ [undefined] Ejecutando con ticker: AL30'
  └
  GET https://api.staging.mercap.com.ar/tradable-securities?query=AL30&tradeDate=2026-09-04 [200 OK, 2.64kB, 46ms]
  ┌
  │ '📌 TRADABLE_SECURITY_URL: https://api.staging.mercap.
  │ com.ar/tradable-securities/6cfdf5ed-d8da-411a-8e86-b1b
  │ beef54f45'
  └
  GET https://api.staging.mercap.com.ar/investments/1 [200 OK, 1.85kB, 104ms]
  ┌
  │ 'Response received successfully with status 200 OK.'
  └
  ✓  Response is received
  ┌
  │ 'Content-Type header is correct.'
  └
  ✓  Media-Type is correct
  ┌
  │ 'Response body is not empty.'
  └
  ✓  Response body is not empty
  ┌
  │ 'Response contains all expected properties.'
  └
  ✓  Response contains expected properties
  ┌
  │ 'No fields are null.'
  └
  ✓  No fields are null
  ┌
  │ 'Optional property exchangeRateSensitivity is present.
  │ '
  └
  ✓  Links contain expected mandatory and optional properties
  ┌
  │ 'All links are valid URLs.'
  └
  ✓  All links are valid URLs
  ┌
  │ 'Security link is valid.'
  └
  ✓  Security is a valid URL
  ┌
  │ 'Security link is correct:', 'https://api.staging.merc
  │ ap.com.ar/tradable-securities/6cfdf5ed-d8da-411a-8e86-
  │ b1bbeef54f45'
  └
  ✓  Security link is correct
  ┌
  │ 'Investment contains all expected properties.'
  └
  ✓  Investment contains expected properties
  ┌
  │ 'Settlement Date is correct.'
  └
  ✓  Settlement Date is correct
  ┌
  │ 'Investment Settlement Date is correct.'
  └
  ✓  Investment Settlement Date is correct
  ┌
  │ 'Asset amount is correct.'
  └
  ✓  Asset amount is correct
  ┌
  │ 'Every amount is correct.'
  └
  ✓  Every amount is correct
  ┌
  │ 'Price type is correct.'
  └
  ✓  Price type is correct
  ┌
  │ 'Price isDirty is true.'
  └
  ✓  Price isDirty is true
  ┌
  │ '✔ SELF_INVESTMENT =', 'https://api.staging.mercap.com
  │ .ar/investments/1'
  │ '✔ INTERNAL_RATE_OF_RETURN_SENSITIVITY =', 'https://ap
  │ i.staging.mercap.com.ar/investments/1/irr-sensitivity'
  │ '✔ INVESTMENT_METRICS =', 'https://api.staging.mercap.
  │ com.ar/investments/1/metrics'
  │ '✔ PRICE_SENSITIVITY =', 'https://api.staging.mercap.c
  │ om.ar/investments/1/price-sensitivity'
  │ '✔ EXCHANGE_RATE_SENSITIVITY =', 'https://api.staging.
  │ mercap.com.ar/investments/1/exchange-rate-sensitivity'
  └

↳ Get investment metrics by ID
  ┌
  │ '▶ [undefined] Ejecutando con ticker: AL30'
  └
  GET https://api.staging.mercap.com.ar/tradable-securities?query=AL30&tradeDate=2026-09-04 [200 OK, 2.63kB, 47ms]
  ┌
  │ '📌 TRADABLE_SECURITY_URL: https://api.staging.mercap.
  │ com.ar/tradable-securities/6cfdf5ed-d8da-411a-8e86-b1b
  │ beef54f45'
  └
  GET https://api.staging.mercap.com.ar/investments/1/metrics [200 OK, 2.18kB, 5.4s]
  ✓  Response is received
  ✓  Status code is 200
  ✓  Media-Type is correct
  ✓  Response contains required properties
  ✓  Mandatory numeric fields have correct type
  ✓  lastQuote structure is valid when present
  ✓  lastIntradayQuote structure is valid
  ✓  Cost and residualAmount structure is valid
  ✓  Optional fields are valid when present
  ✓  Links object exists

↳ Get investment irr sensitivity by ID
  ┌
  │ '▶ [undefined] Ejecutando con ticker: AL30'
  └
  GET https://api.staging.mercap.com.ar/tradable-securities?query=AL30&tradeDate=2026-09-04 [200 OK, 2.64kB, 56ms]
  ┌
  │ '📌 TRADABLE_SECURITY_URL: https://api.staging.mercap.
  │ com.ar/tradable-securities/6cfdf5ed-d8da-411a-8e86-b1b
  │ beef54f45'
  └
  GET https://api.staging.mercap.com.ar/investments/1/irr-sensitivity [200 OK, 2.43kB, 2.9s]
  ✓  Response is received
  ✓  Status code is 200
  ✓  Media-Type is correct
  ✓  Response body is not empty
  ✓  No main fields are null
  ✓  Results array is valid
  ┌
  │ 'Baseline contains all mandatory properties.'
  └
  ✓  Baseline mandatory properties are present
  ✓  Baseline optional properties are valid when present
  ┌
  │ 'Result 1 contains all mandatory fields.'
  │ 'Result 2 contains all mandatory fields.'
  │ 'Result 3 contains all mandatory fields.'
  │ 'Result 4 contains all mandatory fields.'
  │ 'Result 5 contains all mandatory fields.'
  │ 'Result 6 contains all mandatory fields.'
  │ 'Result 7 contains all mandatory fields.'
  │ 'Result 8 contains all mandatory fields.'
  │ 'Result 9 contains all mandatory fields.'
  │ 'Result 10 contains all mandatory fields.'
  │ 'Result 11 contains all mandatory fields.'
  └
  ✓  Each result contains mandatory properties

↳ Get investment price sensitivity by ID
  ┌
  │ '▶ [undefined] Ejecutando con ticker: AL30'
  └
  GET https://api.staging.mercap.com.ar/tradable-securities?query=AL30&tradeDate=2026-09-04 [200 OK, 2.64kB, 161ms]
  ┌
  │ '📌 TRADABLE_SECURITY_URL: https://api.staging.mercap.
  │ com.ar/tradable-securities/6cfdf5ed-d8da-411a-8e86-b1b
  │ beef54f45'
  └
  GET https://api.staging.mercap.com.ar/investments/1/price-sensitivity [200 OK, 2.31kB, 659ms]
  ✓  Response is received
  ✓  Status code is 200
  ✓  Media-Type is correct
  ✓  Response body is not empty
  ✓  No main fields are null
  ✓  Results array is valid
  ┌
  │ 'Step contains numberOfBasisPoint: 500'
  └
  ✓  Step contains expected properties
  ┌
  │ 'Baseline contains all expected properties.'
  └
  ✓  Baseline contains expected properties
  ┌
  │ 'Result 1 contains all expected properties.'
  │ 'Result 2 contains all expected properties.'
  │ 'Result 3 contains all expected properties.'
  │ 'Result 4 contains all expected properties.'
  │ 'Result 5 contains all expected properties.'
  │ 'Result 6 contains all expected properties.'
  │ 'Result 7 contains all expected properties.'
  │ 'Result 8 contains all expected properties.'
  │ 'Result 9 contains all expected properties.'
  │ 'Result 10 contains all expected properties.'
  │ 'Result 11 contains all expected properties.'
  └
  ✓  Each result contains expected properties
  ✓  Check that properties in each 'results' have the expected format

↳ Get investment exchange rate sensitivity by ID
  ┌
  │ '▶ [undefined] Ejecutando con ticker: AL30'
  └
  GET https://api.staging.mercap.com.ar/tradable-securities?query=AL30&tradeDate=2026-09-04 [200 OK, 2.63kB, 39ms]
  ┌
  │ '📌 TRADABLE_SECURITY_URL: https://api.staging.mercap.
  │ com.ar/tradable-securities/6cfdf5ed-d8da-411a-8e86-b1b
  │ beef54f45'
  └
  GET https://api.staging.mercap.com.ar/investments/1/exchange-rate-sensitivity [200 OK, 2.51kB, 479ms]
  ✓  Response is received
  ✓  Status code is 200
  ✓  Media-Type is correct
  ✓  Response body is not empty
  ✓  No main fields are null
  ✓  Results array is valid
  ┌
  │ 'Step is correct: 0.01'
  └
  ✓  Step contains expected value
  ┌
  │ 'NumberOfScenarios is 10 and step is 0.01'
  └
  ✓  NumberOfScenarios and step have the expected values

❏ Pepper-GS32 / Regression-Test / Instrument Issuers
↳ Get all instrument issuers
  GET https://api.staging.mercap.com.ar/instrument-issuers [200 OK, 134.98kB, 483ms]
  ✓  Response is received
  ✓  Status code is 200
  ✓  Media-Type is correct
  ✓  Items array is present and not empty
  ✓  No duplicate names in items
  ✓  Links are unique for each item
  ✓  Self link matches expected URL
  ┌
  │ '✔ INSTRUMENT_ISSUERS_UUID seteado: https://api.stagin
  │ g.mercap.com.ar/instrument-issuers/6f5616c7-d1f0-4cd2-
  │ b4b3-bb99184712cf'
  └
  ✓  Item 1 (BCRA) contains expected properties
  ✓  Item 1 (BCRA) 'name' is a non-empty string
  ✓  Item 1 (BCRA) 'self' link is a valid URL
  ✓  Item 2 (Federal Reserve) contains expected properties
  ✓  Item 2 (Federal Reserve) 'name' is a non-empty string
  ✓  Item 2 (Federal Reserve) 'self' link is a valid URL
  ✓  Item 3 (Republica Argentina) contains expected properties
  ✓  Item 3 (Republica Argentina) 'name' is a non-empty string
  ✓  Item 3 (Republica Argentina) 'self' link is a valid URL
  ✓  Item 4 (BCE) contains expected properties
  ✓  Item 4 (BCE) 'name' is a non-empty string
  ✓  Item 4 (BCE) 'self' link is a valid URL
  ✓  Item 5 (Pcia. de Buenos Aires) contains expected properties
  ✓  Item 5 (Pcia. de Buenos Aires) 'name' is a non-empty string
  ✓  Item 5 (Pcia. de Buenos Aires) 'self' link is a valid URL
  ✓  Item 6 (Cdad. de Buenos Aires) contains expected properties
  ✓  Item 6 (Cdad. de Buenos Aires) 'name' is a non-empty string
  ✓  Item 6 (Cdad. de Buenos Aires) 'self' link is a valid URL
  ✓  Item 7 (Tesorería General de la Nación (Argentina)) contains expected properties
  ✓  Item 7 (Tesorería General de la Nación (Argentina)) 'name' is a non-empty string
  ✓  Item 7 (Tesorería General de la Nación (Argentina)) 'self' link is a valid URL
  ✓  Item 8 (Pcia. de Chaco) contains expected properties
  ✓  Item 8 (Pcia. de Chaco) 'name' is a non-empty string
  ✓  Item 8 (Pcia. de Chaco) 'self' link is a valid URL
  ✓  Item 9 (Pcia. de Chubut) contains expected properties
  ✓  Item 9 (Pcia. de Chubut) 'name' is a non-empty string
  ✓  Item 9 (Pcia. de Chubut) 'self' link is a valid URL
  ✓  Item 10 (Pcia. de Entre Ríos) contains expected properties
  ✓  Item 10 (Pcia. de Entre Ríos) 'name' is a non-empty string
  ✓  Item 10 (Pcia. de Entre Ríos) 'self' link is a valid URL
  GET https://api.staging.mercap.com.ar/instrument-issuers/6f5616c7-d1f0-4cd2-b4b3-bb99184712cf   GET https://api.staging.mercap.com.ar/instrument-issuers/89874250-34f0-4358-a261-c13ce5bac46a   GET https://api.staging.mercap.com.ar/instrument-issuers/6dbaafee-d41d-4262-a53e-9df48c0de55a   GET https://api.staging.mercap.com.ar/instrument-issuers/383ff553-5419-4d7a-888d-48c68b1abcd4   GET https://api.staging.mercap.com.ar/instrument-issuers/0cf0cba4-9ccc-4904-9a26-68666dba6568   GET https://api.staging.mercap.com.ar/instrument-issuers/26e53912-2587-4855-9c61-d5e4915b3e49   GET https://api.staging.mercap.com.ar/instrument-issuers/b11a569e-610e-4519-b775-c6cd35dc72fc   GET https://api.staging.mercap.com.ar/instrument-issuers/8d1ba67d-5751-4ccc-8f59-242234628a68   GET https://api.staging.mercap.com.ar/instrument-issuers/88400bd6-f8f5-4da4-91d2-ad6fea90a273   GET https://api.staging.mercap.com.ar/instrument-issuers/66da8712-1d05-4180-b17f-27df7c13b8e2 [200 OK, 867B, 149ms]
  ✓  Item 6 (Cdad. de Buenos Aires) self link returns status 200
[200 OK, 892B, 155ms]
  ✓  Item 7 (Tesorería General de la Nación (Argentina)) self link returns status 200
[200 OK, 863B, 171ms]
  ✓  Item 3 (Republica Argentina) self link returns status 200
[200 OK, 853B, 165ms]
  ✓  Item 4 (BCE) self link returns status 200
[200 OK, 865B, 170ms]
  ✓  Item 9 (Pcia. de Chubut) self link returns status 200
[200 OK, 863B, 183ms]
  ✓  Item 2 (Federal Reserve) self link returns status 200
[200 OK, 854B, 188ms]
  ✓  Item 1 (BCRA) self link returns status 200
[200 OK, 870B, 249ms]
  ✓  Item 8 (Pcia. de Chaco) self link returns status 200
[200 OK, 871B, 352ms]
  ✓  Item 5 (Pcia. de Buenos Aires) self link returns status 200
[200 OK, 876B, 350ms]
  ✓  Item 10 (Pcia. de Entre Ríos) self link returns status 200

↳ Get instrument issuers by UUID
  GET https://api.staging.mercap.com.ar/instrument-issuers/6f5616c7-d1f0-4cd2-b4b3-bb99184712cf [200 OK, 852B, 173ms]
  ✓  Response is received
  ✓  Status code is 200
  ✓  Media-Type is correct
  ┌
  │ 'Response has correct properties (including optional l
  │ inks).'
  └
  ✓  Response has correct properties
  ┌
  │ 'Self link is correct:', 'https://api.staging.mercap.c
  │ om.ar/instrument-issuers/6f5616c7-d1f0-4cd2-b4b3-bb991
  │ 84712cf'
  └
  ✓  Self link is correct

❏ Pepper-GS32 / Regression-Test / Markets
↳ Get all markets
  GET https://api.staging.mercap.com.ar/markets [200 OK, 1.53kB, 341ms]
  ✓  Response is received
  ✓  Status code is 200
  ✓  Media-Type is correct
  ✓  Items array is present and not empty
  ✓  No duplicate names in items
  ✓  Links are unique for each item
  ✓  Self link matches expected URL
  ┌
  │ '✔ MARKETS_UUID seteado: https://api.staging.mercap.co
  │ m.ar/markets/4caa715b-06cb-428f-ac4c-f40a872a1064'
  └
  ✓  Item 1 (BYMA) contains expected properties
  ✓  Item 1 (BYMA) 'name' is a non-empty string
  ✓  Item 1 (BYMA) 'self' link is a valid URL
  ✓  Item 2 (Mercado Internacional) contains expected properties
  ✓  Item 2 (Mercado Internacional) 'name' is a non-empty string
  ✓  Item 2 (Mercado Internacional) 'self' link is a valid URL
  ✓  Item 3 (Mercado de Fondos) contains expected properties
  ✓  Item 3 (Mercado de Fondos) 'name' is a non-empty string
  ✓  Item 3 (Mercado de Fondos) 'self' link is a valid URL
  ✓  Item 4 (VALMERCAP) contains expected properties
  ✓  Item 4 (VALMERCAP) 'name' is a non-empty string
  ✓  Item 4 (VALMERCAP) 'self' link is a valid URL
  ✓  Item 5 (OTC) contains expected properties
  ✓  Item 5 (OTC) 'name' is a non-empty string
  ✓  Item 5 (OTC) 'self' link is a valid URL
  ✓  Item 6 (CBONDS) contains expected properties
  ✓  Item 6 (CBONDS) 'name' is a non-empty string
  ✓  Item 6 (CBONDS) 'self' link is a valid URL
  GET https://api.staging.mercap.com.ar/markets/4caa715b-06cb-428f-ac4c-f40a872a1064   GET https://api.staging.mercap.com.ar/markets/48ad8a13-23a9-4a7d-81bb-32d0f7135f83   GET https://api.staging.mercap.com.ar/markets/400215b2-e24b-45a2-b0bc-ba3fee932ba2   GET https://api.staging.mercap.com.ar/markets/09f99b78-0440-48d1-a438-44d1e798d774   GET https://api.staging.mercap.com.ar/markets/8d92b182-30ea-4bc0-9d84-d221a606bc91   GET https://api.staging.mercap.com.ar/markets/384d384f-5c45-4d90-9ead-f022c6b970f6 [200 OK, 847B, 109ms]
  ✓  Item 5 (OTC) self link returns status 200
[200 OK, 856B, 112ms]
  ✓  Item 6 (CBONDS) self link returns status 200
[200 OK, 855B, 118ms]
  ✓  Item 4 (VALMERCAP) self link returns status 200
[200 OK, 867B, 208ms]
  ✓  Item 3 (Mercado de Fondos) self link returns status 200
[200 OK, 865B, 213ms]
  ✓  Item 2 (Mercado Internacional) self link returns status 200
[200 OK, 848B, 222ms]
  ✓  Item 1 (BYMA) self link returns status 200

↳ Get markets by UUID
  GET https://api.staging.mercap.com.ar/markets/4caa715b-06cb-428f-ac4c-f40a872a1064 [200 OK, 861B, 59ms]
  ✓  Response is received
  ✓  Status code is 200
  ✓  Media-Type is correct
  ┌
  │ 'Response has correct properties.'
  └
  ✓  Response has correct properties
  ┌
  │ 'Self link is correct:', 'https://api.staging.mercap.c
  │ om.ar/markets/4caa715b-06cb-428f-ac4c-f40a872a1064'
  └
  ✓  Self link is correct

❏ Pepper-GS32 / Regression-Test / Mutual Fund Types
↳ Get all mutual fund types
  GET https://api.staging.mercap.com.ar/mutual-fund-types [200 OK, 1.54kB, 89ms]
  ✓  Response is received
  ✓  Status code is 200
  ✓  Media-Type is correct
  ✓  Items array is present and not empty
  ✓  No duplicate names in items
  ✓  Links are unique for each item
  ✓  Self link matches expected URL
  ┌
  │ '✔ MUTUAL_FUND_TYPES_UUID seteado: https://api.staging
  │ .mercap.com.ar/mutual-fund-types/01d9b1af-d6e9-43a8-a1
  │ 0a-6675bdf9992c'
  └
  ✓  Item 1 (Renta Fija) contains expected properties
  ✓  Item 1 (Renta Fija) 'name' is a non-empty string
  ✓  Item 1 (Renta Fija) 'self' link is a valid URL
  ✓  Item 2 (Renta Variable) contains expected properties
  ✓  Item 2 (Renta Variable) 'name' is a non-empty string
  ✓  Item 2 (Renta Variable) 'self' link is a valid URL
  ✓  Item 3 (Mixto) contains expected properties
  ✓  Item 3 (Mixto) 'name' is a non-empty string
  ✓  Item 3 (Mixto) 'self' link is a valid URL
  ✓  Item 4 (Money Market) contains expected properties
  ✓  Item 4 (Money Market) 'name' is a non-empty string
  ✓  Item 4 (Money Market) 'self' link is a valid URL
  ✓  Item 5 (Infraestructura) contains expected properties
  ✓  Item 5 (Infraestructura) 'name' is a non-empty string
  ✓  Item 5 (Infraestructura) 'self' link is a valid URL
  ✓  Item 6 (Otros) contains expected properties
  ✓  Item 6 (Otros) 'name' is a non-empty string
  ✓  Item 6 (Otros) 'self' link is a valid URL
  ┌
  │ "At least one item has 'Renta Variable' as name."
  └
  ✓  At least one item has 'Renta Variable' as name
  GET https://api.staging.mercap.com.ar/mutual-fund-types/01d9b1af-d6e9-43a8-a10a-6675bdf9992c   GET https://api.staging.mercap.com.ar/mutual-fund-types/5b136c50-48ff-4147-ba18-458b6915bb08   GET https://api.staging.mercap.com.ar/mutual-fund-types/8ad01c33-186b-4ca7-8b05-37afe197fa52   GET https://api.staging.mercap.com.ar/mutual-fund-types/fe2a9cf8-c614-4815-89fa-60892afad14e   GET https://api.staging.mercap.com.ar/mutual-fund-types/ebf42d78-8395-4bd0-8dbb-048976b7a2f5   GET https://api.staging.mercap.com.ar/mutual-fund-types/c53586fa-4327-459b-b059-1e75dc824816 [200 OK, 865B, 80ms]
  ✓  Item 5 (Infraestructura) self link returns status 200
[200 OK, 860B, 83ms]
  ✓  Item 1 (Renta Fija) self link returns status 200
[200 OK, 866B, 97ms]
  ✓  Item 4 (Money Market) self link returns status 200
[200 OK, 853B, 98ms]
  ✓  Item 6 (Otros) self link returns status 200
[200 OK, 853B, 187ms]
  ✓  Item 3 (Mixto) self link returns status 200
[200 OK, 864B, 189ms]
  ✓  Item 2 (Renta Variable) self link returns status 200

↳ Get mutual fund type by UUID
  GET https://api.staging.mercap.com.ar/mutual-fund-types/01d9b1af-d6e9-43a8-a10a-6675bdf9992c [200 OK, 866B, 171ms]
  ✓  Response is received
  ✓  Status code is 200
  ✓  Media-Type is correct
  ┌
  │ 'Response has the correct properties.'
  └
  ✓  Response has correct properties
  ┌
  │ 'Self link is correct:', 'https://api.staging.mercap.c
  │ om.ar/mutual-fund-types/01d9b1af-d6e9-43a8-a10a-6675bd
  │ f9992c'
  └
  ✓  Self link is correct

❏ Pepper-GS32 / Regression-Test / Mutual Fund Shares
↳ Get all mutual fund shares
  GET https://api.staging.mercap.com.ar/mutual-fund-shares [200 OK, 5.14kB, 195ms]
  ✓  Response is received
  ✓  Status code is 200
  ✓  Media-Type is correct
  ✓  Items array is present
  ✓  No duplicate names in items
  ✓  Links are unique for each item
  ✓  Self link matches expected URL
  ┌
  │ '✔ MUTUAL_FUND_SHARE_UUID seteado: https://api.staging
  │ .mercap.com.ar/mutual-fund-shares/b45091ea-b613-47c1-8
  │ 1b5-955f6e689f4d'
  │ '▶ Testing Item 1 (Gainvest Renta Variable - Clase A)'
  └
  ✓  Item 1 (Gainvest Renta Variable - Clase A) contains expected properties
  ✓  Item 1 (Gainvest Renta Variable - Clase A) 'name' is a non-empty string
  ✓  Item 1 (Gainvest Renta Variable - Clase A) 'issueCurrency' is a valid URL
  ✓  Item 1 (Gainvest Renta Variable - Clase A) 'smallestDenomination' has valid values
  ┌
  │ '▶ Testing Item 2 (Gainvest Renta Variable - Clase B)'
  └
  ✓  Item 2 (Gainvest Renta Variable - Clase B) contains expected properties
  ✓  Item 2 (Gainvest Renta Variable - Clase B) 'name' is a non-empty string
  ✓  Item 2 (Gainvest Renta Variable - Clase B) 'issueCurrency' is a valid URL
  ✓  Item 2 (Gainvest Renta Variable - Clase B) 'smallestDenomination' has valid values
  ┌
  │ '▶ Testing Item 3 (Pellegrini Renta Fija - Clase A)'
  └
  ✓  Item 3 (Pellegrini Renta Fija - Clase A) contains expected properties
  ✓  Item 3 (Pellegrini Renta Fija - Clase A) 'name' is a non-empty string
  ✓  Item 3 (Pellegrini Renta Fija - Clase A) 'issueCurrency' is a valid URL
  ✓  Item 3 (Pellegrini Renta Fija - Clase A) 'smallestDenomination' has valid values
  ┌
  │ '▶ Testing Item 4 (Pellegrini Renta Fija - Clase B)'
  └
  ✓  Item 4 (Pellegrini Renta Fija - Clase B) contains expected properties
  ✓  Item 4 (Pellegrini Renta Fija - Clase B) 'name' is a non-empty string
  ✓  Item 4 (Pellegrini Renta Fija - Clase B) 'issueCurrency' is a valid URL
  ✓  Item 4 (Pellegrini Renta Fija - Clase B) 'smallestDenomination' has valid values
  ┌
  │ '▶ Testing Item 5 (Pellegrini Renta Publica Federal - 
  │ Clase A)'
  └
  ✓  Item 5 (Pellegrini Renta Publica Federal - Clase A) contains expected properties
  ✓  Item 5 (Pellegrini Renta Publica Federal - Clase A) 'name' is a non-empty string
  ✓  Item 5 (Pellegrini Renta Publica Federal - Clase A) 'issueCurrency' is a valid URL
  ✓  Item 5 (Pellegrini Renta Publica Federal - Clase A) 'smallestDenomination' has valid values
  ┌
  │ '▶ Testing Item 6 (Pellegrini Renta Publica Federal - 
  │ Clase B)'
  └
  ✓  Item 6 (Pellegrini Renta Publica Federal - Clase B) contains expected properties
  ✓  Item 6 (Pellegrini Renta Publica Federal - Clase B) 'name' is a non-empty string
  ✓  Item 6 (Pellegrini Renta Publica Federal - Clase B) 'issueCurrency' is a valid URL
  ✓  Item 6 (Pellegrini Renta Publica Federal - Clase B) 'smallestDenomination' has valid values
  ┌
  │ '▶ Testing Item 7 (Alpha Renta Fija Serie 4 - Clase A)
  │ '
  └
  ✓  Item 7 (Alpha Renta Fija Serie 4 - Clase A) contains expected properties
  ✓  Item 7 (Alpha Renta Fija Serie 4 - Clase A) 'name' is a non-empty string
  ✓  Item 7 (Alpha Renta Fija Serie 4 - Clase A) 'issueCurrency' is a valid URL
  ✓  Item 7 (Alpha Renta Fija Serie 4 - Clase A) 'smallestDenomination' has valid values
  ┌
  │ '▶ Testing Item 8 (Alpha Renta Fija Serie 4 - Clase B)
  │ '
  └
  ✓  Item 8 (Alpha Renta Fija Serie 4 - Clase B) contains expected properties
  ✓  Item 8 (Alpha Renta Fija Serie 4 - Clase B) 'name' is a non-empty string
  ✓  Item 8 (Alpha Renta Fija Serie 4 - Clase B) 'issueCurrency' is a valid URL
  ✓  Item 8 (Alpha Renta Fija Serie 4 - Clase B) 'smallestDenomination' has valid values
  ┌
  │ '▶ Testing Item 9 (Alpha Pesos - Clase A)'
  └
  ✓  Item 9 (Alpha Pesos - Clase A) contains expected properties
  ✓  Item 9 (Alpha Pesos - Clase A) 'name' is a non-empty string
  ✓  Item 9 (Alpha Pesos - Clase A) 'issueCurrency' is a valid URL
  ✓  Item 9 (Alpha Pesos - Clase A) 'smallestDenomination' has valid values
  ┌
  │ '▶ Testing Item 10 (Alpha Pesos - Clase B)'
  └
  ✓  Item 10 (Alpha Pesos - Clase B) contains expected properties
  ✓  Item 10 (Alpha Pesos - Clase B) 'name' is a non-empty string
  ✓  Item 10 (Alpha Pesos - Clase B) 'issueCurrency' is a valid URL
  ✓  Item 10 (Alpha Pesos - Clase B) 'smallestDenomination' has valid values
  GET https://api.staging.mercap.com.ar/mutual-fund-shares/b45091ea-b613-47c1-81b5-955f6e689f4d   GET https://api.staging.mercap.com.ar/mutual-fund-shares/e6dd7274-3da3-4fa9-8058-cb4cf0bfa2c5   GET https://api.staging.mercap.com.ar/mutual-fund-shares/2943749b-fd71-483c-8bc2-d0f88763254f   GET https://api.staging.mercap.com.ar/mutual-fund-shares/506c915b-6e58-4a0d-96c2-a1be22065424   GET https://api.staging.mercap.com.ar/mutual-fund-shares/13854960-b51d-4b8c-a67e-4dccc3495fff   GET https://api.staging.mercap.com.ar/mutual-fund-shares/bfe687a7-17f7-41c6-89ab-5ec793d05b88   GET https://api.staging.mercap.com.ar/mutual-fund-shares/6e5ddd18-7bb6-4ee5-8fae-143a7780f92d   GET https://api.staging.mercap.com.ar/mutual-fund-shares/d9221c2a-4e98-424b-993e-174ac44e02dd   GET https://api.staging.mercap.com.ar/mutual-fund-shares/86836316-069d-4c49-9a7f-2bb1b3290380   GET https://api.staging.mercap.com.ar/mutual-fund-shares/63e912ff-869b-4cf4-8eb8-7dec0a9736de [200 OK, 1.14kB, 149ms]
  ✓  Item 3 (Pellegrini Renta Fija - Clase A) self link returns status 200
[200 OK, 1.17kB, 152ms]
  ✓  Item 5 (Pellegrini Renta Publica Federal - Clase A) self link returns status 200
[200 OK, 1.16kB, 152ms]
  ✓  Item 7 (Alpha Renta Fija Serie 4 - Clase A) self link returns status 200
[200 OK, 1.14kB, 158ms]
  ✓  Item 9 (Alpha Pesos - Clase A) self link returns status 200
[200 OK, 1.13kB, 163ms]
  ✓  Item 1 (Gainvest Renta Variable - Clase A) self link returns status 200
[200 OK, 1.16kB, 174ms]
  ✓  Item 8 (Alpha Renta Fija Serie 4 - Clase B) self link returns status 200
[200 OK, 1.13kB, 178ms]
  ✓  Item 2 (Gainvest Renta Variable - Clase B) self link returns status 200
[200 OK, 1.15kB, 184ms]
  ✓  Item 4 (Pellegrini Renta Fija - Clase B) self link returns status 200
[200 OK, 1.17kB, 186ms]
  ✓  Item 6 (Pellegrini Renta Publica Federal - Clase B) self link returns status 200
[200 OK, 1.14kB, 255ms]
  ✓  Item 10 (Alpha Pesos - Clase B) self link returns status 200

↳ Get mutual fund share by UUID
  ┌
  │ '🚀 Ejecutando request para UUID: https://api.staging.
  │ mercap.com.ar/mutual-fund-shares/b45091ea-b613-47c1-81
  │ b5-955f6e689f4d'
  └
  GET https://api.staging.mercap.com.ar/mutual-fund-shares/b45091ea-b613-47c1-81b5-955f6e689f4d [200 OK, 1.15kB, 52ms]
  ✓  Response is received
  ✓  Status code is 200
  ✓  Media-Type is correct
  ┌
  │ 'Response has correct properties.'
  └
  ✓  Response has correct properties
  ┌
  │ 'Self link is correct:', 'https://api.staging.mercap.c
  │ om.ar/mutual-fund-shares/b45091ea-b613-47c1-81b5-955f6
  │ e689f4d'
  └
  ✓  Self link is correct
  ┌
  │ "smallestDenomination base is '1'."
  └
  ✓  smallestDenomination base is '1'
  ┌
  │ "smallestDenomination increment is '1'."
  └
  ✓  smallestDenomination increment is '1'

❏ Pepper-GS32 / Regression-Test / Stocks
↳ Get all stocks
  GET https://api.staging.mercap.com.ar/stocks [200 OK, 4.32kB, 188ms]
  ✓  Response is received
  ✓  Status code is 200
  ✓  Media-Type is correct
  ✓  Items array is present
  ✓  No duplicate names in items
  ✓  Links are unique for each item
  ✓  Self link matches expected URL
  ┌
  │ '✔ STOCKS_UUID seteado: https://api.staging.mercap.com
  │ .ar/stocks/6ff2eccb-d13f-49d1-9f6e-afda6e43ab96'
  │ '\n▶ Testing Item 1 (A3.BA)'
  └
  ✓  Item 1 (A3.BA) contains expected properties
  ✓  Item 1 (A3.BA) 'name' is a non-empty string
  ✓  Item 1 (A3.BA) 'issuer' is a non-empty string
  ✓  Item 1 (A3.BA) 'issueCurrency' is a valid URL
  ✓  Item 1 (A3.BA) 'self' link is a valid URL
  GET https://api.staging.mercap.com.ar/stocks/6ff2eccb-d13f-49d1-9f6e-afda6e43ab96 [200 OK, 1.05kB, 171ms]
  ✓  Item 1 (A3.BA) self link returns status 200
  ┌
  │ '\n▶ Testing Item 2 (AAL.BA)'
  └
  ✓  Item 2 (AAL.BA) contains expected properties
  ✓  Item 2 (AAL.BA) 'name' is a non-empty string
  ✓  Item 2 (AAL.BA) 'issuer' is a non-empty string
  ✓  Item 2 (AAL.BA) 'issueCurrency' is a valid URL
  ✓  Item 2 (AAL.BA) 'self' link is a valid URL
  GET https://api.staging.mercap.com.ar/stocks/7480a764-16d4-48fb-965f-ff92f84ed477 [200 OK, 1.08kB, 196ms]
  ✓  Item 2 (AAL.BA) self link returns status 200
  ┌
  │ '\n▶ Testing Item 3 (AAP.BA)'
  └
  ✓  Item 3 (AAP.BA) contains expected properties
  ✓  Item 3 (AAP.BA) 'name' is a non-empty string
  ✓  Item 3 (AAP.BA) 'issuer' is a non-empty string
  ✓  Item 3 (AAP.BA) 'issueCurrency' is a valid URL
  ✓  Item 3 (AAP.BA) 'self' link is a valid URL
  GET https://api.staging.mercap.com.ar/stocks/b36e04ad-6d91-47a4-8eaa-1d831dad62d3 [200 OK, 1.07kB, 197ms]
  ✓  Item 3 (AAP.BA) self link returns status 200
  ┌
  │ '\n▶ Testing Item 4 (AAPL.BA)'
  └
  ✓  Item 4 (AAPL.BA) contains expected properties
  ✓  Item 4 (AAPL.BA) 'name' is a non-empty string
  ✓  Item 4 (AAPL.BA) 'issuer' is a non-empty string
  ✓  Item 4 (AAPL.BA) 'issueCurrency' is a valid URL
  ✓  Item 4 (AAPL.BA) 'self' link is a valid URL
  GET https://api.staging.mercap.com.ar/stocks/2d21bb48-4e8c-498d-b0a2-f30db68511ea [200 OK, 1.05kB, 216ms]
  ✓  Item 4 (AAPL.BA) self link returns status 200
  ┌
  │ '\n▶ Testing Item 5 (ABBV.BA)'
  └
  ✓  Item 5 (ABBV.BA) contains expected properties
  ✓  Item 5 (ABBV.BA) 'name' is a non-empty string
  ✓  Item 5 (ABBV.BA) 'issuer' is a non-empty string
  ✓  Item 5 (ABBV.BA) 'issueCurrency' is a valid URL
  ✓  Item 5 (ABBV.BA) 'self' link is a valid URL
  GET https://api.staging.mercap.com.ar/stocks/14dafd91-1407-4e04-a0a6-c91c04faf5fe [200 OK, 1.05kB, 178ms]
  ✓  Item 5 (ABBV.BA) self link returns status 200
  ┌
  │ '\n▶ Testing Item 6 (ABEV.BA)'
  └
  ✓  Item 6 (ABEV.BA) contains expected properties
  ✓  Item 6 (ABEV.BA) 'name' is a non-empty string
  ✓  Item 6 (ABEV.BA) 'issuer' is a non-empty string
  ✓  Item 6 (ABEV.BA) 'issueCurrency' is a valid URL
  ✓  Item 6 (ABEV.BA) 'self' link is a valid URL
  GET https://api.staging.mercap.com.ar/stocks/41590ed6-55a6-4c2f-a318-7d21c131216e [200 OK, 1.06kB, 194ms]
  ✓  Item 6 (ABEV.BA) self link returns status 200
  ┌
  │ '\n▶ Testing Item 7 (ABNB.BA)'
  └
  ✓  Item 7 (ABNB.BA) contains expected properties
  ✓  Item 7 (ABNB.BA) 'name' is a non-empty string
  ✓  Item 7 (ABNB.BA) 'issuer' is a non-empty string
  ✓  Item 7 (ABNB.BA) 'issueCurrency' is a valid URL
  ✓  Item 7 (ABNB.BA) 'self' link is a valid URL
  GET https://api.staging.mercap.com.ar/stocks/e3684bf6-56f5-4c13-97e7-16a34173a060 [200 OK, 1.06kB, 211ms]
  ✓  Item 7 (ABNB.BA) self link returns status 200
  ┌
  │ '\n▶ Testing Item 8 (ABT.BA)'
  └
  ✓  Item 8 (ABT.BA) contains expected properties
  ✓  Item 8 (ABT.BA) 'name' is a non-empty string
  ✓  Item 8 (ABT.BA) 'issuer' is a non-empty string
  ✓  Item 8 (ABT.BA) 'issueCurrency' is a valid URL
  ✓  Item 8 (ABT.BA) 'self' link is a valid URL
  GET https://api.staging.mercap.com.ar/stocks/e901db1d-386b-4c80-b6ee-252367b8fe07 [200 OK, 1.06kB, 184ms]
  ✓  Item 8 (ABT.BA) self link returns status 200
  ┌
  │ '\n▶ Testing Item 9 (ACN.BA)'
  └
  ✓  Item 9 (ACN.BA) contains expected properties
  ✓  Item 9 (ACN.BA) 'name' is a non-empty string
  ✓  Item 9 (ACN.BA) 'issuer' is a non-empty string
  ✓  Item 9 (ACN.BA) 'issueCurrency' is a valid URL
  ✓  Item 9 (ACN.BA) 'self' link is a valid URL
  GET https://api.staging.mercap.com.ar/stocks/d7cc9c4a-da99-458d-b18b-08ec11ac9540 [200 OK, 1.05kB, 200ms]
  ✓  Item 9 (ACN.BA) self link returns status 200
  ┌
  │ '\n▶ Testing Item 10 (ACWI.BA)'
  └
  ✓  Item 10 (ACWI.BA) contains expected properties
  ✓  Item 10 (ACWI.BA) 'name' is a non-empty string
  ✓  Item 10 (ACWI.BA) 'issuer' is a non-empty string
  ✓  Item 10 (ACWI.BA) 'issueCurrency' is a valid URL
  ✓  Item 10 (ACWI.BA) 'self' link is a valid URL
  GET https://api.staging.mercap.com.ar/stocks/54692919-4306-4c23-8323-4f26f6a08af6 [200 OK, 1.08kB, 98ms]
  ✓  Item 10 (ACWI.BA) self link returns status 200
  ┌
  │ '✔ Finished testing stocks (or no stocks to test)'
  └

↳ Get stocks by UUID
  ┌
  │ '🚀 Ejecutando request para Stock UUID: https://api.st
  │ aging.mercap.com.ar/stocks/6ff2eccb-d13f-49d1-9f6e-afd
  │ a6e43ab96'
  └
  GET https://api.staging.mercap.com.ar/stocks/6ff2eccb-d13f-49d1-9f6e-afda6e43ab96 [200 OK, 1.06kB, 43ms]
  ✓  Response is received
  ✓  Status code is 200
  ✓  Media-Type is correct
  ┌
  │ 'Response has correct properties.'
  └
  ✓  Response has correct properties
  ┌
  │ 'Self link is correct:', 'https://api.staging.mercap.c
  │ om.ar/stocks/6ff2eccb-d13f-49d1-9f6e-afda6e43ab96'
  └
  ✓  Self link is correct
  ┌
  │ "smallestDenomination base is '1'."
  └
  ✓  smallestDenomination base is '1'
  ┌
  │ "smallestDenomination increment is '1'."
  └
  ✓  smallestDenomination increment is '1'

❏ Pepper-GS32 / Regression-Test / Tradable Securities
↳ Get tradable securities using only mandatory filters
  ┌
  │ '▶ [undefined] Ejecutando con ticker: AL30'
  │ '📅 VALUATION_DATE seteado a: 2026-09-04'
  └
  GET https://api.staging.mercap.com.ar/tradable-securities?tradeDate=2026-09-04 [200 OK, 13.13kB, 2.4s]
  ✓  Response is received
  ✓  Status code is 200
  ✓  Media-Type is correct
  ✓  Items array is present and not empty
  ✓  Each item has correct properties
  ✓  No duplicate tickers in items
  ✓  Links are unique for each tradable security
  ✓  TradingEvery has value 100 or 1000 for each item
  ✓  Security.type has value Bond for each item
  ✓  Self link is present and has correct structure

↳ Get tradable securities using optional filters - only query
  ┌
  │ '▶ [undefined] Ejecutando con ticker: AL30'
  │ '📅 VALUATION_DATE seteado a: 2026-09-04'
  └
  GET https://api.staging.mercap.com.ar/tradable-securities?tradeDate=2026-09-04&query=AL30 [200 OK, 2.63kB, 2s]
  ✓  Response is received
  ✓  Status code is 200
  ✓  Media-Type is correct
  ✓  Items array is present and not empty
  ✓  Each item has correct properties
  ✓  No duplicate tickers in items
  ✓  Links are unique for each tradable security
  ✓  TradingEvery has value 100 or 1000 for each item
  ✓  Security.type has value Bond for each item
  ┌
  │ '✔ TS_SELF: https://api.staging.mercap.com.ar/tradable
  │ -securities/6cfdf5ed-d8da-411a-8e86-b1bbeef54f45'
  │ '✔ TS_METRICS: https://api.staging.mercap.com.ar/trada
  │ ble-securities/6cfdf5ed-d8da-411a-8e86-b1bbeef54f45/me
  │ trics'
  └

↳ Get tradable securities using optional filters - only type
  ┌
  │ '▶ [undefined] Ejecutando con ticker: AL30'
  │ '📅 VALUATION_DATE seteado a: 2026-09-04'
  └
  GET https://api.staging.mercap.com.ar/tradable-securities?tradeDate=2026-09-04&type=Bond [200 OK, 13.18kB, 1918ms]
  ✓  Response is received
  ✓  Status code is 200
  ✓  Media-Type is correct
  ✓  Items array is present and not empty
  ✓  Each item has correct properties
  ✓  No duplicate tickers in items
  ✓  Links are unique for each tradable security
  ✓  TradingEvery has value 100 or 1000 for each item
  ✓  Security.type has value Bond for each item
  ✓  Self link is present and has correct structure

↳ Get tradable securities using optional filters - only market
  ┌
  │ '▶ [undefined] Ejecutando con ticker: AL30'
  │ '📅 VALUATION_DATE seteado a: 2026-09-04'
  │ '🌍 Ubicación: Argentina | 📈 Market asignado: BYMA'
  └
  GET https://api.staging.mercap.com.ar/tradable-securities?tradeDate=2026-09-04&market=BYMA [200 OK, 13.1kB, 1847ms]
  ✓  Response is received
  ✓  Status code is 200
  ✓  Media-Type is correct
  ✓  Items array is present and not empty
  ✓  Each item has correct properties
  ✓  No duplicate tickers in items
  ✓  Links are unique for each tradable security
  ✓  TradingEvery has value 100 or 1000 for each item
  ✓  Security.type has value Bond for each item
  ✓  Self link is present and has correct structure

↳ Get tradable security by UUID
  ┌
  │ '▶ [undefined] Ejecutando con ticker: AL30'
  └
  GET https://api.staging.mercap.com.ar/tradable-securities/6cfdf5ed-d8da-411a-8e86-b1bbeef54f45 [200 OK, 1.33kB, 140ms]
  ┌
  │ 'Response received successfully.'
  └
  ✓  Response is received
  ┌
  │ 'Status code is 200.'
  └
  ✓  Status code is 200
  ┌
  │ 'Content-Type header is correct.'
  └
  ✓  Media-Type is correct
  ┌
  │ 'Each item has the correct properties (Validated as si
  │ ngle object)'
  └
  ✓  Each item has correct properties
  ┌
  │ 'Type is Bond.'
  └
  ✓  Type is Bond
  ┌
  │ 'tradingEvery validated correctly.'
  └
  ✓  TradingEvery has value 100 or 1000 for each item
  ✓  Ticker on response is the expected

↳ Get tradable security metrics
  ┌
  │ '▶ [undefined] Ejecutando con ticker: AL30'
  └
  GET https://api.staging.mercap.com.ar/tradable-securities/6cfdf5ed-d8da-411a-8e86-b1bbeef54f45/metrics [200 OK, 2.42kB, 215ms]
  ✓  Response is received
  ✓  Status code is 200
  ✓  Media-Type is correct
  ✓  Response contains expected properties
  ✓  Numeric values are valid
  ✓  All dates are valid (YYYY-MM-DD)
  ✓  Last quote contains expected properties
  ✓  Last intraday quote contains expected properties
  ┌
  │ 'Verified every.amount is 100 for Argentina'
  └
  ✓  Every.amount logic is correct based on location
  ✓  Links are valid URLs
  ✓  Cost and ResidualAmount are valid objects
  ✓  Coupon yearly rate is valid
  ✓  Links match environment variables

↳ Get tradable securities using optional filters - ticker & tradeDate
  ┌
  │ '▶ [undefined] Ejecutando con ticker: AL30'
  └
  GET https://api.staging.mercap.com.ar/bonds?shortName=AL30 [200 OK, 5.85kB, 501ms]
  GET https://api.staging.mercap.com.ar/tradable-securities?security=https://api.staging.mercap.com.ar/bonds/ecfe885d-8163-4222-acb1-f7020cf05a4a&tradeDate=2026-09-04 [200 OK, 1.95kB, 2.8s]
  ✓  items es un array no vacío
  ✓  ticker es string no vacío
  ✓  quoteInformation existe y no esta vacio
  ✓  quotedType es valor permitido 
  ✓  quotedAmount es número positivo
  ✓  quoted es string no vacío
  ✓  currency es valor permitido (ARS, USD, BRL)
  ✓  settlementLocation es valor permitido (Local, Extranjero)
  ✓  links existe y es objeto
  ✓  links.self es URL válida con UUID
  ✓  links.metrics es URL válida terminada en /metrics
  ✓  links.self y links.metrics comparten el mismo UUID
  ✓  ticker es string no vacío
  ✓  quoteInformation existe y no esta vacio
  ✓  quotedType es valor permitido 
  ✓  quotedAmount es número positivo
  ✓  quoted es string no vacío
  ✓  currency es valor permitido (ARS, USD, BRL)
  ✓  settlementLocation es valor permitido (Local, Extranjero)
  ✓  links existe y es objeto
  ✓  links.self es URL válida con UUID
  ✓  links.metrics es URL válida terminada en /metrics
  ✓  links.self y links.metrics comparten el mismo UUID
  ✓  ticker es string no vacío
  ✓  quoteInformation existe y no esta vacio
  ✓  quotedType es valor permitido 
  ✓  quotedAmount es número positivo
  ✓  quoted es string no vacío
  ✓  currency es valor permitido (ARS, USD, BRL)
  ✓  settlementLocation es valor permitido (Local, Extranjero)
  ✓  links existe y es objeto
  ✓  links.self es URL válida con UUID
  ✓  links.metrics es URL válida terminada en /metrics
  ✓  links.self y links.metrics comparten el mismo UUID

❏ Pepper-GS32 / Regression-Test / Valuation Schemes
↳ Get all valuation schemes
  GET https://api.staging.mercap.com.ar/valuation-schemes [200 OK, 5.25kB, 148ms]
  ✓  Response is received
  ✓  Status code is 200
  ✓  Media-Type is correct
  ✓  Items array is present and not empty
  ✓  No duplicate names in items
  ✓  Links are unique for each item
  ✓  Self link matches expected URL
  ┌
  │ '✔ VALUATION_SCHEMES_UUID seteado: https://api.staging
  │ .mercap.com.ar/valuation-schemes/3082e254-40ce-4d06-b2
  │ df-58b5f14f97ef'
  │ '\n' +
  │   '▶ Testing Item 1 (Esquema Mercado Default Nuevo)'
  └
  ✓  Item 1 (Esquema Mercado Default Nuevo) contains expected properties
  ✓  Item 1 (Esquema Mercado Default Nuevo) 'name' is a non-empty string
  ✓  Item 1 (Esquema Mercado Default Nuevo) 'self' link is a valid URL
  GET https://api.staging.mercap.com.ar/valuation-schemes/3082e254-40ce-4d06-b2df-58b5f14f97ef [200 OK, 890B, 157ms]
  ✓  Item 1 (Esquema Mercado Default Nuevo) self link returns status 200
  ┌
  │ '\n▶ Testing Item 2 (Valuacion BYMA ARS)'
  └
  ✓  Item 2 (Valuacion BYMA ARS) contains expected properties
  ✓  Item 2 (Valuacion BYMA ARS) 'name' is a non-empty string
  ✓  Item 2 (Valuacion BYMA ARS) 'self' link is a valid URL
  GET https://api.staging.mercap.com.ar/valuation-schemes/f1552208-5cb2-40aa-9ebf-489a11678bf7 [200 OK, 885B, 199ms]
  ✓  Item 2 (Valuacion BYMA ARS) self link returns status 200
  ┌
  │ '\n' +
  │   '▶ Testing Item 3 (Valuacion BYMA USD Bolsa)'
  └
  ✓  Item 3 (Valuacion BYMA USD Bolsa) contains expected properties
  ✓  Item 3 (Valuacion BYMA USD Bolsa) 'name' is a non-empty string
  ✓  Item 3 (Valuacion BYMA USD Bolsa) 'self' link is a valid URL
  GET https://api.staging.mercap.com.ar/valuation-schemes/f9eec1df-b8de-4454-bae4-8a1ebf54bb11 [200 OK, 889B, 201ms]
  ✓  Item 3 (Valuacion BYMA USD Bolsa) self link returns status 200
  ┌
  │ '\n' +
  │   '▶ Testing Item 4 (Valuacion BYMA USD Cable)'
  └
  ✓  Item 4 (Valuacion BYMA USD Cable) contains expected properties
  ✓  Item 4 (Valuacion BYMA USD Cable) 'name' is a non-empty string
  ✓  Item 4 (Valuacion BYMA USD Cable) 'self' link is a valid URL
  GET https://api.staging.mercap.com.ar/valuation-schemes/5072d341-e66f-439b-b759-9140f80ccd8c [200 OK, 895B, 184ms]
  ✓  Item 4 (Valuacion BYMA USD Cable) self link returns status 200
  ┌
  │ '\n▶ Testing Item 5 (Valuación ISIN - CLP)'
  └
  ✓  Item 5 (Valuación ISIN - CLP) contains expected properties
  ✓  Item 5 (Valuación ISIN - CLP) 'name' is a non-empty string
  ✓  Item 5 (Valuación ISIN - CLP) 'self' link is a valid URL
  GET https://api.staging.mercap.com.ar/valuation-schemes/8baf19d7-b1be-4fbd-aef8-bc857f604e46 [200 OK, 890B, 201ms]
  ✓  Item 5 (Valuación ISIN - CLP) self link returns status 200
  ┌
  │ '\n▶ Testing Item 6 (Valuación ISIN - EUR)'
  └
  ✓  Item 6 (Valuación ISIN - EUR) contains expected properties
  ✓  Item 6 (Valuación ISIN - EUR) 'name' is a non-empty string
  ✓  Item 6 (Valuación ISIN - EUR) 'self' link is a valid URL
  GET https://api.staging.mercap.com.ar/valuation-schemes/b79d71ac-1319-42b9-a6a9-b58456e41699 [200 OK, 888B, 121ms]
  ✓  Item 6 (Valuación ISIN - EUR) self link returns status 200
  ┌
  │ '\n▶ Testing Item 7 (Valuación ISIN - GBP)'
  └
  ✓  Item 7 (Valuación ISIN - GBP) contains expected properties
  ✓  Item 7 (Valuación ISIN - GBP) 'name' is a non-empty string
  ✓  Item 7 (Valuación ISIN - GBP) 'self' link is a valid URL
  GET https://api.staging.mercap.com.ar/valuation-schemes/e56546cd-f85f-4ae4-9ddd-c37c08cf9c33 [200 OK, 888B, 175ms]
  ✓  Item 7 (Valuación ISIN - GBP) self link returns status 200
  ┌
  │ '\n▶ Testing Item 8 (Valuación ISIN - PYG)'
  └
  ✓  Item 8 (Valuación ISIN - PYG) contains expected properties
  ✓  Item 8 (Valuación ISIN - PYG) 'name' is a non-empty string
  ✓  Item 8 (Valuación ISIN - PYG) 'self' link is a valid URL
  GET https://api.staging.mercap.com.ar/valuation-schemes/989d7d2e-0e19-4147-8079-eb58f0992789 [200 OK, 882B, 101ms]
  ✓  Item 8 (Valuación ISIN - PYG) self link returns status 200
  ┌
  │ '\n▶ Testing Item 9 (Valuacion ISIN - USD)'
  └
  ✓  Item 9 (Valuacion ISIN - USD) contains expected properties
  ✓  Item 9 (Valuacion ISIN - USD) 'name' is a non-empty string
  ✓  Item 9 (Valuacion ISIN - USD) 'self' link is a valid URL
  GET https://api.staging.mercap.com.ar/valuation-schemes/d88805b9-4869-4672-a367-52d5a3e92dba [200 OK, 889B, 209ms]
  ✓  Item 9 (Valuacion ISIN - USD) self link returns status 200
  ┌
  │ '\n' +
  │   '▶ Testing Item 10 (Valuacion BYMA ARS + Instrumento
  │ s No Liquidos - USD MEP)'
  └
  ✓  Item 10 (Valuacion BYMA ARS + Instrumentos No Liquidos - USD MEP) contains expected properties
  ✓  Item 10 (Valuacion BYMA ARS + Instrumentos No Liquidos - USD MEP) 'name' is a non-empty string
  ✓  Item 10 (Valuacion BYMA ARS + Instrumentos No Liquidos - USD MEP) 'self' link is a valid URL
  GET https://api.staging.mercap.com.ar/valuation-schemes/0c023c86-2bba-4784-906e-ba295da322c0 [200 OK, 918B, 182ms]
  ✓  Item 10 (Valuacion BYMA ARS + Instrumentos No Liquidos - USD MEP) self link returns status 200
  ┌
  │ '\n' +
  │   '▶ Testing Item 11 (Valucion Tecnica Instrumentos No
  │  Liquidos)'
  └
  ✓  Item 11 (Valucion Tecnica Instrumentos No Liquidos) contains expected properties
  ✓  Item 11 (Valucion Tecnica Instrumentos No Liquidos) 'name' is a non-empty string
  ✓  Item 11 (Valucion Tecnica Instrumentos No Liquidos) 'self' link is a valid URL
  GET https://api.staging.mercap.com.ar/valuation-schemes/5e97d0ac-ff92-41b4-adc9-607e24798066 [200 OK, 908B, 95ms]
  ✓  Item 11 (Valucion Tecnica Instrumentos No Liquidos) self link returns status 200
  ┌
  │ '\n' +
  │   '▶ Testing Item 12 (Valuacion BYMA ARS + Instrumento
  │ s No Liquidos - USD Oficial)'
  └
  ✓  Item 12 (Valuacion BYMA ARS + Instrumentos No Liquidos - USD Oficial) contains expected properties
  ✓  Item 12 (Valuacion BYMA ARS + Instrumentos No Liquidos - USD Oficial) 'name' is a non-empty string
  ✓  Item 12 (Valuacion BYMA ARS + Instrumentos No Liquidos - USD Oficial) 'self' link is a valid URL
  GET https://api.staging.mercap.com.ar/valuation-schemes/5792abb7-7d88-4533-afeb-de2137b6e553 [200 OK, 926B, 94ms]
  ✓  Item 12 (Valuacion BYMA ARS + Instrumentos No Liquidos - USD Oficial) self link returns status 200
  ┌
  │ '\n▶ Testing Item 13 (Brasil)'
  └
  ✓  Item 13 (Brasil) contains expected properties
  ✓  Item 13 (Brasil) 'name' is a non-empty string
  ✓  Item 13 (Brasil) 'self' link is a valid URL
  GET https://api.staging.mercap.com.ar/valuation-schemes/defd88c7-32a9-4765-a945-41c0e7d74fd8 [200 OK, 877B, 100ms]
  ✓  Item 13 (Brasil) self link returns status 200
  ┌
  │ '\n' +
  │   '▶ Testing Item 14 (Valuacion BYMA ARS + Instrumento
  │ s No Liquidos - USD CCL)'
  └
  ✓  Item 14 (Valuacion BYMA ARS + Instrumentos No Liquidos - USD CCL) contains expected properties
  ✓  Item 14 (Valuacion BYMA ARS + Instrumentos No Liquidos - USD CCL) 'name' is a non-empty string
  ✓  Item 14 (Valuacion BYMA ARS + Instrumentos No Liquidos - USD CCL) 'self' link is a valid URL
  GET https://api.staging.mercap.com.ar/valuation-schemes/d6358214-68de-479c-bddb-edb7cf5a0bec [200 OK, 920B, 297ms]
  ✓  Item 14 (Valuacion BYMA ARS + Instrumentos No Liquidos - USD CCL) self link returns status 200
  ┌
  │ '\n' +
  │   '▶ Testing Item 15 (Valuacion Tecnica Bonos CER)'
  └
  ✓  Item 15 (Valuacion Tecnica Bonos CER) contains expected properties
  ✓  Item 15 (Valuacion Tecnica Bonos CER) 'name' is a non-empty string
  ✓  Item 15 (Valuacion Tecnica Bonos CER) 'self' link is a valid URL
  GET https://api.staging.mercap.com.ar/valuation-schemes/9093cb69-0fef-4e29-a53e-a597aef4f115 [200 OK, 896B, 198ms]
  ✓  Item 15 (Valuacion Tecnica Bonos CER) self link returns status 200
  ┌
  │ '\n' +
  │   '▶ Testing Item 16 ((AV) Valuacion BYMA ARS + Instru
  │ mentos No Liquidos VT - USD MEP)'
  └
  ✓  Item 16 ((AV) Valuacion BYMA ARS + Instrumentos No Liquidos VT - USD MEP) contains expected properties
  ✓  Item 16 ((AV) Valuacion BYMA ARS + Instrumentos No Liquidos VT - USD MEP) 'name' is a non-empty string
  ✓  Item 16 ((AV) Valuacion BYMA ARS + Instrumentos No Liquidos VT - USD MEP) 'self' link is a valid URL
  GET https://api.staging.mercap.com.ar/valuation-schemes/66b74cee-6431-4f80-a282-f536276d9516 [200 OK, 930B, 198ms]
  ✓  Item 16 ((AV) Valuacion BYMA ARS + Instrumentos No Liquidos VT - USD MEP) self link returns status 200
  ┌
  │ '\n' +
  │   '▶ Testing Item 17 ((AV) Valuacion BYMA ARS + Instru
  │ mentos No Liquidos VT - USD CCL)'
  └
  ✓  Item 17 ((AV) Valuacion BYMA ARS + Instrumentos No Liquidos VT - USD CCL) contains expected properties
  ✓  Item 17 ((AV) Valuacion BYMA ARS + Instrumentos No Liquidos VT - USD CCL) 'name' is a non-empty string
  ✓  Item 17 ((AV) Valuacion BYMA ARS + Instrumentos No Liquidos VT - USD CCL) 'self' link is a valid URL
  GET https://api.staging.mercap.com.ar/valuation-schemes/434fb1df-45ec-483b-b786-058f0cb829e3 [200 OK, 932B, 104ms]
  ✓  Item 17 ((AV) Valuacion BYMA ARS + Instrumentos No Liquidos VT - USD CCL) self link returns status 200
  ┌
  │ '\n' +
  │   '▶ Testing Item 18 ((AV) Valuacion BYMA ARS + Instru
  │ mentos No Liquidos VT - USD Oficial)'
  └
  ✓  Item 18 ((AV) Valuacion BYMA ARS + Instrumentos No Liquidos VT - USD Oficial) contains expected properties
  ✓  Item 18 ((AV) Valuacion BYMA ARS + Instrumentos No Liquidos VT - USD Oficial) 'name' is a non-empty string
  ✓  Item 18 ((AV) Valuacion BYMA ARS + Instrumentos No Liquidos VT - USD Oficial) 'self' link is a valid URL
  GET https://api.staging.mercap.com.ar/valuation-schemes/bfa1c297-5f18-404c-873c-eb6a952994a4 [200 OK, 932B, 192ms]
  ✓  Item 18 ((AV) Valuacion BYMA ARS + Instrumentos No Liquidos VT - USD Oficial) self link returns status 200
  ┌
  │ '\n' +
  │   '▶ Testing Item 19 (Valuacion BYMA USD + Instrumento
  │ s No Liquidos - USD MEP)'
  └
  ✓  Item 19 (Valuacion BYMA USD + Instrumentos No Liquidos - USD MEP) contains expected properties
  ✓  Item 19 (Valuacion BYMA USD + Instrumentos No Liquidos - USD MEP) 'name' is a non-empty string
  ✓  Item 19 (Valuacion BYMA USD + Instrumentos No Liquidos - USD MEP) 'self' link is a valid URL
  GET https://api.staging.mercap.com.ar/valuation-schemes/5c659860-3ecf-4574-9c64-cf6e08ede086 [200 OK, 920B, 202ms]
  ✓  Item 19 (Valuacion BYMA USD + Instrumentos No Liquidos - USD MEP) self link returns status 200
  ┌
  │ '\n' +
  │   '▶ Testing Item 20 (Valuacion BYMA USD + Instrumento
  │ s No Liquidos - USD Oficial)'
  └
  ✓  Item 20 (Valuacion BYMA USD + Instrumentos No Liquidos - USD Oficial) contains expected properties
  ✓  Item 20 (Valuacion BYMA USD + Instrumentos No Liquidos - USD Oficial) 'name' is a non-empty string
  ✓  Item 20 (Valuacion BYMA USD + Instrumentos No Liquidos - USD Oficial) 'self' link is a valid URL
  GET https://api.staging.mercap.com.ar/valuation-schemes/c45389ee-a34c-4c7b-a427-ef0d9d184297 [200 OK, 932B, 196ms]
  ✓  Item 20 (Valuacion BYMA USD + Instrumentos No Liquidos - USD Oficial) self link returns status 200
  ┌
  │ '\n' +
  │   '▶ Testing Item 21 (Valuacion BYMA USD + Instrumento
  │ s No Liquidos - USD CCL)'
  └
  ✓  Item 21 (Valuacion BYMA USD + Instrumentos No Liquidos - USD CCL) contains expected properties
  ✓  Item 21 (Valuacion BYMA USD + Instrumentos No Liquidos - USD CCL) 'name' is a non-empty string
  ✓  Item 21 (Valuacion BYMA USD + Instrumentos No Liquidos - USD CCL) 'self' link is a valid URL
  GET https://api.staging.mercap.com.ar/valuation-schemes/73f92601-22f0-4ced-bac1-dc149c5db36e [200 OK, 918B, 95ms]
  ✓  Item 21 (Valuacion BYMA USD + Instrumentos No Liquidos - USD CCL) self link returns status 200
  ┌
  │ '\n' +
  │   '▶ Testing Item 22 (Valuacion Tenica Bonos)'
  └
  ✓  Item 22 (Valuacion Tenica Bonos) contains expected properties
  ✓  Item 22 (Valuacion Tenica Bonos) 'name' is a non-empty string
  ✓  Item 22 (Valuacion Tenica Bonos) 'self' link is a valid URL
  GET https://api.staging.mercap.com.ar/valuation-schemes/161e4468-60b8-4f75-aae7-c9f4637a6258 [200 OK, 889B, 93ms]
  ✓  Item 22 (Valuacion Tenica Bonos) self link returns status 200
  ┌
  │ '\n▶ Testing Item 23 (Valuacion CBONDS)'
  └
  ✓  Item 23 (Valuacion CBONDS) contains expected properties
  ✓  Item 23 (Valuacion CBONDS) 'name' is a non-empty string
  ✓  Item 23 (Valuacion CBONDS) 'self' link is a valid URL
  GET https://api.staging.mercap.com.ar/valuation-schemes/cd9c07ec-a9ec-4469-a0b9-efd63f8c771c [200 OK, 893B, 197ms]
  ✓  Item 23 (Valuacion CBONDS) self link returns status 200
  ┌
  │ '\n' +
  │   '▶ Testing Item 24 ((LH) Valuacion BYMA ARS - USD BN
  │ A Compra)'
  └
  ✓  Item 24 ((LH) Valuacion BYMA ARS - USD BNA Compra) contains expected properties
  ✓  Item 24 ((LH) Valuacion BYMA ARS - USD BNA Compra) 'name' is a non-empty string
  ✓  Item 24 ((LH) Valuacion BYMA ARS - USD BNA Compra) 'self' link is a valid URL
  GET https://api.staging.mercap.com.ar/valuation-schemes/f4c7aca1-f8f3-4dfc-8189-f54414e038e2 [200 OK, 907B, 96ms]
  ✓  Item 24 ((LH) Valuacion BYMA ARS - USD BNA Compra) self link returns status 200
  ┌
  │ '\n' +
  │   '▶ Testing Item 25 ((LH) Valuacion BYMA ARS - USD ME
  │ P)'
  └
  ✓  Item 25 ((LH) Valuacion BYMA ARS - USD MEP) contains expected properties
  ✓  Item 25 ((LH) Valuacion BYMA ARS - USD MEP) 'name' is a non-empty string
  ✓  Item 25 ((LH) Valuacion BYMA ARS - USD MEP) 'self' link is a valid URL
  GET https://api.staging.mercap.com.ar/valuation-schemes/915dfd79-e2a9-44f1-a33f-b4b6a4276d20 [200 OK, 898B, 198ms]
  ✓  Item 25 ((LH) Valuacion BYMA ARS - USD MEP) self link returns status 200
  ┌
  │ '\n' +
  │   '▶ Testing Item 26 (Valuacion BYMA ARS + Instrumento
  │ s No Liquidos - USD BNA)'
  └
  ✓  Item 26 (Valuacion BYMA ARS + Instrumentos No Liquidos - USD BNA) contains expected properties
  ✓  Item 26 (Valuacion BYMA ARS + Instrumentos No Liquidos - USD BNA) 'name' is a non-empty string
  ✓  Item 26 (Valuacion BYMA ARS + Instrumentos No Liquidos - USD BNA) 'self' link is a valid URL
  GET https://api.staging.mercap.com.ar/valuation-schemes/54ab04bb-99f2-4cb6-b2b1-7926a9403be7 [200 OK, 924B, 206ms]
  ✓  Item 26 (Valuacion BYMA ARS + Instrumentos No Liquidos - USD BNA) self link returns status 200
  ┌
  │ '\n' +
  │   '▶ Testing Item 27 ((OL) Valuacion BYMA  ARS - USD B
  │ NA Venta)'
  └
  ✓  Item 27 ((OL) Valuacion BYMA  ARS - USD BNA Venta) contains expected properties
  ✓  Item 27 ((OL) Valuacion BYMA  ARS - USD BNA Venta) 'name' is a non-empty string
  ✓  Item 27 ((OL) Valuacion BYMA  ARS - USD BNA Venta) 'self' link is a valid URL
  GET https://api.staging.mercap.com.ar/valuation-schemes/add50e16-acf7-4e05-b6da-878bb2a2213e [200 OK, 903B, 304ms]
  ✓  Item 27 ((OL) Valuacion BYMA  ARS - USD BNA Venta) self link returns status 200
  ┌
  │ '\n' +
  │   '▶ Testing Item 28 ((OL) Valuacion BYMA USD - USD BN
  │ A Venta)'
  └
  ✓  Item 28 ((OL) Valuacion BYMA USD - USD BNA Venta) contains expected properties
  ✓  Item 28 ((OL) Valuacion BYMA USD - USD BNA Venta) 'name' is a non-empty string
  ✓  Item 28 ((OL) Valuacion BYMA USD - USD BNA Venta) 'self' link is a valid URL
  GET https://api.staging.mercap.com.ar/valuation-schemes/be635bcc-8f01-49df-971c-45b50fe8089c [200 OK, 908B, 183ms]
  ✓  Item 28 ((OL) Valuacion BYMA USD - USD BNA Venta) self link returns status 200
  ┌
  │ '✔ Finished testing valuation schemes'
  └

↳ Get valuation schemes by UUID
  GET https://api.staging.mercap.com.ar/valuation-schemes/3082e254-40ce-4d06-b2df-58b5f14f97ef [200 OK, 906B, 58ms]
  ✓  Response is received
  ✓  Status code is 200
  ✓  Media-Type is correct
  ┌
  │ 'Response has correct properties.'
  └
  ✓  Response has correct properties
  ┌
  │ 'Self link is correct:', 'https://api.staging.mercap.c
  │ om.ar/valuation-schemes/3082e254-40ce-4d06-b2df-58b5f1
  │ 4f97ef'
  └
  ✓  Self link is correct

❏ Pepper-GS32 / Regression-Test / Yield Curves
↳ Get all yield curves - validate each self link
  GET https://api.staging.mercap.com.ar/yield-curves [200 OK, 21.45kB, 115ms]
  ✓  Response is received
  ✓  Status code is 200
  ✓  Response contains 'items' array with at least one element
  ✓  No fields are null
  ┌
  │ '🔎 Testing Item 1 (Argentina - BCRA - BOPREALs - USD)
  │ '
  └
  ✓  Item 1 (Argentina - BCRA - BOPREALs - USD) contains expected properties
  ✓  Item 1 (Argentina - BCRA - BOPREALs - USD) 'name' is a non-empty string
  ✓  Item 1 (Argentina - BCRA - BOPREALs - USD) links contain valid URLs
  GET https://api.staging.mercap.com.ar/yield-curves/c7955d2f-7731-43c4-80ec-fd70662ec57f [200 OK, 1.24kB, 272ms]
  ✓  Item 1 (Argentina - BCRA - BOPREALs - USD) self link returns 200
  ┌
  │ '🔎 Testing Item 2 (Argentina - Corporativos - Aliment
  │ os - USD\t)'
  └
  ✓  Item 2 (Argentina - Corporativos - Alimentos - USD	) contains expected properties
  ✓  Item 2 (Argentina - Corporativos - Alimentos - USD	) 'name' is a non-empty string
  ✓  Item 2 (Argentina - Corporativos - Alimentos - USD	) links contain valid URLs
  GET https://api.staging.mercap.com.ar/yield-curves/fefe3e07-ef73-491d-836e-6295a611487e [200 OK, 1.25kB, 19.1s]
  ✓  Item 2 (Argentina - Corporativos - Alimentos - USD	) self link returns 200
  ┌
  │ '🔎 Testing Item 3 (Argentina - Corporativos - Bancos 
  │ Comerciales - Tasa TAMAR\t)'
  └
  ✓  Item 3 (Argentina - Corporativos - Bancos Comerciales - Tasa TAMAR	) contains expected properties
  ✓  Item 3 (Argentina - Corporativos - Bancos Comerciales - Tasa TAMAR	) 'name' is a non-empty string
  ✓  Item 3 (Argentina - Corporativos - Bancos Comerciales - Tasa TAMAR	) links contain valid URLs
  GET https://api.staging.mercap.com.ar/yield-curves/b14671bb-771e-43be-a110-e22fa5f1181b [503 Service Unavailable, 586B, 159ms]
  1. Item 3 (Argentina - Corporativos - Bancos Comerciales - Tasa TAMAR	) self link returns 200
  ┌
  │ '🔎 Testing Item 4 (Argentina - Corporativos - Bancos 
  │ Comerciales - USD\t)'
  └
  ✓  Item 4 (Argentina - Corporativos - Bancos Comerciales - USD	) contains expected properties
  ✓  Item 4 (Argentina - Corporativos - Bancos Comerciales - USD	) 'name' is a non-empty string
  ✓  Item 4 (Argentina - Corporativos - Bancos Comerciales - USD	) links contain valid URLs
  GET https://api.staging.mercap.com.ar/yield-curves/3eb6de95-31e7-4e1f-9f72-e59a49e7a246 [503 Service Unavailable, 594B, 49ms]
  2. Item 4 (Argentina - Corporativos - Bancos Comerciales - USD	) self link returns 200
  ┌
  │ '🔎 Testing Item 5 (Argentina - Corporativos - Desarro
  │ llo y Admin. de Bienes Inmobiliarios - USD\t)'
  └
  ✓  Item 5 (Argentina - Corporativos - Desarrollo y Admin. de Bienes Inmobiliarios - USD	) contains expected properties
  ✓  Item 5 (Argentina - Corporativos - Desarrollo y Admin. de Bienes Inmobiliarios - USD	) 'name' is a non-empty string
  ✓  Item 5 (Argentina - Corporativos - Desarrollo y Admin. de Bienes Inmobiliarios - USD	) links contain valid URLs
  GET https://api.staging.mercap.com.ar/yield-curves/9c5949e1-fc58-4755-bbd1-149b880df9f3 [503 Service Unavailable, 590B, 48ms]
  3. Item 5 (Argentina - Corporativos - Desarrollo y Admin. de Bienes Inmobiliarios - USD	) self link returns 200
  ┌
  │ '🔎 Testing Item 6 (Argentina - Corporativos - Metales
  │  y Mineria - USD\t)'
  └
  ✓  Item 6 (Argentina - Corporativos - Metales y Mineria - USD	) contains expected properties
  ✓  Item 6 (Argentina - Corporativos - Metales y Mineria - USD	) 'name' is a non-empty string
  ✓  Item 6 (Argentina - Corporativos - Metales y Mineria - USD	) links contain valid URLs
  GET https://api.staging.mercap.com.ar/yield-curves/9a0416e2-c4b3-4010-9480-41100aa00612 [503 Service Unavailable, 598B, 53ms]
  4. Item 6 (Argentina - Corporativos - Metales y Mineria - USD	) self link returns 200
  ┌
  │ '🔎 Testing Item 7 (Argentina - Corporativos - ONs Dol
  │ lar Linked cero cupon - ARS)'
  └
  ✓  Item 7 (Argentina - Corporativos - ONs Dollar Linked cero cupon - ARS) contains expected properties
  ✓  Item 7 (Argentina - Corporativos - ONs Dollar Linked cero cupon - ARS) 'name' is a non-empty string
  ✓  Item 7 (Argentina - Corporativos - ONs Dollar Linked cero cupon - ARS) links contain valid URLs
  GET https://api.staging.mercap.com.ar/yield-curves/067f21ab-6ee5-480a-8983-eae81a9905f9 [503 Service Unavailable, 594B, 54ms]
  5. Item 7 (Argentina - Corporativos - ONs Dollar Linked cero cupon - ARS) self link returns 200
  ┌
  │ '🔎 Testing Item 8 (Argentina - Corporativos - ONs Dol
  │ lar Linked con cupones - ARS)'
  └
  ✓  Item 8 (Argentina - Corporativos - ONs Dollar Linked con cupones - ARS) contains expected properties
  ✓  Item 8 (Argentina - Corporativos - ONs Dollar Linked con cupones - ARS) 'name' is a non-empty string
  ✓  Item 8 (Argentina - Corporativos - ONs Dollar Linked con cupones - ARS) links contain valid URLs
  GET https://api.staging.mercap.com.ar/yield-curves/827b8d5e-06ae-43cb-ad7e-bfda0f85c1ba [503 Service Unavailable, 590B, 51ms]
  6. Item 8 (Argentina - Corporativos - ONs Dollar Linked con cupones - ARS) self link returns 200
  ┌
  │ '🔎 Testing Item 9 (Argentina - Corporativos - ONs en 
  │ UVA - ARS)'
  └
  ✓  Item 9 (Argentina - Corporativos - ONs en UVA - ARS) contains expected properties
  ✓  Item 9 (Argentina - Corporativos - ONs en UVA - ARS) 'name' is a non-empty string
  ✓  Item 9 (Argentina - Corporativos - ONs en UVA - ARS) links contain valid URLs
  GET https://api.staging.mercap.com.ar/yield-curves/c93100f0-4113-4e99-a8f4-26bb00a60562 [503 Service Unavailable, 586B, 60ms]
  7. Item 9 (Argentina - Corporativos - ONs en UVA - ARS) self link returns 200
  ┌
  │ '🔎 Testing Item 10 (Argentina - Corporativos - ONs Le
  │ y Argentina - USD en Argentina)'
  └
  ✓  Item 10 (Argentina - Corporativos - ONs Ley Argentina - USD en Argentina) contains expected properties
  ✓  Item 10 (Argentina - Corporativos - ONs Ley Argentina - USD en Argentina) 'name' is a non-empty string
  ✓  Item 10 (Argentina - Corporativos - ONs Ley Argentina - USD en Argentina) links contain valid URLs
  GET https://api.staging.mercap.com.ar/yield-curves/592b2907-1322-490b-88e9-b4b8f9eb3560 [503 Service Unavailable, 594B, 54ms]
  8. Item 10 (Argentina - Corporativos - ONs Ley Argentina - USD en Argentina) self link returns 200
  ┌
  │ '🔎 Testing Item 11 (Argentina - Corporativos - ONs Le
  │ y Argentina - USD en el Exterior)'
  └
  ✓  Item 11 (Argentina - Corporativos - ONs Ley Argentina - USD en el Exterior) contains expected properties
  ✓  Item 11 (Argentina - Corporativos - ONs Ley Argentina - USD en el Exterior) 'name' is a non-empty string
  ✓  Item 11 (Argentina - Corporativos - ONs Ley Argentina - USD en el Exterior) links contain valid URLs
  GET https://api.staging.mercap.com.ar/yield-curves/0817836d-c512-4b66-a048-0aa6346020f3 [503 Service Unavailable, 586B, 63ms]
  9. Item 11 (Argentina - Corporativos - ONs Ley Argentina - USD en el Exterior) self link returns 200
  ┌
  │ '🔎 Testing Item 12 (Argentina - Corporativos - ONs Le
  │ y Extranjera - USD)'
  └
  ✓  Item 12 (Argentina - Corporativos - ONs Ley Extranjera - USD) contains expected properties
  ✓  Item 12 (Argentina - Corporativos - ONs Ley Extranjera - USD) 'name' is a non-empty string
  ✓  Item 12 (Argentina - Corporativos - ONs Ley Extranjera - USD) links contain valid URLs
  GET https://api.staging.mercap.com.ar/yield-curves/45ef3a43-28cc-4878-9329-cbed2dacc258 [503 Service Unavailable, 590B, 75ms]
 10. Item 12 (Argentina - Corporativos - ONs Ley Extranjera - USD) self link returns 200
  ┌
  │ '🔎 Testing Item 13 (Argentina - Corporativos - ONs TA
  │ MAR - ARS)'
  └
  ✓  Item 13 (Argentina - Corporativos - ONs TAMAR - ARS) contains expected properties
  ✓  Item 13 (Argentina - Corporativos - ONs TAMAR - ARS) 'name' is a non-empty string
  ✓  Item 13 (Argentina - Corporativos - ONs TAMAR - ARS) links contain valid URLs
  GET https://api.staging.mercap.com.ar/yield-curves/d35422e9-f639-4ee8-8654-1d489e0af78e [503 Service Unavailable, 600B, 61ms]
 11. Item 13 (Argentina - Corporativos - ONs TAMAR - ARS) self link returns 200
  ┌
  │ '🔎 Testing Item 14 (Argentina - Corporativos - Petrol
  │ eo, Gas y Combustibles - USD\t)'
  └
  ✓  Item 14 (Argentina - Corporativos - Petroleo, Gas y Combustibles - USD	) contains expected properties
  ✓  Item 14 (Argentina - Corporativos - Petroleo, Gas y Combustibles - USD	) 'name' is a non-empty string
  ✓  Item 14 (Argentina - Corporativos - Petroleo, Gas y Combustibles - USD	) links contain valid URLs
  GET https://api.staging.mercap.com.ar/yield-curves/562ff5d6-a30e-4e18-a181-985dc783e842 [503 Service Unavailable, 594B, 72ms]
 12. Item 14 (Argentina - Corporativos - Petroleo, Gas y Combustibles - USD	) self link returns 200
  ┌
  │ '🔎 Testing Item 15 (Argentina - Corporativos - Produc
  │ tos Quimicos - USD\t)'
  └
  ✓  Item 15 (Argentina - Corporativos - Productos Quimicos - USD	) contains expected properties
  ✓  Item 15 (Argentina - Corporativos - Productos Quimicos - USD	) 'name' is a non-empty string
  ✓  Item 15 (Argentina - Corporativos - Productos Quimicos - USD	) links contain valid URLs
  GET https://api.staging.mercap.com.ar/yield-curves/a46c78e3-71d2-483b-ab4d-497c18be5378 [503 Service Unavailable, 592B, 63ms]
 13. Item 15 (Argentina - Corporativos - Productos Quimicos - USD	) self link returns 200
  ┌
  │ '🔎 Testing Item 16 (Argentina - Corporativos - Servic
  │ ios de Telecomunicaciones Diversos - USD\t)'
  └
  ✓  Item 16 (Argentina - Corporativos - Servicios de Telecomunicaciones Diversos - USD	) contains expected properties
  ✓  Item 16 (Argentina - Corporativos - Servicios de Telecomunicaciones Diversos - USD	) 'name' is a non-empty string
  ✓  Item 16 (Argentina - Corporativos - Servicios de Telecomunicaciones Diversos - USD	) links contain valid URLs
  GET https://api.staging.mercap.com.ar/yield-curves/65f4c86f-5f55-4a03-a3db-d223ec88acf1 [503 Service Unavailable, 584B, 69ms]
 14. Item 16 (Argentina - Corporativos - Servicios de Telecomunicaciones Diversos - USD	) self link returns 200
  ┌
  │ '🔎 Testing Item 17 (Argentina - Corporativos - Servic
  │ ios Financieros Personales - USD\t)'
  └
  ✓  Item 17 (Argentina - Corporativos - Servicios Financieros Personales - USD	) contains expected properties
  ✓  Item 17 (Argentina - Corporativos - Servicios Financieros Personales - USD	) 'name' is a non-empty string
  ✓  Item 17 (Argentina - Corporativos - Servicios Financieros Personales - USD	) links contain valid URLs
  GET https://api.staging.mercap.com.ar/yield-curves/89e1fa10-5fe8-4b2d-9e42-70767154759c [503 Service Unavailable, 592B, 62ms]
 15. Item 17 (Argentina - Corporativos - Servicios Financieros Personales - USD	) self link returns 200
  ┌
  │ '🔎 Testing Item 18 (Argentina - Corporativos - Sumini
  │ stro Electrico - USD\t)'
  └
  ✓  Item 18 (Argentina - Corporativos - Suministro Electrico - USD	) contains expected properties
  ✓  Item 18 (Argentina - Corporativos - Suministro Electrico - USD	) 'name' is a non-empty string
  ✓  Item 18 (Argentina - Corporativos - Suministro Electrico - USD	) links contain valid URLs
  GET https://api.staging.mercap.com.ar/yield-curves/590a70ce-0175-4679-8409-d8be1dce306d [503 Service Unavailable, 586B, 58ms]
 16. Item 18 (Argentina - Corporativos - Suministro Electrico - USD	) self link returns 200
  ┌
  │ '🔎 Testing Item 19 (Argentina - Corporativos - Transp
  │ ortes - USD\t)'
  └
  ✓  Item 19 (Argentina - Corporativos - Transportes - USD	) contains expected properties
  ✓  Item 19 (Argentina - Corporativos - Transportes - USD	) 'name' is a non-empty string
  ✓  Item 19 (Argentina - Corporativos - Transportes - USD	) links contain valid URLs
  GET https://api.staging.mercap.com.ar/yield-curves/0d88324d-d0bc-4c44-9ff9-fb406dbd880a [503 Service Unavailable, 590B, 57ms]
 17. Item 19 (Argentina - Corporativos - Transportes - USD	) self link returns 200
  ┌
  │ '🔎 Testing Item 20 (Argentina - Soberanos - Bonos del
  │  Tesoro Capitalizables BONCAP - ARS)'
  └
  ✓  Item 20 (Argentina - Soberanos - Bonos del Tesoro Capitalizables BONCAP - ARS) contains expected properties
  ✓  Item 20 (Argentina - Soberanos - Bonos del Tesoro Capitalizables BONCAP - ARS) 'name' is a non-empty string
  ✓  Item 20 (Argentina - Soberanos - Bonos del Tesoro Capitalizables BONCAP - ARS) links contain valid URLs
  GET https://api.staging.mercap.com.ar/yield-curves/7654381b-b94b-44dd-97d2-d6c846ef1046 [503 Service Unavailable, 590B, 60ms]
 18. Item 20 (Argentina - Soberanos - Bonos del Tesoro Capitalizables BONCAP - ARS) self link returns 200
  ┌
  │ '🔎 Testing Item 21 (Argentina - Soberanos - Dollar Li
  │ nked - USD)'
  └
  ✓  Item 21 (Argentina - Soberanos - Dollar Linked - USD) contains expected properties
  ✓  Item 21 (Argentina - Soberanos - Dollar Linked - USD) 'name' is a non-empty string
  ✓  Item 21 (Argentina - Soberanos - Dollar Linked - USD) links contain valid URLs
  GET https://api.staging.mercap.com.ar/yield-curves/f2488f82-4e37-4326-aec7-b7d268d58f3e [503 Service Unavailable, 592B, 49ms]
 19. Item 21 (Argentina - Soberanos - Dollar Linked - USD) self link returns 200
  ┌
  │ '🔎 Testing Item 22 (Argentina - Soberanos - Letras de
  │ l Tesoro (LECER) - ARS )'
  └
  ✓  Item 22 (Argentina - Soberanos - Letras del Tesoro (LECER) - ARS ) contains expected properties
  ✓  Item 22 (Argentina - Soberanos - Letras del Tesoro (LECER) - ARS ) 'name' is a non-empty string
  ✓  Item 22 (Argentina - Soberanos - Letras del Tesoro (LECER) - ARS ) links contain valid URLs
  GET https://api.staging.mercap.com.ar/yield-curves/583f592b-ff37-47ed-a796-698767d4114c [503 Service Unavailable, 588B, 55ms]
 20. Item 22 (Argentina - Soberanos - Letras del Tesoro (LECER) - ARS ) self link returns 200
  ┌
  │ '🔎 Testing Item 23 (Argentina - Soberanos - Letras de
  │ l Tesoro Capitalizables (LECAP) - ARS)'
  └
  ✓  Item 23 (Argentina - Soberanos - Letras del Tesoro Capitalizables (LECAP) - ARS) contains expected properties
  ✓  Item 23 (Argentina - Soberanos - Letras del Tesoro Capitalizables (LECAP) - ARS) 'name' is a non-empty string
  ✓  Item 23 (Argentina - Soberanos - Letras del Tesoro Capitalizables (LECAP) - ARS) links contain valid URLs
  GET https://api.staging.mercap.com.ar/yield-curves/dafe5d79-334c-4861-a28b-8ffeb595abad [503 Service Unavailable, 592B, 53ms]
 21. Item 23 (Argentina - Soberanos - Letras del Tesoro Capitalizables (LECAP) - ARS) self link returns 200
  ┌
  │ '🔎 Testing Item 24 (Argentina - Soberanos - Letras de
  │ l Tesoro vinculadas al u$s (LELINK) - ARS)'
  └
  ✓  Item 24 (Argentina - Soberanos - Letras del Tesoro vinculadas al u$s (LELINK) - ARS) contains expected properties
  ✓  Item 24 (Argentina - Soberanos - Letras del Tesoro vinculadas al u$s (LELINK) - ARS) 'name' is a non-empty string
  ✓  Item 24 (Argentina - Soberanos - Letras del Tesoro vinculadas al u$s (LELINK) - ARS) links contain valid URLs
  GET https://api.staging.mercap.com.ar/yield-curves/3edb7ca4-ff54-496b-bae0-4e1c367b07c6 [503 Service Unavailable, 592B, 51ms]
 22. Item 24 (Argentina - Soberanos - Letras del Tesoro vinculadas al u$s (LELINK) - ARS) self link returns 200
  ┌
  │ '🔎 Testing Item 25 (Argentina - Soberanos - Ley Argen
  │ tina - USD )'
  └
  ✓  Item 25 (Argentina - Soberanos - Ley Argentina - USD ) contains expected properties
  ✓  Item 25 (Argentina - Soberanos - Ley Argentina - USD ) 'name' is a non-empty string
  ✓  Item 25 (Argentina - Soberanos - Ley Argentina - USD ) links contain valid URLs
  GET https://api.staging.mercap.com.ar/yield-curves/1eb1c353-c294-4fee-a932-297f3b11448f [503 Service Unavailable, 592B, 54ms]
 23. Item 25 (Argentina - Soberanos - Ley Argentina - USD ) self link returns 200
  ┌
  │ '🔎 Testing Item 26 (Argentina - Soberanos - Ley Extra
  │ njera - USD)'
  └
  ✓  Item 26 (Argentina - Soberanos - Ley Extranjera - USD) contains expected properties
  ✓  Item 26 (Argentina - Soberanos - Ley Extranjera - USD) 'name' is a non-empty string
  ✓  Item 26 (Argentina - Soberanos - Ley Extranjera - USD) links contain valid URLs
  GET https://api.staging.mercap.com.ar/yield-curves/9d234b34-d635-4ace-bd37-a2a4f2e86faf [503 Service Unavailable, 598B, 58ms]
 24. Item 26 (Argentina - Soberanos - Ley Extranjera - USD) self link returns 200
  ┌
  │ '🔎 Testing Item 27 (Argentina - Soberanos - Tasa Fija
  │  + CER - ARS)'
  └
  ✓  Item 27 (Argentina - Soberanos - Tasa Fija + CER - ARS) contains expected properties
  ✓  Item 27 (Argentina - Soberanos - Tasa Fija + CER - ARS) 'name' is a non-empty string
  ✓  Item 27 (Argentina - Soberanos - Tasa Fija + CER - ARS) links contain valid URLs
  GET https://api.staging.mercap.com.ar/yield-curves/f9c0db3d-9190-4692-9c70-0d7b0eb9e9ee [503 Service Unavailable, 582B, 56ms]
 25. Item 27 (Argentina - Soberanos - Tasa Fija + CER - ARS) self link returns 200
  ┌
  │ '🔎 Testing Item 28 (Argentina - Soberanos - Tasa Fija
  │  - ARS)'
  └
  ✓  Item 28 (Argentina - Soberanos - Tasa Fija - ARS) contains expected properties
  ✓  Item 28 (Argentina - Soberanos - Tasa Fija - ARS) 'name' is a non-empty string
  ✓  Item 28 (Argentina - Soberanos - Tasa Fija - ARS) links contain valid URLs
  GET https://api.staging.mercap.com.ar/yield-curves/8e165b0c-69f7-4ddb-b346-a73b47aeef0e [503 Service Unavailable, 586B, 55ms]
 26. Item 28 (Argentina - Soberanos - Tasa Fija - ARS) self link returns 200
  ┌
  │ '🔎 Testing Item 29 (Argentina - Soberanos - Tasa Flot
  │ ante - ARS)'
  └
  ✓  Item 29 (Argentina - Soberanos - Tasa Flotante - ARS) contains expected properties
  ✓  Item 29 (Argentina - Soberanos - Tasa Flotante - ARS) 'name' is a non-empty string
  ✓  Item 29 (Argentina - Soberanos - Tasa Flotante - ARS) links contain valid URLs
  GET https://api.staging.mercap.com.ar/yield-curves/9bdc4ab6-b86b-43c0-bb1e-f78e4c11ca55 [503 Service Unavailable, 600B, 60ms]
 27. Item 29 (Argentina - Soberanos - Tasa Flotante - ARS) self link returns 200
  ┌
  │ '🔎 Testing Item 30 (Argentina - SubSoberanos - Letras
  │  del Tesoro - ARS)'
  └
  ✓  Item 30 (Argentina - SubSoberanos - Letras del Tesoro - ARS) contains expected properties
  ✓  Item 30 (Argentina - SubSoberanos - Letras del Tesoro - ARS) 'name' is a non-empty string
  ✓  Item 30 (Argentina - SubSoberanos - Letras del Tesoro - ARS) links contain valid URLs
  GET https://api.staging.mercap.com.ar/yield-curves/42e86b66-5c1c-47f4-be5f-29c570268f0e [503 Service Unavailable, 596B, 57ms]
 28. Item 30 (Argentina - SubSoberanos - Letras del Tesoro - ARS) self link returns 200
  ┌
  │ '🔎 Testing Item 31 (Argentina - SubSoberanos - Tasa f
  │ ija + CER - ARS)'
  └
  ✓  Item 31 (Argentina - SubSoberanos - Tasa fija + CER - ARS) contains expected properties
  ✓  Item 31 (Argentina - SubSoberanos - Tasa fija + CER - ARS) 'name' is a non-empty string
  ✓  Item 31 (Argentina - SubSoberanos - Tasa fija + CER - ARS) links contain valid URLs
  GET https://api.staging.mercap.com.ar/yield-curves/74f305c2-b3bc-4f0c-b917-89ae597c3be1 [503 Service Unavailable, 590B, 63ms]
 29. Item 31 (Argentina - SubSoberanos - Tasa fija + CER - ARS) self link returns 200
  ┌
  │ '🔎 Testing Item 32 (Argentina - SubSoberanos - Tasa F
  │ ija - USD)'
  └
  ✓  Item 32 (Argentina - SubSoberanos - Tasa Fija - USD) contains expected properties
  ✓  Item 32 (Argentina - SubSoberanos - Tasa Fija - USD) 'name' is a non-empty string
  ✓  Item 32 (Argentina - SubSoberanos - Tasa Fija - USD) links contain valid URLs
  GET https://api.staging.mercap.com.ar/yield-curves/faba1cba-97a1-4f56-83c5-9ca4e9a5909c [503 Service Unavailable, 588B, 53ms]
 30. Item 32 (Argentina - SubSoberanos - Tasa Fija - USD) self link returns 200
  ┌
  │ '🔎 Testing Item 33 (Argentina - SubSoberanos - Tasa F
  │ lotante - ARS)'
  └
  ✓  Item 33 (Argentina - SubSoberanos - Tasa Flotante - ARS) contains expected properties
  ✓  Item 33 (Argentina - SubSoberanos - Tasa Flotante - ARS) 'name' is a non-empty string
  ✓  Item 33 (Argentina - SubSoberanos - Tasa Flotante - ARS) links contain valid URLs
  GET https://api.staging.mercap.com.ar/yield-curves/9193993e-4b18-4889-94e6-4cefc7485e4a [503 Service Unavailable, 590B, 51ms]
 31. Item 33 (Argentina - SubSoberanos - Tasa Flotante - ARS) self link returns 200
  ┌
  │ '🔎 Testing Item 34 (Brasil - Soberanos - Bonos Global
  │ es - USD)'
  └
  ✓  Item 34 (Brasil - Soberanos - Bonos Globales - USD) contains expected properties
  ✓  Item 34 (Brasil - Soberanos - Bonos Globales - USD) 'name' is a non-empty string
  ✓  Item 34 (Brasil - Soberanos - Bonos Globales - USD) links contain valid URLs
  GET https://api.staging.mercap.com.ar/yield-curves/8217e3c3-7a60-4dc5-a772-856732650b8a [503 Service Unavailable, 594B, 48ms]
 32. Item 34 (Brasil - Soberanos - Bonos Globales - USD) self link returns 200
  ┌
  │ '🔎 Testing Item 35 (Chile - Soberanos - Bonos Globale
  │ s - USD)'
  └
  ✓  Item 35 (Chile - Soberanos - Bonos Globales - USD) contains expected properties
  ✓  Item 35 (Chile - Soberanos - Bonos Globales - USD) 'name' is a non-empty string
  ✓  Item 35 (Chile - Soberanos - Bonos Globales - USD) links contain valid URLs
  GET https://api.staging.mercap.com.ar/yield-curves/577aa710-749c-412f-9cab-7f1ce6379673 [503 Service Unavailable, 602B, 53ms]
 33. Item 35 (Chile - Soberanos - Bonos Globales - USD) self link returns 200
  ┌
  │ '🔎 Testing Item 36 (Colombia - Soberanos - Bonos Glob
  │ ales - USD\t)'
  └
  ✓  Item 36 (Colombia - Soberanos - Bonos Globales - USD	) contains expected properties
  ✓  Item 36 (Colombia - Soberanos - Bonos Globales - USD	) 'name' is a non-empty string
  ✓  Item 36 (Colombia - Soberanos - Bonos Globales - USD	) links contain valid URLs
  GET https://api.staging.mercap.com.ar/yield-curves/8c2d9de4-5cb3-4f2f-85ad-9aee19f88a8e [503 Service Unavailable, 588B, 46ms]
 34. Item 36 (Colombia - Soberanos - Bonos Globales - USD	) self link returns 200
  ┌
  │ '🔎 Testing Item 37 (Estados Unidos - Soberanos - Trea
  │ sury Notes/Bonds - USD)'
  └
  ✓  Item 37 (Estados Unidos - Soberanos - Treasury Notes/Bonds - USD) contains expected properties
  ✓  Item 37 (Estados Unidos - Soberanos - Treasury Notes/Bonds - USD) 'name' is a non-empty string
  ✓  Item 37 (Estados Unidos - Soberanos - Treasury Notes/Bonds - USD) links contain valid URLs
  GET https://api.staging.mercap.com.ar/yield-curves/3e5993cf-64c5-4fa2-ba5b-9fae8bfcd6d5 [503 Service Unavailable, 592B, 48ms]
 35. Item 37 (Estados Unidos - Soberanos - Treasury Notes/Bonds - USD) self link returns 200
  ┌
  │ '🔎 Testing Item 38 (Mexico - Soberanos - Bonos Global
  │ es - USD)'
  └
  ✓  Item 38 (Mexico - Soberanos - Bonos Globales - USD) contains expected properties
  ✓  Item 38 (Mexico - Soberanos - Bonos Globales - USD) 'name' is a non-empty string
  ✓  Item 38 (Mexico - Soberanos - Bonos Globales - USD) links contain valid URLs
  GET https://api.staging.mercap.com.ar/yield-curves/86a282be-f60d-4cd6-be14-b1fd2871ba9b [503 Service Unavailable, 588B, 64ms]
 36. Item 38 (Mexico - Soberanos - Bonos Globales - USD) self link returns 200
  ┌
  │ '🔎 Testing Item 39 (Paraguay - Soberanos - Bonos Glob
  │ ales - USD)'
  └
  ✓  Item 39 (Paraguay - Soberanos - Bonos Globales - USD) contains expected properties
  ✓  Item 39 (Paraguay - Soberanos - Bonos Globales - USD) 'name' is a non-empty string
  ✓  Item 39 (Paraguay - Soberanos - Bonos Globales - USD) links contain valid URLs
  GET https://api.staging.mercap.com.ar/yield-curves/b0d8c01d-972c-4e1e-97e9-1edcaffb2b20 [503 Service Unavailable, 584B, 51ms]
 37. Item 39 (Paraguay - Soberanos - Bonos Globales - USD) self link returns 200

❏ Pepper-GS32 / Regression-Test / Bond Groups
↳ Get all bond groups
  GET https://api.staging.mercap.com.ar/bond-groups [503 Service Unavailable, 584B, 45ms]
 38. Response is received and status is 200
 39. Media-Type is correct
 40⠄ JSONError in test-script

↳ Get bond groups by UUID
  ┌
  │ "⚠️ Saltando 'Get bond groups by UUID' por ubicación o
  │  falta de variable."
  └
  GET  [errored]
     runtime:extensions~request: request url is empty
 42. Response is received
 43. Status code is 200
 44. Media-Type is correct
 45⠄ JSONError in test-script

┌─────────────────────────┬─────────────────────┬────────────────────┐
│                         │            executed │             failed │
├─────────────────────────┼─────────────────────┼────────────────────┤
│              iterations │                   1 │                  0 │
├─────────────────────────┼─────────────────────┼────────────────────┤
│                requests │                 238 │                  1 │
├─────────────────────────┼─────────────────────┼────────────────────┤
│            test-scripts │                 212 │                  2 │
├─────────────────────────┼─────────────────────┼────────────────────┤
│      prerequest-scripts │                 192 │                  0 │
├─────────────────────────┼─────────────────────┼────────────────────┤
│              assertions │                1119 │                 42 │
├─────────────────────────┴─────────────────────┴────────────────────┤
│ total run duration: 3m 27.9s                                       │
├────────────────────────────────────────────────────────────────────┤
│ total data received: 997.99kB (approx)                             │
├────────────────────────────────────────────────────────────────────┤
│ average response time: 427ms [min: 39ms, max: 19.1s, s.d.: 1497ms] │
└────────────────────────────────────────────────────────────────────┘
